"title","title-2","length"
"Chamber Italian","Resurrection Silverado",117
"Chamber Italian","Magic Mallrats",117
"Chamber Italian","Graffiti Love",117
"Chamber Italian","Affair Prejudice",117
"Grosse Wonderful","Hurricane Affair",49
"Grosse Wonderful","Hook Chariots",49
"Grosse Wonderful","Heavenly Gun",49
"Grosse Wonderful","Doors President",49
"Airport Pollock","Sense Greek",54
"Airport Pollock","October Submarine",54
"Airport Pollock","Kill Brotherhood",54
"Airport Pollock","Juggler Hardly",54
"Airport Pollock","Go Purple",54
"Bright Encounters","Wake Jaws",73
"Bright Encounters","Valley Packer",73
"Bright Encounters","Streetcar Intentions",73
"Bright Encounters","Salute Apollo",73
"Bright Encounters","Rebel Airport",73
"Bright Encounters","Random Go",73
"Bright Encounters","Musketeers Wait",73
"Bright Encounters","Godfather Diary",73
"Bright Encounters","Frida Slipper",73
"Bright Encounters","Brotherhood Blanket",73
"Bright Encounters","Bedazzled Married",73
"Academy Dinosaur","Yentl Idaho",86
"Academy Dinosaur","Midnight Westward",86
"Academy Dinosaur","Gandhi Kwai",86
"Academy Dinosaur","Annie Identity",86
"Ace Goldfinger","Valentine Vanishing",48
"Ace Goldfinger","Sunset Racer",48
"Ace Goldfinger","Stepmom Dream",48
"Ace Goldfinger","Pelican Comforts",48
"Ace Goldfinger","Paradise Sabrina",48
"Ace Goldfinger","Odds Boogie",48
"Ace Goldfinger","Notting Speakeasy",48
"Ace Goldfinger","Midsummer Groundhog",48
"Ace Goldfinger","Rush Goodfellas",48
"Ace Goldfinger","Heaven Freedom",48
"Adaptation Holes","Zorro Ark",50
"Adaptation Holes","Smoking Barbarella",50
"Adaptation Holes","Pilot Hoosiers",50
"Adaptation Holes","Natural Stock",50
"Adaptation Holes","Muppet Mile",50
"Adaptation Holes","Lion Uncut",50
"Adaptation Holes","Crossing Divorce",50
"Adaptation Holes","Blues Instinct",50
"Affair Prejudice","Resurrection Silverado",117
"Affair Prejudice","Magic Mallrats",117
"Affair Prejudice","Graffiti Love",117
"Affair Prejudice","Chamber Italian",117
"African Egg","Stallion Sundance",130
"African Egg","Majestic Floats",130
"African Egg","Jason Trap",130
"African Egg","Fargo Gandhi",130
"African Egg","Darko Dorado",130
"Agent Truman","Soup Wisdom",169
"Agent Truman","Outbreak Divine",169
"Agent Truman","Kentuckian Giant",169
"Agent Truman","Hedwig Alter",169
"Agent Truman","Breaking Home",169
"Airplane Sierra","Unbreakable Karate",62
"Airplane Sierra","Snowman Rollercoaster",62
"Airplane Sierra","Mars Roman",62
"Airplane Sierra","Hanging Deep",62
"Airplane Sierra","Arabia Dogma",62
"Alabama Devil","Superfly Trip",114
"Alabama Devil","Sugar Wonka",114
"Alabama Devil","Pride Alamo",114
"Alabama Devil","Married Go",114
"Alabama Devil","Gilbert Pelican",114
"Alabama Devil","Chasing Fight",114
"Alabama Devil","Chainsaw Uptown",114
"Alabama Devil","Carrie Bunch",114
"Alabama Devil","Blade Polish",114
"Aladdin Calendar","Reunion Witches",63
"Aladdin Calendar","Intolerable Intentions",63
"Aladdin Calendar","Forrest Sons",63
"Aladdin Calendar","Dinosaur Secretary",63
"Aladdin Calendar","Bunch Minds",63
"Aladdin Calendar","Boulevard Mob",63
"Aladdin Calendar","Borrowers Bedazzled",63
"Aladdin Calendar","Bonnie Holocaust",63
"Alamo Videotape","Wonderful Drop",126
"Alamo Videotape","Women Dorado",126
"Alamo Videotape","Vampire Whale",126
"Alamo Videotape","Sinners Atlantis",126
"Alamo Videotape","Pajama Jawbreaker",126
"Alamo Videotape","Montezuma Command",126
"Alamo Videotape","Freaky Pocus",126
"Alamo Videotape","Elephant Trojan",126
"Alaska Phantom","Town Ark",136
"Alaska Phantom","Squad Fish",136
"Alaska Phantom","Reap Unfaithful",136
"Alaska Phantom","Pianist Outfield",136
"Alaska Phantom","Maker Gables",136
"Alaska Phantom","Hollow Jeopardy",136
"Alaska Phantom","Crazy Home",136
"Alaska Phantom","Bringing Hysterical",136
"Date Speed","Titanic Boondock",104
"Date Speed","Ship Wonderland",104
"Date Speed","Mermaid Insects",104
"Date Speed","Feathers Metal",104
"Date Speed","Crow Grease",104
"Ali Forever","Saturday Lambs",150
"Ali Forever","Rushmore Mermaid",150
"Ali Forever","Hysterical Grail",150
"Ali Forever","Grinch Massage",150
"Ali Forever","Cleopatra Devil",150
"Ali Forever","Christmas Moonshine",150
"Ali Forever","Bingo Talented",150
"Alice Fantasia","Stone Fire",94
"Alice Fantasia","Full Flatliners",94
"Alice Fantasia","Disturbing Scarface",94
"Alien Center","Ridgemont Submarine",46
"Alien Center","Labyrinth League",46
"Alien Center","Kwai Homeward",46
"Alien Center","Iron Moon",46
"Alley Evolution","Something Duck",180
"Alley Evolution","Nash Chocolat",180
"Alley Evolution","Mussolini Spoilers",180
"Alley Evolution","Mixed Doors",180
"Alley Evolution","Impact Aladdin",180
"Alley Evolution","Confidential Interview",180
"Alone Trip","Tycoon Gathering",82
"Alone Trip","Reign Gentlemen",82
"Alone Trip","Raiders Antitrust",82
"Alone Trip","Perfect Groove",82
"Alone Trip","Frost Head",82
"Alone Trip","Anything Savannah",82
"Alter Victory","Storm Happiness",57
"Alter Victory","Noon Papi",57
"Alter Victory","Mosquito Armageddon",57
"Alter Victory","Doctor Grail",57
"Alter Victory","Dawn Pond",57
"Alter Victory","Cranes Reservoir",57
"Amadeus Holy","State Wasteland",113
"Amadeus Holy","Shepherd Midsummer",113
"Amadeus Holy","Legally Secretary",113
"Amadeus Holy","Ladybugs Armageddon",113
"Amadeus Holy","Day Unfaithful",113
"Amadeus Holy","Banger Pinocchio",113
"Amadeus Holy","Attacks Hate",113
"Amelie Hellfighters","Werewolf Lola",79
"Amelie Hellfighters","Spiking Element",79
"Amelie Hellfighters","Shock Cabin",79
"Amelie Hellfighters","Moulin Wake",79
"Amelie Hellfighters","Ishtar Rocketeer",79
"American Circus","Unforgiven Zoolander",129
"American Circus","Sleeping Suspects",129
"American Circus","Outfield Massacre",129
"American Circus","Music Boondock",129
"American Circus","Gosford Donnie",129
"American Circus","Barefoot Manchurian",129
"Amistad Midsummer","Wonka Sea",85
"Amistad Midsummer","Window Side",85
"Amistad Midsummer","Wasteland Divine",85
"Amistad Midsummer","Varsity Trip",85
"Amistad Midsummer","Stage World",85
"Amistad Midsummer","Oz Liaisons",85
"Amistad Midsummer","Lola Agent",85
"Amistad Midsummer","Grail Frankenstein",85
"Amistad Midsummer","Ghost Groundhog",85
"Amistad Midsummer","Ending Crowds",85
"Amistad Midsummer","Egypt Tenenbaums",85
"Amistad Midsummer","Earth Vision",85
"Amistad Midsummer","Casablanca Super",85
"Amistad Midsummer","Canyon Stock",85
"Amistad Midsummer","Blackout Private",85
"Amistad Midsummer","Beverly Outlaw",85
"Anaconda Confessions","Truman Crazy",92
"Anaconda Confessions","Sundance Invasion",92
"Anaconda Confessions","Opposite Necklace",92
"Anaconda Confessions","National Story",92
"Anaconda Confessions","Mystic Truman",92
"Anaconda Confessions","Kane Exorcist",92
"Anaconda Confessions","Encounters Curtain",92
"Anaconda Confessions","Core Suit",92
"Anaconda Confessions","Caribbean Liberty",92
"Anaconda Confessions","Apache Divine",92
"Analyze Hoosiers","Wild Apollo",181
"Analyze Hoosiers","Star Operation",181
"Analyze Hoosiers","Runaway Tenenbaums",181
"Analyze Hoosiers","Love Suicides",181
"Analyze Hoosiers","Lawless Vision",181
"Analyze Hoosiers","Jacket Frisco",181
"Analyze Hoosiers","Intrigue Worst",181
"Analyze Hoosiers","Hotel Happiness",181
"Analyze Hoosiers","Haunting Pianist",181
"Angels Life","Working Microcosmos",74
"Angels Life","Teen Apollo",74
"Angels Life","Snatchers Montezuma",74
"Angels Life","Silverado Goldfinger",74
"Angels Life","Rainbow Shock",74
"Angels Life","Pearl Destiny",74
"Angels Life","Modern Dorado",74
"Angels Life","Maguire Apache",74
"Angels Life","Luke Mummy",74
"Angels Life","Jumping Wrath",74
"Angels Life","Informer Double",74
"Annie Identity","Yentl Idaho",86
"Annie Identity","Midnight Westward",86
"Annie Identity","Gandhi Kwai",86
"Annie Identity","Academy Dinosaur",86
"Anonymous Human","Youth Kick",179
"Anonymous Human","Virgin Daisy",179
"Anonymous Human","Torque Bound",179
"Anonymous Human","Texas Watch",179
"Anonymous Human","Slacker Liaisons",179
"Anonymous Human","Redemption Comforts",179
"Anonymous Human","Potluck Mixed",179
"Anonymous Human","Kick Savannah",179
"Anonymous Human","Flight Lies",179
"Anonymous Human","Cause Date",179
"Anonymous Human","Born Spinal",179
"Anonymous Human","Casualties Encino",179
"Anthem Luke","Titans Jerk",91
"Anthem Luke","Tarzan Videotape",91
"Anthem Luke","License Weekend",91
"Anthem Luke","Fight Jawbreaker",91
"Anthem Luke","Fatal Haunted",91
"Antitrust Tomatoes","Translation Summer",168
"Antitrust Tomatoes","Harold French",168
"Antitrust Tomatoes","Dying Maker",168
"Anything Savannah","Tycoon Gathering",82
"Anything Savannah","Reign Gentlemen",82
"Anything Savannah","Raiders Antitrust",82
"Anything Savannah","Perfect Groove",82
"Anything Savannah","Frost Head",82
"Anything Savannah","Alone Trip",82
"Apache Divine","Truman Crazy",92
"Apache Divine","Sundance Invasion",92
"Apache Divine","Opposite Necklace",92
"Apache Divine","National Story",92
"Apache Divine","Mystic Truman",92
"Apache Divine","Kane Exorcist",92
"Apache Divine","Encounters Curtain",92
"Apache Divine","Core Suit",92
"Apache Divine","Caribbean Liberty",92
"Apache Divine","Anaconda Confessions",92
"Apocalypse Flamingos","Strangers Graffiti",119
"Apocalypse Flamingos","Identity Lover",119
"Apocalypse Flamingos","Games Bowfinger",119
"Apocalypse Flamingos","Dumbo Lust",119
"Apocalypse Flamingos","Bugsy Song",119
"Apollo Teen","Rules Human",153
"Apollo Teen","Rollercoaster Bringing",153
"Apollo Teen","Right Cranes",153
"Apollo Teen","Leathernecks Dwarfs",153
"Apollo Teen","Goldmine Tycoon",153
"Apollo Teen","Edge Kissing",153
"Apollo Teen","Crossroads Casualties",153
"Apollo Teen","Baby Hall",153
"Arabia Dogma","Unbreakable Karate",62
"Arabia Dogma","Snowman Rollercoaster",62
"Arabia Dogma","Mars Roman",62
"Arabia Dogma","Hanging Deep",62
"Arabia Dogma","Airplane Sierra",62
"Arachnophobia Rollercoaster","Slums Duck",147
"Arachnophobia Rollercoaster","Scissorhands Slums",147
"Arachnophobia Rollercoaster","Range Moonwalker",147
"Arachnophobia Rollercoaster","Racer Egg",147
"Arachnophobia Rollercoaster","Menagerie Rushmore",147
"Arachnophobia Rollercoaster","Madison Trap",147
"Arachnophobia Rollercoaster","Lies Treatment",147
"Arachnophobia Rollercoaster","Dirty Ace",147
"Argonauts Town","Submarine Bed",127
"Argonauts Town","Seven Swarm",127
"Argonauts Town","Maltese Hope",127
"Argonauts Town","Gunfighter Mussolini",127
"Arizona Bang","Pure Runner",121
"Arizona Bang","Paris Weekend",121
"Arizona Bang","Jumanji Blade",121
"Arizona Bang","Harry Idaho",121
"Arizona Bang","Dangerous Uptown",121
"Arizona Bang","Brannigan Sunrise",121
"Arizona Bang","Boogie Amelie",121
"Ark Ridgemont","Tomatoes Hellfighters",68
"Ark Ridgemont","Human Graffiti",68
"Ark Ridgemont","Doom Dancing",68
"Ark Ridgemont","Divide Monster",68
"Armageddon Lost","Tenenbaums Command",99
"Armageddon Lost","Sabrina Midnight",99
"Armageddon Lost","Pet Haunting",99
"Armageddon Lost","Perdition Fargo",99
"Armageddon Lost","Patient Sister",99
"Armageddon Lost","French Holiday",99
"Armageddon Lost","Darkness War",99
"Army Flintstones","Telegraph Voyage",148
"Army Flintstones","Outlaw Hanky",148
"Army Flintstones","Flintstones Happiness",148
"Army Flintstones","Fireball Philadelphia",148
"Army Flintstones","Easy Gladiator",148
"Army Flintstones","Blanket Beverly",148
"Arsenic Independence","Willow Tracy",137
"Arsenic Independence","Sleepy Japanese",137
"Arsenic Independence","Scorpion Apollo",137
"Arsenic Independence","Pollock Deliverance",137
"Arsenic Independence","Philadelphia Wife",137
"Arsenic Independence","Lose Inch",137
"Arsenic Independence","Life Twisted",137
"Arsenic Independence","Grit Clockwork",137
"Artist Coldblooded","Trading Pinocchio",170
"Artist Coldblooded","Dragon Squad",170
"Artist Coldblooded","Atlantis Cause",170
"Dying Maker","Translation Summer",168
"Dying Maker","Harold French",168
"Dying Maker","Antitrust Tomatoes",168
"Atlantis Cause","Trading Pinocchio",170
"Atlantis Cause","Dragon Squad",170
"Atlantis Cause","Artist Coldblooded",170
"Attacks Hate","State Wasteland",113
"Attacks Hate","Shepherd Midsummer",113
"Attacks Hate","Legally Secretary",113
"Attacks Hate","Ladybugs Armageddon",113
"Attacks Hate","Day Unfaithful",113
"Attacks Hate","Banger Pinocchio",113
"Attacks Hate","Amadeus Holy",113
"Attraction Newton","Warlock Werewolf",83
"Attraction Newton","None Spiking",83
"Attraction Newton","Moon Bunch",83
"Attraction Newton","Hustler Party",83
"Attraction Newton","Fugitive Maguire",83
"Autumn Crow","Sweethearts Suspects",108
"Autumn Crow","Lord Arizona",108
"Autumn Crow","Handicap Boondock",108
"Autumn Crow","Gorgeous Bingo",108
"Baby Hall","Rules Human",153
"Baby Hall","Rollercoaster Bringing",153
"Baby Hall","Right Cranes",153
"Baby Hall","Leathernecks Dwarfs",153
"Baby Hall","Goldmine Tycoon",153
"Baby Hall","Edge Kissing",153
"Baby Hall","Crossroads Casualties",153
"Baby Hall","Apollo Teen",153
"Backlash Undefeated","Rouge Squad",118
"Backlash Undefeated","Personal Ladybugs",118
"Backlash Undefeated","Paths Control",118
"Backlash Undefeated","Others Soup",118
"Backlash Undefeated","Orient Closer",118
"Backlash Undefeated","Jawbreaker Brooklyn",118
"Backlash Undefeated","Fidelity Devil",118
"Badman Dawn","Roses Treasure",162
"Badman Dawn","Miracle Virtual",162
"Badman Dawn","Loverboy Attacks",162
"Badman Dawn","Birch Antitrust",162
"Baked Cleopatra","Searchers Wait",182
"Baked Cleopatra","Saturn Name",182
"Baked Cleopatra","Reds Pocus",182
"Baked Cleopatra","Records Zorro",182
"Baked Cleopatra","Monsoon Cause",182
"Casualties Encino","Youth Kick",179
"Casualties Encino","Virgin Daisy",179
"Casualties Encino","Torque Bound",179
"Casualties Encino","Texas Watch",179
"Casualties Encino","Slacker Liaisons",179
"Casualties Encino","Redemption Comforts",179
"Casualties Encino","Potluck Mixed",179
"Casualties Encino","Kick Savannah",179
"Casualties Encino","Flight Lies",179
"Casualties Encino","Cause Date",179
"Casualties Encino","Born Spinal",179
"Casualties Encino","Anonymous Human",179
"Balloon Homeward","Wizard Coldblooded",75
"Balloon Homeward","Stampede Disturbing",75
"Balloon Homeward","Satisfaction Confidential",75
"Balloon Homeward","Newton Labyrinth",75
"Balloon Homeward","Network Peak",75
"Balloon Homeward","Lover Truman",75
"Balloon Homeward","Hellfighters Sierra",75
"Balloon Homeward","Fiddler Lost",75
"Balloon Homeward","California Birds",75
"Ballroom Mockingbird","Velvet Terminator",173
"Ballroom Mockingbird","Talented Homicide",173
"Ballroom Mockingbird","Pizza Jumanji",173
"Ballroom Mockingbird","Gladiator Westward",173
"Ballroom Mockingbird","Fire Wolves",173
"Ballroom Mockingbird","Conquerer Nuts",173
"Bang Kwai","Treatment Jekyll",87
"Bang Kwai","Sleuth Orient",87
"Bang Kwai","Devil Desire",87
"Bang Kwai","Congeniality Quest",87
"Bang Kwai","Cheaper Clyde",87
"Banger Pinocchio","State Wasteland",113
"Banger Pinocchio","Shepherd Midsummer",113
"Banger Pinocchio","Legally Secretary",113
"Banger Pinocchio","Ladybugs Armageddon",113
"Banger Pinocchio","Day Unfaithful",113
"Banger Pinocchio","Attacks Hate",113
"Banger Pinocchio","Amadeus Holy",113
"Barbarella Streetcar","Patriot Roman",65
"Barbarella Streetcar","Lovely Jingle",65
"Barbarella Streetcar","Hunting Musketeers",65
"Barbarella Streetcar","Freddy Storm",65
"Barbarella Streetcar","Confessions Maguire",65
"Barbarella Streetcar","Club Graffiti",65
"Barefoot Manchurian","Unforgiven Zoolander",129
"Barefoot Manchurian","Sleeping Suspects",129
"Barefoot Manchurian","Outfield Massacre",129
"Barefoot Manchurian","Music Boondock",129
"Barefoot Manchurian","Gosford Donnie",129
"Barefoot Manchurian","American Circus",129
"Basic Easy","Vertigo Northwest",90
"Basic Easy","Secret Groundhog",90
"Basic Easy","Forward Temple",90
"Basic Easy","Circus Youth",90
"Beach Heartbreakers","Vanilla Day",122
"Beach Heartbreakers","Mighty Luck",122
"Beach Heartbreakers","Illusion Amelie",122
"Beach Heartbreakers","Hours Rage",122
"Beach Heartbreakers","Extraordinary Conquerer",122
"Beach Heartbreakers","Dogma Family",122
"Beach Heartbreakers","Deceiver Betrayed",122
"Beach Heartbreakers","Confused Candles",122
"Beach Heartbreakers","Chicken Hellfighters",122
"Beach Heartbreakers","Betrayed Rear",122
"Bear Graceland","Stock Glass",160
"Bear Graceland","Peach Innocent",160
"Bear Graceland","Mummy Creatures",160
"Bear Graceland","Mulan Moon",160
"Bear Graceland","Igby Maker",160
"Beast Hunchback","Roots Remember",89
"Beast Hunchback","Pulp Beverly",89
"Beast Hunchback","Gleaming Jawbreaker",89
"Beast Hunchback","Dares Pluto",89
"Beast Hunchback","Butterfly Chocolat",89
"Beauty Grease","Splash Gump",175
"Beauty Grease","Patton Interview",175
"Beauty Grease","Model Fish",175
"Beauty Grease","Lawrence Love",175
"Beauty Grease","Driving Polish",175
"Bed Highball","Sagebrush Clueless",106
"Bed Highball","Private Drop",106
"Bed Highball","Gaslight Crusade",106
"Bed Highball","Deer Virginian",106
"Bed Highball","Dalmations Sweden",106
"Bedazzled Married","Wake Jaws",73
"Bedazzled Married","Valley Packer",73
"Bedazzled Married","Streetcar Intentions",73
"Bedazzled Married","Salute Apollo",73
"Bedazzled Married","Rebel Airport",73
"Bedazzled Married","Random Go",73
"Bedazzled Married","Musketeers Wait",73
"Bedazzled Married","Godfather Diary",73
"Bedazzled Married","Frida Slipper",73
"Bedazzled Married","Brotherhood Blanket",73
"Bedazzled Married","Bright Encounters",73
"Beethoven Exorcist","Straight Hours",151
"Beethoven Exorcist","Spoilers Hellfighters",151
"Beethoven Exorcist","School Jacket",151
"Beethoven Exorcist","Masked Bubble",151
"Beethoven Exorcist","Hunchback Impossible",151
"Beethoven Exorcist","Carol Texas",151
"Behavior Runaway","Wyoming Storm",100
"Behavior Runaway","Witches Panic",100
"Behavior Runaway","Punk Divorce",100
"Behavior Runaway","Pirates Roxanne",100
"Behavior Runaway","Hyde Doctor",100
"Behavior Runaway","Happiness United",100
"Behavior Runaway","Gun Bonnie",100
"Behavior Runaway","Flatliners Killer",100
"Behavior Runaway","Divine Resurrection",100
"Behavior Runaway","Deliverance Mulholland",100
"Behavior Runaway","Bilko Anonymous",100
"Beneath Rush","Thin Sagebrush",53
"Beneath Rush","Tequila Past",53
"Beneath Rush","Summer Scarface",53
"Beneath Rush","Primary Glass",53
"Beneath Rush","Movie Shakespeare",53
"Beneath Rush","Magnificent Chitty",53
"Beneath Rush","Gump Date",53
"Beneath Rush","Cabin Flash",53
"Berets Agent","Pickup Driving",77
"Berets Agent","Mod Secretary",77
"Berets Agent","Memento Zoolander",77
"Berets Agent","Fellowship Autumn",77
"Berets Agent","Enemy Odds",77
"Betrayed Rear","Vanilla Day",122
"Betrayed Rear","Mighty Luck",122
"Betrayed Rear","Illusion Amelie",122
"Betrayed Rear","Hours Rage",122
"Betrayed Rear","Extraordinary Conquerer",122
"Betrayed Rear","Dogma Family",122
"Betrayed Rear","Deceiver Betrayed",122
"Betrayed Rear","Confused Candles",122
"Betrayed Rear","Chicken Hellfighters",122
"Betrayed Rear","Beach Heartbreakers",122
"Beverly Outlaw","Wonka Sea",85
"Beverly Outlaw","Window Side",85
"Beverly Outlaw","Wasteland Divine",85
"Beverly Outlaw","Varsity Trip",85
"Beverly Outlaw","Stage World",85
"Beverly Outlaw","Oz Liaisons",85
"Beverly Outlaw","Lola Agent",85
"Beverly Outlaw","Grail Frankenstein",85
"Beverly Outlaw","Ghost Groundhog",85
"Beverly Outlaw","Ending Crowds",85
"Beverly Outlaw","Egypt Tenenbaums",85
"Beverly Outlaw","Earth Vision",85
"Beverly Outlaw","Casablanca Super",85
"Beverly Outlaw","Canyon Stock",85
"Beverly Outlaw","Blackout Private",85
"Beverly Outlaw","Amistad Midsummer",85
"Bikini Borrowers","Vanished Garden",142
"Bikini Borrowers","Tracy Cider",142
"Bikini Borrowers","Tomorrow Hustler",142
"Bikini Borrowers","Million Ace",142
"Bikini Borrowers","Ferris Mother",142
"Bikini Borrowers","Chill Luck",142
"Bilko Anonymous","Wyoming Storm",100
"Bilko Anonymous","Witches Panic",100
"Bilko Anonymous","Punk Divorce",100
"Bilko Anonymous","Pirates Roxanne",100
"Bilko Anonymous","Hyde Doctor",100
"Bilko Anonymous","Happiness United",100
"Bilko Anonymous","Gun Bonnie",100
"Bilko Anonymous","Flatliners Killer",100
"Bilko Anonymous","Divine Resurrection",100
"Bilko Anonymous","Deliverance Mulholland",100
"Bilko Anonymous","Behavior Runaway",100
"Bill Others","Suicides Silence",93
"Bill Others","Sting Personal",93
"Bill Others","Shane Darkness",93
"Bill Others","Panky Submarine",93
"Bill Others","Hills Neighbors",93
"Bill Others","Greatest North",93
"Bill Others","Goldfinger Sensibility",93
"Bingo Talented","Saturday Lambs",150
"Bingo Talented","Rushmore Mermaid",150
"Bingo Talented","Hysterical Grail",150
"Bingo Talented","Grinch Massage",150
"Bingo Talented","Cleopatra Devil",150
"Bingo Talented","Christmas Moonshine",150
"Bingo Talented","Ali Forever",150
"Birch Antitrust","Roses Treasure",162
"Birch Antitrust","Miracle Virtual",162
"Birch Antitrust","Loverboy Attacks",162
"Birch Antitrust","Badman Dawn",162
"Bird Independence","Story Side",163
"Bird Independence","Queen Luke",163
"Bird Independence","Kiss Glory",163
"Bird Independence","Gilmore Boiled",163
"Bird Independence","Everyone Craft",163
"Bird Independence","Casper Dragonfly",163
"Birdcage Casper","Strangelove Desire",103
"Birdcage Casper","Pinocchio Simon",103
"Birdcage Casper","Mother Oleander",103
"Birdcage Casper","Impossible Prejudice",103
"Birdcage Casper","Homeward Cider",103
"Birdcage Casper","Glass Dying",103
"Birdcage Casper","Firehouse Vietnam",103
"Birdcage Casper","Blindness Gun",103
"Birds Perdition","Waterfront Deliverance",61
"Birds Perdition","Trouble Date",61
"Birds Perdition","Reservoir Adaptation",61
"Birds Perdition","Polish Brooklyn",61
"Birds Perdition","Drifter Commandments",61
"Birds Perdition","Chinatown Gladiator",61
"Birds Perdition","Cassidy Wyoming",61
"Birds Perdition","Camelot Vacation",61
"Birds Perdition","Bulworth Commandments",61
"Blackout Private","Wonka Sea",85
"Blackout Private","Window Side",85
"Blackout Private","Wasteland Divine",85
"Blackout Private","Varsity Trip",85
"Blackout Private","Stage World",85
"Blackout Private","Oz Liaisons",85
"Blackout Private","Lola Agent",85
"Blackout Private","Grail Frankenstein",85
"Blackout Private","Ghost Groundhog",85
"Blackout Private","Ending Crowds",85
"Blackout Private","Egypt Tenenbaums",85
"Blackout Private","Earth Vision",85
"Blackout Private","Casablanca Super",85
"Blackout Private","Canyon Stock",85
"Blackout Private","Beverly Outlaw",85
"Blackout Private","Amistad Midsummer",85
"Blade Polish","Superfly Trip",114
"Blade Polish","Sugar Wonka",114
"Blade Polish","Pride Alamo",114
"Blade Polish","Married Go",114
"Blade Polish","Gilbert Pelican",114
"Blade Polish","Chasing Fight",114
"Blade Polish","Chainsaw Uptown",114
"Blade Polish","Carrie Bunch",114
"Blade Polish","Alabama Devil",114
"Blanket Beverly","Telegraph Voyage",148
"Blanket Beverly","Outlaw Hanky",148
"Blanket Beverly","Flintstones Happiness",148
"Blanket Beverly","Fireball Philadelphia",148
"Blanket Beverly","Easy Gladiator",148
"Blanket Beverly","Army Flintstones",148
"Blindness Gun","Strangelove Desire",103
"Blindness Gun","Pinocchio Simon",103
"Blindness Gun","Mother Oleander",103
"Blindness Gun","Impossible Prejudice",103
"Blindness Gun","Homeward Cider",103
"Blindness Gun","Glass Dying",103
"Blindness Gun","Firehouse Vietnam",103
"Blindness Gun","Birdcage Casper",103
"Blood Argonauts","Train Bunch",71
"Blood Argonauts","Temple Attraction",71
"Blood Argonauts","Princess Giant",71
"Blood Argonauts","Mannequin Worst",71
"Blood Argonauts","Knock Warlock",71
"Blood Argonauts","Chariots Conspiracy",71
"Blues Instinct","Zorro Ark",50
"Blues Instinct","Smoking Barbarella",50
"Blues Instinct","Pilot Hoosiers",50
"Blues Instinct","Natural Stock",50
"Blues Instinct","Muppet Mile",50
"Blues Instinct","Lion Uncut",50
"Blues Instinct","Crossing Divorce",50
"Blues Instinct","Adaptation Holes",50
"Boiled Dares","Treasure Command",102
"Boiled Dares","Scarface Bang",102
"Boiled Dares","Rock Instinct",102
"Boiled Dares","Robbers Joon",102
"Boiled Dares","Panic Club",102
"Boiled Dares","Opus Ice",102
"Boiled Dares","Jeopardy Encino",102
"Boiled Dares","Heavyweights Beast",102
"Boiled Dares","Giant Troopers",102
"Boiled Dares","Falcon Volume",102
"Bonnie Holocaust","Reunion Witches",63
"Bonnie Holocaust","Intolerable Intentions",63
"Bonnie Holocaust","Forrest Sons",63
"Bonnie Holocaust","Dinosaur Secretary",63
"Bonnie Holocaust","Bunch Minds",63
"Bonnie Holocaust","Boulevard Mob",63
"Bonnie Holocaust","Borrowers Bedazzled",63
"Bonnie Holocaust","Aladdin Calendar",63
"Boogie Amelie","Pure Runner",121
"Boogie Amelie","Paris Weekend",121
"Boogie Amelie","Jumanji Blade",121
"Boogie Amelie","Harry Idaho",121
"Boogie Amelie","Dangerous Uptown",121
"Boogie Amelie","Brannigan Sunrise",121
"Boogie Amelie","Arizona Bang",121
"Boondock Ballroom","Villain Desperate",76
"Boondock Ballroom","Orange Grapes",76
"Boondock Ballroom","Haunted Antitrust",76
"Boondock Ballroom","Destination Jerk",76
"Boondock Ballroom","Desire Alien",76
"Boondock Ballroom","Comforts Rush",76
"Born Spinal","Youth Kick",179
"Born Spinal","Virgin Daisy",179
"Born Spinal","Torque Bound",179
"Born Spinal","Texas Watch",179
"Born Spinal","Slacker Liaisons",179
"Born Spinal","Redemption Comforts",179
"Born Spinal","Potluck Mixed",179
"Born Spinal","Kick Savannah",179
"Born Spinal","Flight Lies",179
"Born Spinal","Cause Date",179
"Born Spinal","Casualties Encino",179
"Born Spinal","Anonymous Human",179
"Borrowers Bedazzled","Reunion Witches",63
"Borrowers Bedazzled","Intolerable Intentions",63
"Borrowers Bedazzled","Forrest Sons",63
"Borrowers Bedazzled","Dinosaur Secretary",63
"Borrowers Bedazzled","Bunch Minds",63
"Borrowers Bedazzled","Boulevard Mob",63
"Borrowers Bedazzled","Bonnie Holocaust",63
"Borrowers Bedazzled","Aladdin Calendar",63
"Boulevard Mob","Reunion Witches",63
"Boulevard Mob","Intolerable Intentions",63
"Boulevard Mob","Forrest Sons",63
"Boulevard Mob","Dinosaur Secretary",63
"Boulevard Mob","Bunch Minds",63
"Boulevard Mob","Borrowers Bedazzled",63
"Boulevard Mob","Bonnie Holocaust",63
"Boulevard Mob","Aladdin Calendar",63
"Bound Cheaper","Wisdom Worker",98
"Bound Cheaper","Sensibility Rear",98
"Bound Cheaper","Prejudice Oleander",98
"Bound Cheaper","Madre Gables",98
"Bound Cheaper","Lost Bird",98
"Bound Cheaper","Feud Frogmen",98
"Bound Cheaper","Earring Instinct",98
"Bowfinger Gables","Maude Mod",72
"Bowfinger Gables","Hardly Robbers",72
"Bowfinger Gables","Fiction Christmas",72
"Brannigan Sunrise","Pure Runner",121
"Brannigan Sunrise","Paris Weekend",121
"Brannigan Sunrise","Jumanji Blade",121
"Brannigan Sunrise","Harry Idaho",121
"Brannigan Sunrise","Dangerous Uptown",121
"Brannigan Sunrise","Boogie Amelie",121
"Brannigan Sunrise","Arizona Bang",121
"Braveheart Human","Wrath Mile",176
"Braveheart Human","Sweden Shining",176
"Braveheart Human","Hoosiers Birdcage",176
"Braveheart Human","Greek Everyone",176
"Braveheart Human","Gathering Calendar",176
"Braveheart Human","Entrapment Satisfaction",176
"Braveheart Human","Dracula Crystal",176
"Braveheart Human","Cyclone Family",176
"Braveheart Human","Caper Motions",176
"Breakfast Goldfinger","Vanishing Rocky",123
"Breakfast Goldfinger","Swarm Gold",123
"Breakfast Goldfinger","Reef Salute",123
"Breakfast Goldfinger","Mask Peach",123
"Breakfast Goldfinger","Insects Stone",123
"Breakfast Goldfinger","Flash Wars",123
"Breaking Home","Soup Wisdom",169
"Breaking Home","Outbreak Divine",169
"Breaking Home","Kentuckian Giant",169
"Breaking Home","Hedwig Alter",169
"Breaking Home","Agent Truman",169
"Bride Intrigue","Matrix Snowman",56
"Bride Intrigue","Goodfellas Salute",56
"Bride Intrigue","Destiny Saturday",56
"Bride Intrigue","Cupboard Sinners",56
"Bringing Hysterical","Town Ark",136
"Bringing Hysterical","Squad Fish",136
"Bringing Hysterical","Reap Unfaithful",136
"Bringing Hysterical","Pianist Outfield",136
"Bringing Hysterical","Maker Gables",136
"Bringing Hysterical","Hollow Jeopardy",136
"Bringing Hysterical","Crazy Home",136
"Bringing Hysterical","Alaska Phantom",136
"Brooklyn Desert","Wash Heavenly",161
"Brooklyn Desert","Oleander Clue",161
"Brooklyn Desert","Neighbors Charade",161
"Brooklyn Desert","Metal Armageddon",161
"Brooklyn Desert","Massage Image",161
"Brooklyn Desert","Killer Innocent",161
"Brooklyn Desert","Gables Metropolis",161
"Brooklyn Desert","Daddy Pittsburgh",161
"Brotherhood Blanket","Wake Jaws",73
"Brotherhood Blanket","Valley Packer",73
"Brotherhood Blanket","Streetcar Intentions",73
"Brotherhood Blanket","Salute Apollo",73
"Brotherhood Blanket","Rebel Airport",73
"Brotherhood Blanket","Random Go",73
"Brotherhood Blanket","Musketeers Wait",73
"Brotherhood Blanket","Godfather Diary",73
"Brotherhood Blanket","Frida Slipper",73
"Brotherhood Blanket","Bedazzled Married",73
"Brotherhood Blanket","Bright Encounters",73
"Bubble Grosse","Smile Earring",60
"Bubble Grosse","Shakespeare Saddle",60
"Bubble Grosse","Room Roman",60
"Bubble Grosse","Pity Bound",60
"Bubble Grosse","Phantom Glory",60
"Bubble Grosse","Mockingbird Hollywood",60
"Bubble Grosse","Jersey Sassy",60
"Bucket Brotherhood","Mallrats United",133
"Bucket Brotherhood","Freedom Cleopatra",133
"Bucket Brotherhood","Dragonfly Strangers",133
"Bucket Brotherhood","Curtain Videotape",133
"Bugsy Song","Strangers Graffiti",119
"Bugsy Song","Identity Lover",119
"Bugsy Song","Games Bowfinger",119
"Bugsy Song","Dumbo Lust",119
"Bugsy Song","Apocalypse Flamingos",119
"Bull Shawshank","Shining Roses",125
"Bull Shawshank","Saints Bride",125
"Bull Shawshank","Hunter Alter",125
"Bull Shawshank","Gentlemen Stage",125
"Bull Shawshank","Fish Opus",125
"Bull Shawshank","Donnie Alley",125
"Bulworth Commandments","Waterfront Deliverance",61
"Bulworth Commandments","Trouble Date",61
"Bulworth Commandments","Reservoir Adaptation",61
"Bulworth Commandments","Polish Brooklyn",61
"Bulworth Commandments","Drifter Commandments",61
"Bulworth Commandments","Chinatown Gladiator",61
"Bulworth Commandments","Cassidy Wyoming",61
"Bulworth Commandments","Camelot Vacation",61
"Bulworth Commandments","Birds Perdition",61
"Bunch Minds","Reunion Witches",63
"Bunch Minds","Intolerable Intentions",63
"Bunch Minds","Forrest Sons",63
"Bunch Minds","Dinosaur Secretary",63
"Bunch Minds","Boulevard Mob",63
"Bunch Minds","Borrowers Bedazzled",63
"Bunch Minds","Bonnie Holocaust",63
"Bunch Minds","Aladdin Calendar",63
"Butch Panther","Silence Kane",67
"Butch Panther","Shootist Superfly",67
"Butch Panther","North Tequila",67
"Butch Panther","Lonely Elephant",67
"Butch Panther","Lady Stage",67
"Butch Panther","Egg Igby",67
"Butch Panther","Comancheros Enemy",67
"Butterfly Chocolat","Roots Remember",89
"Butterfly Chocolat","Pulp Beverly",89
"Butterfly Chocolat","Gleaming Jawbreaker",89
"Butterfly Chocolat","Dares Pluto",89
"Butterfly Chocolat","Beast Hunchback",89
"Cabin Flash","Thin Sagebrush",53
"Cabin Flash","Tequila Past",53
"Cabin Flash","Summer Scarface",53
"Cabin Flash","Primary Glass",53
"Cabin Flash","Movie Shakespeare",53
"Cabin Flash","Magnificent Chitty",53
"Cabin Flash","Gump Date",53
"Cabin Flash","Beneath Rush",53
"Caddyshack Jedi","Westward Seabiscuit",52
"Caddyshack Jedi","Trojan Tomorrow",52
"Caddyshack Jedi","Spartacus Cheaper",52
"Caddyshack Jedi","Side Ark",52
"Caddyshack Jedi","Lust Lock",52
"Caddyshack Jedi","Harper Dying",52
"Calendar Gunfight","Untouchables Sunrise",120
"Calendar Gunfight","Rage Games",120
"Calendar Gunfight","Order Betrayed",120
"Calendar Gunfight","Lock Rear",120
"Calendar Gunfight","Karate Moon",120
"Calendar Gunfight","Dolls Rage",120
"Calendar Gunfight","Dazed Punk",120
"Calendar Gunfight","Command Darling",120
"California Birds","Wizard Coldblooded",75
"California Birds","Stampede Disturbing",75
"California Birds","Satisfaction Confidential",75
"California Birds","Newton Labyrinth",75
"California Birds","Network Peak",75
"California Birds","Lover Truman",75
"California Birds","Hellfighters Sierra",75
"California Birds","Fiddler Lost",75
"California Birds","Balloon Homeward",75
"Camelot Vacation","Waterfront Deliverance",61
"Camelot Vacation","Trouble Date",61
"Camelot Vacation","Reservoir Adaptation",61
"Camelot Vacation","Polish Brooklyn",61
"Camelot Vacation","Drifter Commandments",61
"Camelot Vacation","Chinatown Gladiator",61
"Camelot Vacation","Cassidy Wyoming",61
"Camelot Vacation","Bulworth Commandments",61
"Camelot Vacation","Birds Perdition",61
"Campus Remember","Show Lord",167
"Campus Remember","Requiem Tycoon",167
"Campus Remember","Lesson Cleopatra",167
"Campus Remember","Inch Jet",167
"Campus Remember","Exorcist Sting",167
"Campus Remember","Escape Metropolis",167
"Candidate Perdition","Wedding Apollo",70
"Candidate Perdition","Louisiana Harry",70
"Candidate Perdition","Gunfight Moon",70
"Candidate Perdition","Coldblooded Darling",70
"Candidate Perdition","Clue Grail",70
"Candidate Perdition","Chance Resurrection",70
"Candles Grapes","Walls Artist",135
"Candles Grapes","Thief Pelican",135
"Candles Grapes","Sunrise League",135
"Candles Grapes","Sierra Divide",135
"Candles Grapes","Money Harold",135
"Candles Grapes","Japanese Run",135
"Candles Grapes","Indian Love",135
"Candles Grapes","Grease Youth",135
"Candles Grapes","Dream Pickup",135
"Canyon Stock","Wonka Sea",85
"Canyon Stock","Window Side",85
"Canyon Stock","Wasteland Divine",85
"Canyon Stock","Varsity Trip",85
"Canyon Stock","Stage World",85
"Canyon Stock","Oz Liaisons",85
"Canyon Stock","Lola Agent",85
"Canyon Stock","Grail Frankenstein",85
"Canyon Stock","Ghost Groundhog",85
"Canyon Stock","Ending Crowds",85
"Canyon Stock","Egypt Tenenbaums",85
"Canyon Stock","Earth Vision",85
"Canyon Stock","Casablanca Super",85
"Canyon Stock","Blackout Private",85
"Canyon Stock","Beverly Outlaw",85
"Canyon Stock","Amistad Midsummer",85
"Caper Motions","Wrath Mile",176
"Caper Motions","Sweden Shining",176
"Caper Motions","Hoosiers Birdcage",176
"Caper Motions","Greek Everyone",176
"Caper Motions","Gathering Calendar",176
"Caper Motions","Entrapment Satisfaction",176
"Caper Motions","Dracula Crystal",176
"Caper Motions","Cyclone Family",176
"Caper Motions","Braveheart Human",176
"Caribbean Liberty","Truman Crazy",92
"Caribbean Liberty","Sundance Invasion",92
"Caribbean Liberty","Opposite Necklace",92
"Caribbean Liberty","National Story",92
"Caribbean Liberty","Mystic Truman",92
"Caribbean Liberty","Kane Exorcist",92
"Caribbean Liberty","Encounters Curtain",92
"Caribbean Liberty","Core Suit",92
"Caribbean Liberty","Apache Divine",92
"Caribbean Liberty","Anaconda Confessions",92
"Carol Texas","Straight Hours",151
"Carol Texas","Spoilers Hellfighters",151
"Carol Texas","School Jacket",151
"Carol Texas","Masked Bubble",151
"Carol Texas","Hunchback Impossible",151
"Carol Texas","Beethoven Exorcist",151
"Carrie Bunch","Superfly Trip",114
"Carrie Bunch","Sugar Wonka",114
"Carrie Bunch","Pride Alamo",114
"Carrie Bunch","Married Go",114
"Carrie Bunch","Gilbert Pelican",114
"Carrie Bunch","Chasing Fight",114
"Carrie Bunch","Chainsaw Uptown",114
"Carrie Bunch","Blade Polish",114
"Carrie Bunch","Alabama Devil",114
"Casablanca Super","Wonka Sea",85
"Casablanca Super","Window Side",85
"Casablanca Super","Wasteland Divine",85
"Casablanca Super","Varsity Trip",85
"Casablanca Super","Stage World",85
"Casablanca Super","Oz Liaisons",85
"Casablanca Super","Lola Agent",85
"Casablanca Super","Grail Frankenstein",85
"Casablanca Super","Ghost Groundhog",85
"Casablanca Super","Ending Crowds",85
"Casablanca Super","Egypt Tenenbaums",85
"Casablanca Super","Earth Vision",85
"Casablanca Super","Canyon Stock",85
"Casablanca Super","Blackout Private",85
"Casablanca Super","Beverly Outlaw",85
"Casablanca Super","Amistad Midsummer",85
"Casper Dragonfly","Story Side",163
"Casper Dragonfly","Queen Luke",163
"Casper Dragonfly","Kiss Glory",163
"Casper Dragonfly","Gilmore Boiled",163
"Casper Dragonfly","Everyone Craft",163
"Casper Dragonfly","Bird Independence",163
"Cassidy Wyoming","Waterfront Deliverance",61
"Cassidy Wyoming","Trouble Date",61
"Cassidy Wyoming","Reservoir Adaptation",61
"Cassidy Wyoming","Polish Brooklyn",61
"Cassidy Wyoming","Drifter Commandments",61
"Cassidy Wyoming","Chinatown Gladiator",61
"Cassidy Wyoming","Camelot Vacation",61
"Cassidy Wyoming","Bulworth Commandments",61
"Cassidy Wyoming","Birds Perdition",61
"Cat Coneheads","Watership Frontier",112
"Cat Coneheads","Wait Cider",112
"Cat Coneheads","Stagecoach Armageddon",112
"Cat Coneheads","Spy Mile",112
"Cat Coneheads","Seabiscuit Punk",112
"Cat Coneheads","Quills Bull",112
"Cat Coneheads","Jaws Harry",112
"Cat Coneheads","Forrester Comancheros",112
"Cat Coneheads","Crusade Honey",112
"Cat Coneheads","Crowds Telemark",112
"Cat Coneheads","Conversation Downhill",112
"Cat Coneheads","Coneheads Smoochy",112
"Catch Amistad","Young Language",183
"Catch Amistad","Wife Turn",183
"Catch Amistad","Scalawag Duck",183
"Catch Amistad","Frontier Cabin",183
"Cause Date","Youth Kick",179
"Cause Date","Virgin Daisy",179
"Cause Date","Torque Bound",179
"Cause Date","Texas Watch",179
"Cause Date","Slacker Liaisons",179
"Cause Date","Redemption Comforts",179
"Cause Date","Potluck Mixed",179
"Cause Date","Kick Savannah",179
"Cause Date","Flight Lies",179
"Cause Date","Born Spinal",179
"Cause Date","Casualties Encino",179
"Cause Date","Anonymous Human",179
"Celebrity Horn","Trap Guys",110
"Celebrity Horn","Snatch Slipper",110
"Celebrity Horn","Seattle Expecations",110
"Celebrity Horn","Samurai Lion",110
"Celebrity Horn","Remember Diary",110
"Celebrity Horn","League Hellfighters",110
"Celebrity Horn","Highball Potter",110
"Celebrity Horn","Drumline Cyclone",110
"Center Dinosaur","Wagon Jaws",152
"Center Dinosaur","Twisted Pirates",152
"Center Dinosaur","Tuxedo Mile",152
"Center Dinosaur","Tourist Pelican",152
"Center Dinosaur","Telemark Heartbreakers",152
"Center Dinosaur","Sister Freddy",152
"Center Dinosaur","Luck Opus",152
"Center Dinosaur","Elizabeth Shane",152
"Chainsaw Uptown","Superfly Trip",114
"Chainsaw Uptown","Sugar Wonka",114
"Chainsaw Uptown","Pride Alamo",114
"Chainsaw Uptown","Married Go",114
"Chainsaw Uptown","Gilbert Pelican",114
"Chainsaw Uptown","Chasing Fight",114
"Chainsaw Uptown","Carrie Bunch",114
"Chainsaw Uptown","Blade Polish",114
"Chainsaw Uptown","Alabama Devil",114
"Champion Flatliners","Simon North",51
"Champion Flatliners","Hall Cassidy",51
"Champion Flatliners","Frisco Forrest",51
"Champion Flatliners","Excitement Eve",51
"Champion Flatliners","English Bulworth",51
"Champion Flatliners","Deep Crusade",51
"Chance Resurrection","Wedding Apollo",70
"Chance Resurrection","Louisiana Harry",70
"Chance Resurrection","Gunfight Moon",70
"Chance Resurrection","Coldblooded Darling",70
"Chance Resurrection","Clue Grail",70
"Chance Resurrection","Candidate Perdition",70
"Clash Freddy","Roman Punk",81
"Clash Freddy","Desperate Trainspotting",81
"Chaplin License","Mourning Purple",146
"Chaplin License","Hamlet Wisdom",146
"Chaplin License","Half Outfield",146
"Chaplin License","Cowboy Doom",146
"Charade Duffel","Eve Resurrection",66
"Chariots Conspiracy","Train Bunch",71
"Chariots Conspiracy","Temple Attraction",71
"Chariots Conspiracy","Princess Giant",71
"Chariots Conspiracy","Mannequin Worst",71
"Chariots Conspiracy","Knock Warlock",71
"Chariots Conspiracy","Blood Argonauts",71
"Chasing Fight","Superfly Trip",114
"Chasing Fight","Sugar Wonka",114
"Chasing Fight","Pride Alamo",114
"Chasing Fight","Married Go",114
"Chasing Fight","Gilbert Pelican",114
"Chasing Fight","Chainsaw Uptown",114
"Chasing Fight","Carrie Bunch",114
"Chasing Fight","Blade Polish",114
"Chasing Fight","Alabama Devil",114
"Cheaper Clyde","Treatment Jekyll",87
"Cheaper Clyde","Sleuth Orient",87
"Cheaper Clyde","Devil Desire",87
"Cheaper Clyde","Congeniality Quest",87
"Cheaper Clyde","Bang Kwai",87
"Chicago North","Worst Banger",185
"Chicago North","Sweet Brotherhood",185
"Chicago North","Soldiers Evolution",185
"Chicago North","Pond Seattle",185
"Chicago North","Muscle Bright",185
"Chicago North","Home Pity",185
"Chicago North","Gangs Pride",185
"Chicago North","Darn Forrester",185
"Chicago North","Control Anthem",185
"Chicken Hellfighters","Vanilla Day",122
"Chicken Hellfighters","Mighty Luck",122
"Chicken Hellfighters","Illusion Amelie",122
"Chicken Hellfighters","Hours Rage",122
"Chicken Hellfighters","Extraordinary Conquerer",122
"Chicken Hellfighters","Dogma Family",122
"Chicken Hellfighters","Deceiver Betrayed",122
"Chicken Hellfighters","Confused Candles",122
"Chicken Hellfighters","Betrayed Rear",122
"Chicken Hellfighters","Beach Heartbreakers",122
"Chill Luck","Vanished Garden",142
"Chill Luck","Tracy Cider",142
"Chill Luck","Tomorrow Hustler",142
"Chill Luck","Million Ace",142
"Chill Luck","Ferris Mother",142
"Chill Luck","Bikini Borrowers",142
"Chinatown Gladiator","Waterfront Deliverance",61
"Chinatown Gladiator","Trouble Date",61
"Chinatown Gladiator","Reservoir Adaptation",61
"Chinatown Gladiator","Polish Brooklyn",61
"Chinatown Gladiator","Drifter Commandments",61
"Chinatown Gladiator","Cassidy Wyoming",61
"Chinatown Gladiator","Camelot Vacation",61
"Chinatown Gladiator","Bulworth Commandments",61
"Chinatown Gladiator","Birds Perdition",61
"Chisum Behavior","Speed Suit",124
"Chisum Behavior","Jingle Sagebrush",124
"Chisum Behavior","Clones Pinocchio",124
"Chitty Lock","Wanda Chamber",107
"Chitty Lock","Undefeated Dalmations",107
"Chitty Lock","Party Knock",107
"Chitty Lock","Monster Spartacus",107
"Chitty Lock","Intentions Empire",107
"Chitty Lock","Hate Handicap",107
"Chitty Lock","Hanky October",107
"Chitty Lock","Effect Gladiator",107
"Chitty Lock","Diary Panic",107
"Chocolat Harry","Zoolander Fiction",101
"Chocolat Harry","Runner Madigan",101
"Chocolat Harry","Roof Champion",101
"Chocolat Harry","Ghostbusters Elf",101
"Chocolat Harry","Dwarfs Alter",101
"Chocolat Harry","Cider Desire",101
"Chocolate Duck","Volume House",132
"Chocolate Duck","Trainspotting Strangers",132
"Chocolate Duck","Streak Ridgemont",132
"Chocolate Duck","Sky Miracle",132
"Chocolate Duck","Platoon Instinct",132
"Chocolate Duck","Necklace Outbreak",132
"Chocolate Duck","Dude Blindness",132
"Christmas Moonshine","Saturday Lambs",150
"Christmas Moonshine","Rushmore Mermaid",150
"Christmas Moonshine","Hysterical Grail",150
"Christmas Moonshine","Grinch Massage",150
"Christmas Moonshine","Cleopatra Devil",150
"Christmas Moonshine","Bingo Talented",150
"Christmas Moonshine","Ali Forever",150
"Cider Desire","Zoolander Fiction",101
"Cider Desire","Runner Madigan",101
"Cider Desire","Roof Champion",101
"Cider Desire","Ghostbusters Elf",101
"Cider Desire","Dwarfs Alter",101
"Cider Desire","Chocolat Harry",101
"Cincinatti Whisperer","Steel Santa",143
"Cincinatti Whisperer","South Wait",143
"Cincinatti Whisperer","Encino Elf",143
"Cincinatti Whisperer","Detective Vision",143
"Cincinatti Whisperer","Crooked Frogmen",143
"Cincinatti Whisperer","Clockwork Paradise",143
"Circus Youth","Vertigo Northwest",90
"Circus Youth","Secret Groundhog",90
"Circus Youth","Forward Temple",90
"Circus Youth","Basic Easy",90
"Citizen Shrek","Speakeasy Date",165
"Citizen Shrek","Song Hedwig",165
"Citizen Shrek","Massacre Usual",165
"Citizen Shrek","Darling Breaking",165
"Cleopatra Devil","Saturday Lambs",150
"Cleopatra Devil","Rushmore Mermaid",150
"Cleopatra Devil","Hysterical Grail",150
"Cleopatra Devil","Grinch Massage",150
"Cleopatra Devil","Christmas Moonshine",150
"Cleopatra Devil","Bingo Talented",150
"Cleopatra Devil","Ali Forever",150
"Clerks Angels","Virginian Pluto",164
"Clerks Angels","United Pilot",164
"Clerks Angels","Mission Zoolander",164
"Clockwork Paradise","Steel Santa",143
"Clockwork Paradise","South Wait",143
"Clockwork Paradise","Encino Elf",143
"Clockwork Paradise","Detective Vision",143
"Clockwork Paradise","Crooked Frogmen",143
"Clockwork Paradise","Cincinatti Whisperer",143
"Clones Pinocchio","Speed Suit",124
"Clones Pinocchio","Jingle Sagebrush",124
"Clones Pinocchio","Chisum Behavior",124
"Closer Bang","Super Wyoming",58
"Closer Bang","Rings Heartbreakers",58
"Closer Bang","Oklahoma Jumanji",58
"Closer Bang","Jekyll Frogmen",58
"Closer Bang","Fantasy Troopers",58
"Closer Bang","Dances None",58
"Club Graffiti","Patriot Roman",65
"Club Graffiti","Lovely Jingle",65
"Club Graffiti","Hunting Musketeers",65
"Club Graffiti","Freddy Storm",65
"Club Graffiti","Confessions Maguire",65
"Club Graffiti","Barbarella Streetcar",65
"Clue Grail","Wedding Apollo",70
"Clue Grail","Louisiana Harry",70
"Clue Grail","Gunfight Moon",70
"Clue Grail","Coldblooded Darling",70
"Clue Grail","Chance Resurrection",70
"Clue Grail","Candidate Perdition",70
"Clueless Bucket","Horn Working",95
"Clyde Theory","Worker Tarzan",139
"Clyde Theory","Voice Peach",139
"Clyde Theory","Traffic Hobbit",139
"Clyde Theory","Stranger Strangers",139
"Clyde Theory","Shrunk Divine",139
"Clyde Theory","Horror Reign",139
"Clyde Theory","Hope Tootsie",139
"Clyde Theory","Groundhog Uncut",139
"Clyde Theory","Dorado Notting",139
"Clyde Theory","Creatures Shakespeare",139
"Coast Rainbow","Wolves Desire",55
"Core Suit","Truman Crazy",92
"Core Suit","Sundance Invasion",92
"Core Suit","Opposite Necklace",92
"Core Suit","National Story",92
"Core Suit","Mystic Truman",92
"Core Suit","Kane Exorcist",92
"Core Suit","Encounters Curtain",92
"Core Suit","Caribbean Liberty",92
"Core Suit","Apache Divine",92
"Core Suit","Anaconda Confessions",92
"Coldblooded Darling","Wedding Apollo",70
"Coldblooded Darling","Louisiana Harry",70
"Coldblooded Darling","Gunfight Moon",70
"Coldblooded Darling","Clue Grail",70
"Coldblooded Darling","Chance Resurrection",70
"Coldblooded Darling","Candidate Perdition",70
"Color Philadelphia","Spirit Flintstones",149
"Color Philadelphia","River Outlaw",149
"Color Philadelphia","Nightmare Chill",149
"Color Philadelphia","Minds Truman",149
"Color Philadelphia","Holocaust Highball",149
"Coma Head","Whale Bikini",109
"Coma Head","Secrets Paradise",109
"Coma Head","Rugrats Shakespeare",109
"Coma Head","Park Citizen",109
"Coma Head","Panther Reds",109
"Coma Head","House Dynamite",109
"Comancheros Enemy","Silence Kane",67
"Comancheros Enemy","Shootist Superfly",67
"Comancheros Enemy","North Tequila",67
"Comancheros Enemy","Lonely Elephant",67
"Comancheros Enemy","Lady Stage",67
"Comancheros Enemy","Egg Igby",67
"Comancheros Enemy","Butch Panther",67
"Comforts Rush","Villain Desperate",76
"Comforts Rush","Orange Grapes",76
"Comforts Rush","Haunted Antitrust",76
"Comforts Rush","Destination Jerk",76
"Comforts Rush","Desire Alien",76
"Comforts Rush","Boondock Ballroom",76
"Command Darling","Untouchables Sunrise",120
"Command Darling","Rage Games",120
"Command Darling","Order Betrayed",120
"Command Darling","Lock Rear",120
"Command Darling","Karate Moon",120
"Command Darling","Dolls Rage",120
"Command Darling","Dazed Punk",120
"Command Darling","Calendar Gunfight",120
"Commandments Express","Whisperer Giant",59
"Commandments Express","Vision Torque",59
"Commandments Express","Minority Kiss",59
"Commandments Express","Legend Jedi",59
"Commandments Express","Jet Neighbors",59
"Commandments Express","Interview Liaisons",59
"Commandments Express","Heartbreakers Bright",59
"Commandments Express","Daughter Madigan",59
"Coneheads Smoochy","Watership Frontier",112
"Coneheads Smoochy","Wait Cider",112
"Coneheads Smoochy","Stagecoach Armageddon",112
"Coneheads Smoochy","Spy Mile",112
"Coneheads Smoochy","Seabiscuit Punk",112
"Coneheads Smoochy","Quills Bull",112
"Coneheads Smoochy","Jaws Harry",112
"Coneheads Smoochy","Forrester Comancheros",112
"Coneheads Smoochy","Crusade Honey",112
"Coneheads Smoochy","Crowds Telemark",112
"Coneheads Smoochy","Conversation Downhill",112
"Coneheads Smoochy","Cat Coneheads",112
"Confessions Maguire","Patriot Roman",65
"Confessions Maguire","Lovely Jingle",65
"Confessions Maguire","Hunting Musketeers",65
"Confessions Maguire","Freddy Storm",65
"Confessions Maguire","Club Graffiti",65
"Confessions Maguire","Barbarella Streetcar",65
"Confidential Interview","Something Duck",180
"Confidential Interview","Nash Chocolat",180
"Confidential Interview","Mussolini Spoilers",180
"Confidential Interview","Mixed Doors",180
"Confidential Interview","Impact Aladdin",180
"Confidential Interview","Alley Evolution",180
"Confused Candles","Vanilla Day",122
"Confused Candles","Mighty Luck",122
"Confused Candles","Illusion Amelie",122
"Confused Candles","Hours Rage",122
"Confused Candles","Extraordinary Conquerer",122
"Confused Candles","Dogma Family",122
"Confused Candles","Deceiver Betrayed",122
"Confused Candles","Chicken Hellfighters",122
"Confused Candles","Betrayed Rear",122
"Confused Candles","Beach Heartbreakers",122
"Congeniality Quest","Treatment Jekyll",87
"Congeniality Quest","Sleuth Orient",87
"Congeniality Quest","Devil Desire",87
"Congeniality Quest","Cheaper Clyde",87
"Congeniality Quest","Bang Kwai",87
"Connecticut Tramp","Uncut Suicides",172
"Connecticut Tramp","Tights Dawn",172
"Connecticut Tramp","Northwest Polish",172
"Connecticut Tramp","Jerk Paycheck",172
"Connecticut Tramp","Idaho Love",172
"Connecticut Tramp","Eyes Driving",172
"Connecticut Tramp","Creepers Kane",172
"Connection Microcosmos","Troopers Metal",115
"Connection Microcosmos","Prix Undefeated",115
"Connection Microcosmos","Potter Connecticut",115
"Connection Microcosmos","Oscar Gold",115
"Connection Microcosmos","Glory Tracy",115
"Connection Microcosmos","Element Freddy",115
"Conquerer Nuts","Velvet Terminator",173
"Conquerer Nuts","Talented Homicide",173
"Conquerer Nuts","Pizza Jumanji",173
"Conquerer Nuts","Gladiator Westward",173
"Conquerer Nuts","Fire Wolves",173
"Conquerer Nuts","Ballroom Mockingbird",173
"Conspiracy Spirit","Theory Mermaid",184
"Conspiracy Spirit","Sorority Queen",184
"Conspiracy Spirit","Sons Interview",184
"Conspiracy Spirit","Smoochy Control",184
"Conspiracy Spirit","Moonwalker Fool",184
"Conspiracy Spirit","King Evolution",184
"Conspiracy Spirit","Crystal Breaking",184
"Contact Anonymous","Murder Antitrust",166
"Contact Anonymous","Motions Details",166
"Contact Anonymous","Mine Titans",166
"Contact Anonymous","Greedy Roots",166
"Control Anthem","Worst Banger",185
"Control Anthem","Sweet Brotherhood",185
"Control Anthem","Soldiers Evolution",185
"Control Anthem","Pond Seattle",185
"Control Anthem","Muscle Bright",185
"Control Anthem","Home Pity",185
"Control Anthem","Gangs Pride",185
"Control Anthem","Darn Forrester",185
"Control Anthem","Chicago North",185
"Conversation Downhill","Watership Frontier",112
"Conversation Downhill","Wait Cider",112
"Conversation Downhill","Stagecoach Armageddon",112
"Conversation Downhill","Spy Mile",112
"Conversation Downhill","Seabiscuit Punk",112
"Conversation Downhill","Quills Bull",112
"Conversation Downhill","Jaws Harry",112
"Conversation Downhill","Forrester Comancheros",112
"Conversation Downhill","Crusade Honey",112
"Conversation Downhill","Crowds Telemark",112
"Conversation Downhill","Coneheads Smoochy",112
"Conversation Downhill","Cat Coneheads",112
"Cowboy Doom","Mourning Purple",146
"Cowboy Doom","Hamlet Wisdom",146
"Cowboy Doom","Half Outfield",146
"Cowboy Doom","Chaplin License",146
"Craft Outfield","Victory Academy",64
"Craft Outfield","Trip Newton",64
"Craft Outfield","Taxi Kick",64
"Craft Outfield","Sleepless Monsoon",64
"Craft Outfield","Novocaine Flight",64
"Craft Outfield","Mile Mulan",64
"Craft Outfield","Metropolis Coma",64
"Craft Outfield","Desert Poseidon",64
"Cranes Reservoir","Storm Happiness",57
"Cranes Reservoir","Noon Papi",57
"Cranes Reservoir","Mosquito Armageddon",57
"Cranes Reservoir","Doctor Grail",57
"Cranes Reservoir","Dawn Pond",57
"Cranes Reservoir","Alter Victory",57
"Crazy Home","Town Ark",136
"Crazy Home","Squad Fish",136
"Crazy Home","Reap Unfaithful",136
"Crazy Home","Pianist Outfield",136
"Crazy Home","Maker Gables",136
"Crazy Home","Hollow Jeopardy",136
"Crazy Home","Bringing Hysterical",136
"Crazy Home","Alaska Phantom",136
"Creatures Shakespeare","Worker Tarzan",139
"Creatures Shakespeare","Voice Peach",139
"Creatures Shakespeare","Traffic Hobbit",139
"Creatures Shakespeare","Stranger Strangers",139
"Creatures Shakespeare","Shrunk Divine",139
"Creatures Shakespeare","Horror Reign",139
"Creatures Shakespeare","Hope Tootsie",139
"Creatures Shakespeare","Groundhog Uncut",139
"Creatures Shakespeare","Dorado Notting",139
"Creatures Shakespeare","Clyde Theory",139
"Creepers Kane","Uncut Suicides",172
"Creepers Kane","Tights Dawn",172
"Creepers Kane","Northwest Polish",172
"Creepers Kane","Jerk Paycheck",172
"Creepers Kane","Idaho Love",172
"Creepers Kane","Eyes Driving",172
"Creepers Kane","Connecticut Tramp",172
"Crooked Frogmen","Steel Santa",143
"Crooked Frogmen","South Wait",143
"Crooked Frogmen","Encino Elf",143
"Crooked Frogmen","Detective Vision",143
"Crooked Frogmen","Clockwork Paradise",143
"Crooked Frogmen","Cincinatti Whisperer",143
"Crossing Divorce","Zorro Ark",50
"Crossing Divorce","Smoking Barbarella",50
"Crossing Divorce","Pilot Hoosiers",50
"Crossing Divorce","Natural Stock",50
"Crossing Divorce","Muppet Mile",50
"Crossing Divorce","Lion Uncut",50
"Crossing Divorce","Blues Instinct",50
"Crossing Divorce","Adaptation Holes",50
"Crossroads Casualties","Rules Human",153
"Crossroads Casualties","Rollercoaster Bringing",153
"Crossroads Casualties","Right Cranes",153
"Crossroads Casualties","Leathernecks Dwarfs",153
"Crossroads Casualties","Goldmine Tycoon",153
"Crossroads Casualties","Edge Kissing",153
"Crossroads Casualties","Baby Hall",153
"Crossroads Casualties","Apollo Teen",153
"Crow Grease","Titanic Boondock",104
"Crow Grease","Ship Wonderland",104
"Crow Grease","Mermaid Insects",104
"Crow Grease","Feathers Metal",104
"Crow Grease","Date Speed",104
"Crowds Telemark","Watership Frontier",112
"Crowds Telemark","Wait Cider",112
"Crowds Telemark","Stagecoach Armageddon",112
"Crowds Telemark","Spy Mile",112
"Crowds Telemark","Seabiscuit Punk",112
"Crowds Telemark","Quills Bull",112
"Crowds Telemark","Jaws Harry",112
"Crowds Telemark","Forrester Comancheros",112
"Crowds Telemark","Crusade Honey",112
"Crowds Telemark","Conversation Downhill",112
"Crowds Telemark","Coneheads Smoochy",112
"Crowds Telemark","Cat Coneheads",112
"Cruelty Unforgiven","Timberland Sky",69
"Cruelty Unforgiven","Lebowski Soldiers",69
"Cruelty Unforgiven","Hollywood Anonymous",69
"Cruelty Unforgiven","Head Stranger",69
"Cruelty Unforgiven","Flying Hook",69
"Crusade Honey","Watership Frontier",112
"Crusade Honey","Wait Cider",112
"Crusade Honey","Stagecoach Armageddon",112
"Crusade Honey","Spy Mile",112
"Crusade Honey","Seabiscuit Punk",112
"Crusade Honey","Quills Bull",112
"Crusade Honey","Jaws Harry",112
"Crusade Honey","Forrester Comancheros",112
"Crusade Honey","Crowds Telemark",112
"Crusade Honey","Conversation Downhill",112
"Crusade Honey","Coneheads Smoochy",112
"Crusade Honey","Cat Coneheads",112
"Crystal Breaking","Theory Mermaid",184
"Crystal Breaking","Sorority Queen",184
"Crystal Breaking","Sons Interview",184
"Crystal Breaking","Smoochy Control",184
"Crystal Breaking","Moonwalker Fool",184
"Crystal Breaking","King Evolution",184
"Crystal Breaking","Conspiracy Spirit",184
"Cupboard Sinners","Matrix Snowman",56
"Cupboard Sinners","Goodfellas Salute",56
"Cupboard Sinners","Destiny Saturday",56
"Cupboard Sinners","Bride Intrigue",56
"Curtain Videotape","Mallrats United",133
"Curtain Videotape","Freedom Cleopatra",133
"Curtain Videotape","Dragonfly Strangers",133
"Curtain Videotape","Bucket Brotherhood",133
"Cyclone Family","Wrath Mile",176
"Cyclone Family","Sweden Shining",176
"Cyclone Family","Hoosiers Birdcage",176
"Cyclone Family","Greek Everyone",176
"Cyclone Family","Gathering Calendar",176
"Cyclone Family","Entrapment Satisfaction",176
"Cyclone Family","Dracula Crystal",176
"Cyclone Family","Caper Motions",176
"Cyclone Family","Braveheart Human",176
"Daddy Pittsburgh","Wash Heavenly",161
"Daddy Pittsburgh","Oleander Clue",161
"Daddy Pittsburgh","Neighbors Charade",161
"Daddy Pittsburgh","Metal Armageddon",161
"Daddy Pittsburgh","Massage Image",161
"Daddy Pittsburgh","Killer Innocent",161
"Daddy Pittsburgh","Gables Metropolis",161
"Daddy Pittsburgh","Brooklyn Desert",161
"Daisy Menagerie","Uptown Young",84
"Daisy Menagerie","Sling Luke",84
"Daisy Menagerie","Savannah Town",84
"Daisy Menagerie","Pluto Oleander",84
"Daisy Menagerie","Packer Madigan",84
"Daisy Menagerie","Jeepers Wedding",84
"Daisy Menagerie","Island Exorcist",84
"Daisy Menagerie","Idols Snatchers",84
"Daisy Menagerie","Honey Ties",84
"Daisy Menagerie","High Encino",84
"Daisy Menagerie","Guys Falcon",84
"Daisy Menagerie","Gone Trouble",84
"Dalmations Sweden","Sagebrush Clueless",106
"Dalmations Sweden","Private Drop",106
"Dalmations Sweden","Gaslight Crusade",106
"Dalmations Sweden","Deer Virginian",106
"Dalmations Sweden","Bed Highball",106
"Dances None","Super Wyoming",58
"Dances None","Rings Heartbreakers",58
"Dances None","Oklahoma Jumanji",58
"Dances None","Jekyll Frogmen",58
"Dances None","Fantasy Troopers",58
"Dances None","Closer Bang",58
"Dancing Fever","Virtual Spoilers",144
"Dancing Fever","Towers Hurricane",144
"Dancing Fever","Strictly Scarface",144
"Dancing Fever","President Bang",144
"Dancing Fever","Pacific Amistad",144
"Dancing Fever","Lambs Cincinatti",144
"Dancing Fever","Factory Dragon",144
"Dangerous Uptown","Pure Runner",121
"Dangerous Uptown","Paris Weekend",121
"Dangerous Uptown","Jumanji Blade",121
"Dangerous Uptown","Harry Idaho",121
"Dangerous Uptown","Brannigan Sunrise",121
"Dangerous Uptown","Boogie Amelie",121
"Dangerous Uptown","Arizona Bang",121
"Dares Pluto","Roots Remember",89
"Dares Pluto","Pulp Beverly",89
"Dares Pluto","Gleaming Jawbreaker",89
"Dares Pluto","Butterfly Chocolat",89
"Dares Pluto","Beast Hunchback",89
"Darkness War","Tenenbaums Command",99
"Darkness War","Sabrina Midnight",99
"Darkness War","Pet Haunting",99
"Darkness War","Perdition Fargo",99
"Darkness War","Patient Sister",99
"Darkness War","French Holiday",99
"Darkness War","Armageddon Lost",99
"Darko Dorado","Stallion Sundance",130
"Darko Dorado","Majestic Floats",130
"Darko Dorado","Jason Trap",130
"Darko Dorado","Fargo Gandhi",130
"Darko Dorado","African Egg",130
"Darling Breaking","Speakeasy Date",165
"Darling Breaking","Song Hedwig",165
"Darling Breaking","Massacre Usual",165
"Darling Breaking","Citizen Shrek",165
"Darn Forrester","Worst Banger",185
"Darn Forrester","Sweet Brotherhood",185
"Darn Forrester","Soldiers Evolution",185
"Darn Forrester","Pond Seattle",185
"Darn Forrester","Muscle Bright",185
"Darn Forrester","Home Pity",185
"Darn Forrester","Gangs Pride",185
"Darn Forrester","Control Anthem",185
"Darn Forrester","Chicago North",185
"Daughter Madigan","Whisperer Giant",59
"Daughter Madigan","Vision Torque",59
"Daughter Madigan","Minority Kiss",59
"Daughter Madigan","Legend Jedi",59
"Daughter Madigan","Jet Neighbors",59
"Daughter Madigan","Interview Liaisons",59
"Daughter Madigan","Heartbreakers Bright",59
"Daughter Madigan","Commandments Express",59
"Dawn Pond","Storm Happiness",57
"Dawn Pond","Noon Papi",57
"Dawn Pond","Mosquito Armageddon",57
"Dawn Pond","Doctor Grail",57
"Dawn Pond","Cranes Reservoir",57
"Dawn Pond","Alter Victory",57
"Day Unfaithful","State Wasteland",113
"Day Unfaithful","Shepherd Midsummer",113
"Day Unfaithful","Legally Secretary",113
"Day Unfaithful","Ladybugs Armageddon",113
"Day Unfaithful","Banger Pinocchio",113
"Day Unfaithful","Attacks Hate",113
"Day Unfaithful","Amadeus Holy",113
"Dazed Punk","Untouchables Sunrise",120
"Dazed Punk","Rage Games",120
"Dazed Punk","Order Betrayed",120
"Dazed Punk","Lock Rear",120
"Dazed Punk","Karate Moon",120
"Dazed Punk","Dolls Rage",120
"Dazed Punk","Command Darling",120
"Dazed Punk","Calendar Gunfight",120
"Deceiver Betrayed","Vanilla Day",122
"Deceiver Betrayed","Mighty Luck",122
"Deceiver Betrayed","Illusion Amelie",122
"Deceiver Betrayed","Hours Rage",122
"Deceiver Betrayed","Extraordinary Conquerer",122
"Deceiver Betrayed","Dogma Family",122
"Deceiver Betrayed","Confused Candles",122
"Deceiver Betrayed","Chicken Hellfighters",122
"Deceiver Betrayed","Betrayed Rear",122
"Deceiver Betrayed","Beach Heartbreakers",122
"Deep Crusade","Simon North",51
"Deep Crusade","Hall Cassidy",51
"Deep Crusade","Frisco Forrest",51
"Deep Crusade","Excitement Eve",51
"Deep Crusade","English Bulworth",51
"Deep Crusade","Champion Flatliners",51
"Deer Virginian","Sagebrush Clueless",106
"Deer Virginian","Private Drop",106
"Deer Virginian","Gaslight Crusade",106
"Deer Virginian","Dalmations Sweden",106
"Deer Virginian","Bed Highball",106
"Deliverance Mulholland","Wyoming Storm",100
"Deliverance Mulholland","Witches Panic",100
"Deliverance Mulholland","Punk Divorce",100
"Deliverance Mulholland","Pirates Roxanne",100
"Deliverance Mulholland","Hyde Doctor",100
"Deliverance Mulholland","Happiness United",100
"Deliverance Mulholland","Gun Bonnie",100
"Deliverance Mulholland","Flatliners Killer",100
"Deliverance Mulholland","Divine Resurrection",100
"Deliverance Mulholland","Bilko Anonymous",100
"Deliverance Mulholland","Behavior Runaway",100
"Desert Poseidon","Victory Academy",64
"Desert Poseidon","Trip Newton",64
"Desert Poseidon","Taxi Kick",64
"Desert Poseidon","Sleepless Monsoon",64
"Desert Poseidon","Novocaine Flight",64
"Desert Poseidon","Mile Mulan",64
"Desert Poseidon","Metropolis Coma",64
"Desert Poseidon","Craft Outfield",64
"Desire Alien","Villain Desperate",76
"Desire Alien","Orange Grapes",76
"Desire Alien","Haunted Antitrust",76
"Desire Alien","Destination Jerk",76
"Desire Alien","Comforts Rush",76
"Desire Alien","Boondock Ballroom",76
"Desperate Trainspotting","Roman Punk",81
"Desperate Trainspotting","Clash Freddy",81
"Destination Jerk","Villain Desperate",76
"Destination Jerk","Orange Grapes",76
"Destination Jerk","Haunted Antitrust",76
"Destination Jerk","Desire Alien",76
"Destination Jerk","Comforts Rush",76
"Destination Jerk","Boondock Ballroom",76
"Destiny Saturday","Matrix Snowman",56
"Destiny Saturday","Goodfellas Salute",56
"Destiny Saturday","Cupboard Sinners",56
"Destiny Saturday","Bride Intrigue",56
"Details Packer","Terminator Club",88
"Details Packer","Purple Movie",88
"Details Packer","Holy Tadpole",88
"Detective Vision","Steel Santa",143
"Detective Vision","South Wait",143
"Detective Vision","Encino Elf",143
"Detective Vision","Crooked Frogmen",143
"Detective Vision","Clockwork Paradise",143
"Detective Vision","Cincinatti Whisperer",143
"Devil Desire","Treatment Jekyll",87
"Devil Desire","Sleuth Orient",87
"Devil Desire","Congeniality Quest",87
"Devil Desire","Cheaper Clyde",87
"Devil Desire","Bang Kwai",87
"Diary Panic","Wanda Chamber",107
"Diary Panic","Undefeated Dalmations",107
"Diary Panic","Party Knock",107
"Diary Panic","Monster Spartacus",107
"Diary Panic","Intentions Empire",107
"Diary Panic","Hate Handicap",107
"Diary Panic","Hanky October",107
"Diary Panic","Effect Gladiator",107
"Diary Panic","Chitty Lock",107
"Dinosaur Secretary","Reunion Witches",63
"Dinosaur Secretary","Intolerable Intentions",63
"Dinosaur Secretary","Forrest Sons",63
"Dinosaur Secretary","Bunch Minds",63
"Dinosaur Secretary","Boulevard Mob",63
"Dinosaur Secretary","Borrowers Bedazzled",63
"Dinosaur Secretary","Bonnie Holocaust",63
"Dinosaur Secretary","Aladdin Calendar",63
"Dirty Ace","Slums Duck",147
"Dirty Ace","Scissorhands Slums",147
"Dirty Ace","Range Moonwalker",147
"Dirty Ace","Racer Egg",147
"Dirty Ace","Menagerie Rushmore",147
"Dirty Ace","Madison Trap",147
"Dirty Ace","Lies Treatment",147
"Dirty Ace","Arachnophobia Rollercoaster",147
"Disciple Mother","Sun Confessions",141
"Disciple Mother","Spice Sorority",141
"Disciple Mother","Kissing Dolls",141
"Disciple Mother","Homicide Peach",141
"Disciple Mother","Hocus Frida",141
"Disciple Mother","Dynamite Tarzan",141
"Disturbing Scarface","Stone Fire",94
"Disturbing Scarface","Full Flatliners",94
"Disturbing Scarface","Alice Fantasia",94
"Divide Monster","Tomatoes Hellfighters",68
"Divide Monster","Human Graffiti",68
"Divide Monster","Doom Dancing",68
"Divide Monster","Ark Ridgemont",68
"Divine Resurrection","Wyoming Storm",100
"Divine Resurrection","Witches Panic",100
"Divine Resurrection","Punk Divorce",100
"Divine Resurrection","Pirates Roxanne",100
"Divine Resurrection","Hyde Doctor",100
"Divine Resurrection","Happiness United",100
"Divine Resurrection","Gun Bonnie",100
"Divine Resurrection","Flatliners Killer",100
"Divine Resurrection","Deliverance Mulholland",100
"Divine Resurrection","Bilko Anonymous",100
"Divine Resurrection","Behavior Runaway",100
"Divorce Shining","Suspects Quills",47
"Divorce Shining","Shanghai Tycoon",47
"Divorce Shining","Hawk Chill",47
"Divorce Shining","Hanover Galaxy",47
"Divorce Shining","Halloween Nuts",47
"Divorce Shining","Downhill Enough",47
"Doctor Grail","Storm Happiness",57
"Doctor Grail","Noon Papi",57
"Doctor Grail","Mosquito Armageddon",57
"Doctor Grail","Dawn Pond",57
"Doctor Grail","Cranes Reservoir",57
"Doctor Grail","Alter Victory",57
"Dogma Family","Vanilla Day",122
"Dogma Family","Mighty Luck",122
"Dogma Family","Illusion Amelie",122
"Dogma Family","Hours Rage",122
"Dogma Family","Extraordinary Conquerer",122
"Dogma Family","Deceiver Betrayed",122
"Dogma Family","Confused Candles",122
"Dogma Family","Chicken Hellfighters",122
"Dogma Family","Betrayed Rear",122
"Dogma Family","Beach Heartbreakers",122
"Dolls Rage","Untouchables Sunrise",120
"Dolls Rage","Rage Games",120
"Dolls Rage","Order Betrayed",120
"Dolls Rage","Lock Rear",120
"Dolls Rage","Karate Moon",120
"Dolls Rage","Dazed Punk",120
"Dolls Rage","Command Darling",120
"Dolls Rage","Calendar Gunfight",120
"Donnie Alley","Shining Roses",125
"Donnie Alley","Saints Bride",125
"Donnie Alley","Hunter Alter",125
"Donnie Alley","Gentlemen Stage",125
"Donnie Alley","Fish Opus",125
"Donnie Alley","Bull Shawshank",125
"Doom Dancing","Tomatoes Hellfighters",68
"Doom Dancing","Human Graffiti",68
"Doom Dancing","Divide Monster",68
"Doom Dancing","Ark Ridgemont",68
"Doors President","Hurricane Affair",49
"Doors President","Hook Chariots",49
"Doors President","Heavenly Gun",49
"Doors President","Grosse Wonderful",49
"Dorado Notting","Worker Tarzan",139
"Dorado Notting","Voice Peach",139
"Dorado Notting","Traffic Hobbit",139
"Dorado Notting","Stranger Strangers",139
"Dorado Notting","Shrunk Divine",139
"Dorado Notting","Horror Reign",139
"Dorado Notting","Hope Tootsie",139
"Dorado Notting","Groundhog Uncut",139
"Dorado Notting","Creatures Shakespeare",139
"Dorado Notting","Clyde Theory",139
"Double Wrath","Rider Caddyshack",177
"Double Wrath","Quest Mussolini",177
"Double Wrath","Manchurian Curtain",177
"Double Wrath","Empire Malkovich",177
"Double Wrath","Dozen Lion",177
"Doubtfire Labyrinth","Shrek License",154
"Doubtfire Labyrinth","Sassy Packer",154
"Doubtfire Labyrinth","Santa Paris",154
"Doubtfire Labyrinth","Raging Airplane",154
"Doubtfire Labyrinth","Gold River",154
"Doubtfire Labyrinth","Durham Panky",154
"Downhill Enough","Suspects Quills",47
"Downhill Enough","Shanghai Tycoon",47
"Downhill Enough","Hawk Chill",47
"Downhill Enough","Hanover Galaxy",47
"Downhill Enough","Halloween Nuts",47
"Downhill Enough","Divorce Shining",47
"Dozen Lion","Rider Caddyshack",177
"Dozen Lion","Quest Mussolini",177
"Dozen Lion","Manchurian Curtain",177
"Dozen Lion","Empire Malkovich",177
"Dozen Lion","Double Wrath",177
"Dracula Crystal","Wrath Mile",176
"Dracula Crystal","Sweden Shining",176
"Dracula Crystal","Hoosiers Birdcage",176
"Dracula Crystal","Greek Everyone",176
"Dracula Crystal","Gathering Calendar",176
"Dracula Crystal","Entrapment Satisfaction",176
"Dracula Crystal","Cyclone Family",176
"Dracula Crystal","Caper Motions",176
"Dracula Crystal","Braveheart Human",176
"Dragon Squad","Trading Pinocchio",170
"Dragon Squad","Atlantis Cause",170
"Dragon Squad","Artist Coldblooded",170
"Dragonfly Strangers","Mallrats United",133
"Dragonfly Strangers","Freedom Cleopatra",133
"Dragonfly Strangers","Curtain Videotape",133
"Dragonfly Strangers","Bucket Brotherhood",133
"Dream Pickup","Walls Artist",135
"Dream Pickup","Thief Pelican",135
"Dream Pickup","Sunrise League",135
"Dream Pickup","Sierra Divide",135
"Dream Pickup","Money Harold",135
"Dream Pickup","Japanese Run",135
"Dream Pickup","Indian Love",135
"Dream Pickup","Grease Youth",135
"Dream Pickup","Candles Grapes",135
"Drifter Commandments","Waterfront Deliverance",61
"Drifter Commandments","Trouble Date",61
"Drifter Commandments","Reservoir Adaptation",61
"Drifter Commandments","Polish Brooklyn",61
"Drifter Commandments","Chinatown Gladiator",61
"Drifter Commandments","Cassidy Wyoming",61
"Drifter Commandments","Camelot Vacation",61
"Drifter Commandments","Bulworth Commandments",61
"Drifter Commandments","Birds Perdition",61
"Driver Annie","West Lion",159
"Driver Annie","Poseidon Forever",159
"Driver Annie","Newsies Story",159
"Driver Annie","Malkovich Pet",159
"Driver Annie","Frankenstein Stranger",159
"Driving Polish","Splash Gump",175
"Driving Polish","Patton Interview",175
"Driving Polish","Model Fish",175
"Driving Polish","Lawrence Love",175
"Driving Polish","Beauty Grease",175
"Drop Waterfront","Wrong Behavior",178
"Drop Waterfront","Wardrobe Phantom",178
"Drop Waterfront","Rocketeer Mother",178
"Drop Waterfront","Name Detective",178
"Drop Waterfront","Madness Attacks",178
"Drop Waterfront","Innocent Usual",178
"Drop Waterfront","Image Princess",178
"Drop Waterfront","Fury Murder",178
"Drop Waterfront","Express Lonely",178
"Drumline Cyclone","Trap Guys",110
"Drumline Cyclone","Snatch Slipper",110
"Drumline Cyclone","Seattle Expecations",110
"Drumline Cyclone","Samurai Lion",110
"Drumline Cyclone","Remember Diary",110
"Drumline Cyclone","League Hellfighters",110
"Drumline Cyclone","Highball Potter",110
"Drumline Cyclone","Celebrity Horn",110
"Drums Dynamite","Early Home",96
"Duck Racer","Words Hunter",116
"Duck Racer","Madigan Dorado",116
"Duck Racer","Instinct Airport",116
"Dude Blindness","Volume House",132
"Dude Blindness","Trainspotting Strangers",132
"Dude Blindness","Streak Ridgemont",132
"Dude Blindness","Sky Miracle",132
"Dude Blindness","Platoon Instinct",132
"Dude Blindness","Necklace Outbreak",132
"Dude Blindness","Chocolate Duck",132
"Duffel Apocalypse","World Leathernecks",171
"Duffel Apocalypse","Tramp Others",171
"Duffel Apocalypse","Roxanne Rebel",171
"Duffel Apocalypse","Moonshine Cabin",171
"Duffel Apocalypse","Magnolia Forrester",171
"Duffel Apocalypse","Kramer Chocolate",171
"Duffel Apocalypse","Jericho Mulan",171
"Dumbo Lust","Strangers Graffiti",119
"Dumbo Lust","Identity Lover",119
"Dumbo Lust","Games Bowfinger",119
"Dumbo Lust","Bugsy Song",119
"Dumbo Lust","Apocalypse Flamingos",119
"Durham Panky","Shrek License",154
"Durham Panky","Sassy Packer",154
"Durham Panky","Santa Paris",154
"Durham Panky","Raging Airplane",154
"Durham Panky","Gold River",154
"Durham Panky","Doubtfire Labyrinth",154
"Dwarfs Alter","Zoolander Fiction",101
"Dwarfs Alter","Runner Madigan",101
"Dwarfs Alter","Roof Champion",101
"Dwarfs Alter","Ghostbusters Elf",101
"Dwarfs Alter","Cider Desire",101
"Dwarfs Alter","Chocolat Harry",101
"Dynamite Tarzan","Sun Confessions",141
"Dynamite Tarzan","Spice Sorority",141
"Dynamite Tarzan","Kissing Dolls",141
"Dynamite Tarzan","Homicide Peach",141
"Dynamite Tarzan","Hocus Frida",141
"Dynamite Tarzan","Disciple Mother",141
"Eagles Panky","Steers Armageddon",140
"Eagles Panky","Loathing Legally",140
"Eagles Panky","Liaisons Sweet",140
"Eagles Panky","Graceland Dynamite",140
"Early Home","Drums Dynamite",96
"Earring Instinct","Wisdom Worker",98
"Earring Instinct","Sensibility Rear",98
"Earring Instinct","Prejudice Oleander",98
"Earring Instinct","Madre Gables",98
"Earring Instinct","Lost Bird",98
"Earring Instinct","Feud Frogmen",98
"Earring Instinct","Bound Cheaper",98
"Earth Vision","Wonka Sea",85
"Earth Vision","Window Side",85
"Earth Vision","Wasteland Divine",85
"Earth Vision","Varsity Trip",85
"Earth Vision","Stage World",85
"Earth Vision","Oz Liaisons",85
"Earth Vision","Lola Agent",85
"Earth Vision","Grail Frankenstein",85
"Earth Vision","Ghost Groundhog",85
"Earth Vision","Ending Crowds",85
"Earth Vision","Egypt Tenenbaums",85
"Earth Vision","Casablanca Super",85
"Earth Vision","Canyon Stock",85
"Earth Vision","Blackout Private",85
"Earth Vision","Beverly Outlaw",85
"Earth Vision","Amistad Midsummer",85
"Easy Gladiator","Telegraph Voyage",148
"Easy Gladiator","Outlaw Hanky",148
"Easy Gladiator","Flintstones Happiness",148
"Easy Gladiator","Fireball Philadelphia",148
"Easy Gladiator","Blanket Beverly",148
"Easy Gladiator","Army Flintstones",148
"Edge Kissing","Rules Human",153
"Edge Kissing","Rollercoaster Bringing",153
"Edge Kissing","Right Cranes",153
"Edge Kissing","Leathernecks Dwarfs",153
"Edge Kissing","Goldmine Tycoon",153
"Edge Kissing","Crossroads Casualties",153
"Edge Kissing","Baby Hall",153
"Edge Kissing","Apollo Teen",153
"Effect Gladiator","Wanda Chamber",107
"Effect Gladiator","Undefeated Dalmations",107
"Effect Gladiator","Party Knock",107
"Effect Gladiator","Monster Spartacus",107
"Effect Gladiator","Intentions Empire",107
"Effect Gladiator","Hate Handicap",107
"Effect Gladiator","Hanky October",107
"Effect Gladiator","Diary Panic",107
"Effect Gladiator","Chitty Lock",107
"Egg Igby","Silence Kane",67
"Egg Igby","Shootist Superfly",67
"Egg Igby","North Tequila",67
"Egg Igby","Lonely Elephant",67
"Egg Igby","Lady Stage",67
"Egg Igby","Comancheros Enemy",67
"Egg Igby","Butch Panther",67
"Egypt Tenenbaums","Wonka Sea",85
"Egypt Tenenbaums","Window Side",85
"Egypt Tenenbaums","Wasteland Divine",85
"Egypt Tenenbaums","Varsity Trip",85
"Egypt Tenenbaums","Stage World",85
"Egypt Tenenbaums","Oz Liaisons",85
"Egypt Tenenbaums","Lola Agent",85
"Egypt Tenenbaums","Grail Frankenstein",85
"Egypt Tenenbaums","Ghost Groundhog",85
"Egypt Tenenbaums","Ending Crowds",85
"Egypt Tenenbaums","Earth Vision",85
"Egypt Tenenbaums","Casablanca Super",85
"Egypt Tenenbaums","Canyon Stock",85
"Egypt Tenenbaums","Blackout Private",85
"Egypt Tenenbaums","Beverly Outlaw",85
"Egypt Tenenbaums","Amistad Midsummer",85
"Element Freddy","Troopers Metal",115
"Element Freddy","Prix Undefeated",115
"Element Freddy","Potter Connecticut",115
"Element Freddy","Oscar Gold",115
"Element Freddy","Glory Tracy",115
"Element Freddy","Connection Microcosmos",115
"Elephant Trojan","Wonderful Drop",126
"Elephant Trojan","Women Dorado",126
"Elephant Trojan","Vampire Whale",126
"Elephant Trojan","Sinners Atlantis",126
"Elephant Trojan","Pajama Jawbreaker",126
"Elephant Trojan","Montezuma Command",126
"Elephant Trojan","Freaky Pocus",126
"Elephant Trojan","Alamo Videotape",126
"Elf Murder","Tadpole Park",155
"Elf Murder","Psycho Shrunk",155
"Elf Murder","Lolita World",155
"Elf Murder","Grapes Fury",155
"Elf Murder","Family Sweet",155
"Elizabeth Shane","Wagon Jaws",152
"Elizabeth Shane","Twisted Pirates",152
"Elizabeth Shane","Tuxedo Mile",152
"Elizabeth Shane","Tourist Pelican",152
"Elizabeth Shane","Telemark Heartbreakers",152
"Elizabeth Shane","Sister Freddy",152
"Elizabeth Shane","Luck Opus",152
"Elizabeth Shane","Center Dinosaur",152
"Empire Malkovich","Rider Caddyshack",177
"Empire Malkovich","Quest Mussolini",177
"Empire Malkovich","Manchurian Curtain",177
"Empire Malkovich","Dozen Lion",177
"Empire Malkovich","Double Wrath",177
"Encino Elf","Steel Santa",143
"Encino Elf","South Wait",143
"Encino Elf","Detective Vision",143
"Encino Elf","Crooked Frogmen",143
"Encino Elf","Clockwork Paradise",143
"Encino Elf","Cincinatti Whisperer",143
"Encounters Curtain","Truman Crazy",92
"Encounters Curtain","Sundance Invasion",92
"Encounters Curtain","Opposite Necklace",92
"Encounters Curtain","National Story",92
"Encounters Curtain","Mystic Truman",92
"Encounters Curtain","Kane Exorcist",92
"Encounters Curtain","Core Suit",92
"Encounters Curtain","Caribbean Liberty",92
"Encounters Curtain","Apache Divine",92
"Encounters Curtain","Anaconda Confessions",92
"Ending Crowds","Wonka Sea",85
"Ending Crowds","Window Side",85
"Ending Crowds","Wasteland Divine",85
"Ending Crowds","Varsity Trip",85
"Ending Crowds","Stage World",85
"Ending Crowds","Oz Liaisons",85
"Ending Crowds","Lola Agent",85
"Ending Crowds","Grail Frankenstein",85
"Ending Crowds","Ghost Groundhog",85
"Ending Crowds","Egypt Tenenbaums",85
"Ending Crowds","Earth Vision",85
"Ending Crowds","Casablanca Super",85
"Ending Crowds","Canyon Stock",85
"Ending Crowds","Blackout Private",85
"Ending Crowds","Beverly Outlaw",85
"Ending Crowds","Amistad Midsummer",85
"Enemy Odds","Pickup Driving",77
"Enemy Odds","Mod Secretary",77
"Enemy Odds","Memento Zoolander",77
"Enemy Odds","Fellowship Autumn",77
"Enemy Odds","Berets Agent",77
"English Bulworth","Simon North",51
"English Bulworth","Hall Cassidy",51
"English Bulworth","Frisco Forrest",51
"English Bulworth","Excitement Eve",51
"English Bulworth","Deep Crusade",51
"English Bulworth","Champion Flatliners",51
"Enough Raging","Secretary Rouge",158
"Enough Raging","Road Roxanne",158
"Enough Raging","Monterey Labyrinth",158
"Enough Raging","Fool Mockingbird",158
"Enough Raging","Fever Empire",158
"Entrapment Satisfaction","Wrath Mile",176
"Entrapment Satisfaction","Sweden Shining",176
"Entrapment Satisfaction","Hoosiers Birdcage",176
"Entrapment Satisfaction","Greek Everyone",176
"Entrapment Satisfaction","Gathering Calendar",176
"Entrapment Satisfaction","Dracula Crystal",176
"Entrapment Satisfaction","Cyclone Family",176
"Entrapment Satisfaction","Caper Motions",176
"Entrapment Satisfaction","Braveheart Human",176
"Escape Metropolis","Show Lord",167
"Escape Metropolis","Requiem Tycoon",167
"Escape Metropolis","Lesson Cleopatra",167
"Escape Metropolis","Inch Jet",167
"Escape Metropolis","Exorcist Sting",167
"Escape Metropolis","Campus Remember",167
"Eve Resurrection","Charade Duffel",66
"Everyone Craft","Story Side",163
"Everyone Craft","Queen Luke",163
"Everyone Craft","Kiss Glory",163
"Everyone Craft","Gilmore Boiled",163
"Everyone Craft","Casper Dragonfly",163
"Everyone Craft","Bird Independence",163
"Evolution Alter","Vietnam Smoochy",174
"Evolution Alter","Uprising Uptown",174
"Evolution Alter","Lights Deer",174
"Evolution Alter","Jade Bunch",174
"Evolution Alter","Italian African",174
"Excitement Eve","Simon North",51
"Excitement Eve","Hall Cassidy",51
"Excitement Eve","Frisco Forrest",51
"Excitement Eve","English Bulworth",51
"Excitement Eve","Deep Crusade",51
"Excitement Eve","Champion Flatliners",51
"Exorcist Sting","Show Lord",167
"Exorcist Sting","Requiem Tycoon",167
"Exorcist Sting","Lesson Cleopatra",167
"Exorcist Sting","Inch Jet",167
"Exorcist Sting","Escape Metropolis",167
"Exorcist Sting","Campus Remember",167
"Expecations Natural","Spirited Casualties",138
"Expecations Natural","Spinal Rocky",138
"Expecations Natural","Pocus Pulp",138
"Expecations Natural","Maiden Home",138
"Expecations Natural","Liberty Magnificent",138
"Expendable Stallion","Rear Trading",97
"Expendable Stallion","Lucky Flying",97
"Expendable Stallion","Invasion Cyclone",97
"Express Lonely","Wrong Behavior",178
"Express Lonely","Wardrobe Phantom",178
"Express Lonely","Rocketeer Mother",178
"Express Lonely","Name Detective",178
"Express Lonely","Madness Attacks",178
"Express Lonely","Innocent Usual",178
"Express Lonely","Image Princess",178
"Express Lonely","Fury Murder",178
"Express Lonely","Drop Waterfront",178
"Extraordinary Conquerer","Vanilla Day",122
"Extraordinary Conquerer","Mighty Luck",122
"Extraordinary Conquerer","Illusion Amelie",122
"Extraordinary Conquerer","Hours Rage",122
"Extraordinary Conquerer","Dogma Family",122
"Extraordinary Conquerer","Deceiver Betrayed",122
"Extraordinary Conquerer","Confused Candles",122
"Extraordinary Conquerer","Chicken Hellfighters",122
"Extraordinary Conquerer","Betrayed Rear",122
"Extraordinary Conquerer","Beach Heartbreakers",122
"Eyes Driving","Uncut Suicides",172
"Eyes Driving","Tights Dawn",172
"Eyes Driving","Northwest Polish",172
"Eyes Driving","Jerk Paycheck",172
"Eyes Driving","Idaho Love",172
"Eyes Driving","Creepers Kane",172
"Eyes Driving","Connecticut Tramp",172
"Factory Dragon","Virtual Spoilers",144
"Factory Dragon","Towers Hurricane",144
"Factory Dragon","Strictly Scarface",144
"Factory Dragon","President Bang",144
"Factory Dragon","Pacific Amistad",144
"Factory Dragon","Lambs Cincinatti",144
"Factory Dragon","Dancing Fever",144
"Falcon Volume","Treasure Command",102
"Falcon Volume","Scarface Bang",102
"Falcon Volume","Rock Instinct",102
"Falcon Volume","Robbers Joon",102
"Falcon Volume","Panic Club",102
"Falcon Volume","Opus Ice",102
"Falcon Volume","Jeopardy Encino",102
"Falcon Volume","Heavyweights Beast",102
"Falcon Volume","Giant Troopers",102
"Falcon Volume","Boiled Dares",102
"Family Sweet","Tadpole Park",155
"Family Sweet","Psycho Shrunk",155
"Family Sweet","Lolita World",155
"Family Sweet","Grapes Fury",155
"Family Sweet","Elf Murder",155
"Fantasia Park","Open African",131
"Fantasia Park","Nemo Campus",131
"Fantasia Park","Ice Crossing",131
"Fantasia Park","Forever Candidate",131
"Fantasy Troopers","Super Wyoming",58
"Fantasy Troopers","Rings Heartbreakers",58
"Fantasy Troopers","Oklahoma Jumanji",58
"Fantasy Troopers","Jekyll Frogmen",58
"Fantasy Troopers","Dances None",58
"Fantasy Troopers","Closer Bang",58
"Fargo Gandhi","Stallion Sundance",130
"Fargo Gandhi","Majestic Floats",130
"Fargo Gandhi","Jason Trap",130
"Fargo Gandhi","Darko Dorado",130
"Fargo Gandhi","African Egg",130
"Fatal Haunted","Titans Jerk",91
"Fatal Haunted","Tarzan Videotape",91
"Fatal Haunted","License Weekend",91
"Fatal Haunted","Fight Jawbreaker",91
"Fatal Haunted","Anthem Luke",91
"Feathers Metal","Titanic Boondock",104
"Feathers Metal","Ship Wonderland",104
"Feathers Metal","Mermaid Insects",104
"Feathers Metal","Crow Grease",104
"Feathers Metal","Date Speed",104
"Fellowship Autumn","Pickup Driving",77
"Fellowship Autumn","Mod Secretary",77
"Fellowship Autumn","Memento Zoolander",77
"Fellowship Autumn","Enemy Odds",77
"Fellowship Autumn","Berets Agent",77
"Ferris Mother","Vanished Garden",142
"Ferris Mother","Tracy Cider",142
"Ferris Mother","Tomorrow Hustler",142
"Ferris Mother","Million Ace",142
"Ferris Mother","Chill Luck",142
"Ferris Mother","Bikini Borrowers",142
"Feud Frogmen","Wisdom Worker",98
"Feud Frogmen","Sensibility Rear",98
"Feud Frogmen","Prejudice Oleander",98
"Feud Frogmen","Madre Gables",98
"Feud Frogmen","Lost Bird",98
"Feud Frogmen","Earring Instinct",98
"Feud Frogmen","Bound Cheaper",98
"Fever Empire","Secretary Rouge",158
"Fever Empire","Road Roxanne",158
"Fever Empire","Monterey Labyrinth",158
"Fever Empire","Fool Mockingbird",158
"Fever Empire","Enough Raging",158
"Fiction Christmas","Maude Mod",72
"Fiction Christmas","Hardly Robbers",72
"Fiction Christmas","Bowfinger Gables",72
"Fiddler Lost","Wizard Coldblooded",75
"Fiddler Lost","Stampede Disturbing",75
"Fiddler Lost","Satisfaction Confidential",75
"Fiddler Lost","Newton Labyrinth",75
"Fiddler Lost","Network Peak",75
"Fiddler Lost","Lover Truman",75
"Fiddler Lost","Hellfighters Sierra",75
"Fiddler Lost","California Birds",75
"Fiddler Lost","Balloon Homeward",75
"Fidelity Devil","Rouge Squad",118
"Fidelity Devil","Personal Ladybugs",118
"Fidelity Devil","Paths Control",118
"Fidelity Devil","Others Soup",118
"Fidelity Devil","Orient Closer",118
"Fidelity Devil","Jawbreaker Brooklyn",118
"Fidelity Devil","Backlash Undefeated",118
"Fight Jawbreaker","Titans Jerk",91
"Fight Jawbreaker","Tarzan Videotape",91
"Fight Jawbreaker","License Weekend",91
"Fight Jawbreaker","Fatal Haunted",91
"Fight Jawbreaker","Anthem Luke",91
"Finding Anaconda","Slipper Fidelity",156
"Finding Anaconda","Operation Operation",156
"Finding Anaconda","Graduate Lord",156
"Fire Wolves","Velvet Terminator",173
"Fire Wolves","Talented Homicide",173
"Fire Wolves","Pizza Jumanji",173
"Fire Wolves","Gladiator Westward",173
"Fire Wolves","Conquerer Nuts",173
"Fire Wolves","Ballroom Mockingbird",173
"Fireball Philadelphia","Telegraph Voyage",148
"Fireball Philadelphia","Outlaw Hanky",148
"Fireball Philadelphia","Flintstones Happiness",148
"Fireball Philadelphia","Easy Gladiator",148
"Fireball Philadelphia","Blanket Beverly",148
"Fireball Philadelphia","Army Flintstones",148
"Firehouse Vietnam","Strangelove Desire",103
"Firehouse Vietnam","Pinocchio Simon",103
"Firehouse Vietnam","Mother Oleander",103
"Firehouse Vietnam","Impossible Prejudice",103
"Firehouse Vietnam","Homeward Cider",103
"Firehouse Vietnam","Glass Dying",103
"Firehouse Vietnam","Blindness Gun",103
"Firehouse Vietnam","Birdcage Casper",103
"Fish Opus","Shining Roses",125
"Fish Opus","Saints Bride",125
"Fish Opus","Hunter Alter",125
"Fish Opus","Gentlemen Stage",125
"Fish Opus","Donnie Alley",125
"Fish Opus","Bull Shawshank",125
"Flamingos Connecticut","War Notting",80
"Flamingos Connecticut","Turn Star",80
"Flamingos Connecticut","Shawshank Bubble",80
"Flamingos Connecticut","Sea Virgin",80
"Flamingos Connecticut","Saddle Antitrust",80
"Flamingos Connecticut","Peak Forever",80
"Flamingos Connecticut","Meet Chocolate",80
"Flamingos Connecticut","Loser Hustler",80
"Flamingos Connecticut","Garden Island",80
"Flash Wars","Vanishing Rocky",123
"Flash Wars","Swarm Gold",123
"Flash Wars","Reef Salute",123
"Flash Wars","Mask Peach",123
"Flash Wars","Insects Stone",123
"Flash Wars","Breakfast Goldfinger",123
"Flatliners Killer","Wyoming Storm",100
"Flatliners Killer","Witches Panic",100
"Flatliners Killer","Punk Divorce",100
"Flatliners Killer","Pirates Roxanne",100
"Flatliners Killer","Hyde Doctor",100
"Flatliners Killer","Happiness United",100
"Flatliners Killer","Gun Bonnie",100
"Flatliners Killer","Divine Resurrection",100
"Flatliners Killer","Deliverance Mulholland",100
"Flatliners Killer","Bilko Anonymous",100
"Flatliners Killer","Behavior Runaway",100
"Flight Lies","Youth Kick",179
"Flight Lies","Virgin Daisy",179
"Flight Lies","Torque Bound",179
"Flight Lies","Texas Watch",179
"Flight Lies","Slacker Liaisons",179
"Flight Lies","Redemption Comforts",179
"Flight Lies","Potluck Mixed",179
"Flight Lies","Kick Savannah",179
"Flight Lies","Cause Date",179
"Flight Lies","Born Spinal",179
"Flight Lies","Casualties Encino",179
"Flight Lies","Anonymous Human",179
"Flintstones Happiness","Telegraph Voyage",148
"Flintstones Happiness","Outlaw Hanky",148
"Flintstones Happiness","Fireball Philadelphia",148
"Flintstones Happiness","Easy Gladiator",148
"Flintstones Happiness","Blanket Beverly",148
"Flintstones Happiness","Army Flintstones",148
"Floats Garden","Videotape Arsenic",145
"Floats Garden","Vacation Boondock",145
"Floats Garden","Run Pacific",145
"Floats Garden","Rocky War",145
"Floats Garden","Paycheck Wait",145
"Floats Garden","Nuts Ties",145
"Flying Hook","Timberland Sky",69
"Flying Hook","Lebowski Soldiers",69
"Flying Hook","Hollywood Anonymous",69
"Flying Hook","Head Stranger",69
"Flying Hook","Cruelty Unforgiven",69
"Fool Mockingbird","Secretary Rouge",158
"Fool Mockingbird","Road Roxanne",158
"Fool Mockingbird","Monterey Labyrinth",158
"Fool Mockingbird","Fever Empire",158
"Fool Mockingbird","Enough Raging",158
"Forever Candidate","Open African",131
"Forever Candidate","Nemo Campus",131
"Forever Candidate","Ice Crossing",131
"Forever Candidate","Fantasia Park",131
"Forrest Sons","Reunion Witches",63
"Forrest Sons","Intolerable Intentions",63
"Forrest Sons","Dinosaur Secretary",63
"Forrest Sons","Bunch Minds",63
"Forrest Sons","Boulevard Mob",63
"Forrest Sons","Borrowers Bedazzled",63
"Forrest Sons","Bonnie Holocaust",63
"Forrest Sons","Aladdin Calendar",63
"Forrester Comancheros","Watership Frontier",112
"Forrester Comancheros","Wait Cider",112
"Forrester Comancheros","Stagecoach Armageddon",112
"Forrester Comancheros","Spy Mile",112
"Forrester Comancheros","Seabiscuit Punk",112
"Forrester Comancheros","Quills Bull",112
"Forrester Comancheros","Jaws Harry",112
"Forrester Comancheros","Crusade Honey",112
"Forrester Comancheros","Crowds Telemark",112
"Forrester Comancheros","Conversation Downhill",112
"Forrester Comancheros","Coneheads Smoochy",112
"Forrester Comancheros","Cat Coneheads",112
"Forward Temple","Vertigo Northwest",90
"Forward Temple","Secret Groundhog",90
"Forward Temple","Circus Youth",90
"Forward Temple","Basic Easy",90
"Frankenstein Stranger","West Lion",159
"Frankenstein Stranger","Poseidon Forever",159
"Frankenstein Stranger","Newsies Story",159
"Frankenstein Stranger","Malkovich Pet",159
"Frankenstein Stranger","Driver Annie",159
"Freaky Pocus","Wonderful Drop",126
"Freaky Pocus","Women Dorado",126
"Freaky Pocus","Vampire Whale",126
"Freaky Pocus","Sinners Atlantis",126
"Freaky Pocus","Pajama Jawbreaker",126
"Freaky Pocus","Montezuma Command",126
"Freaky Pocus","Elephant Trojan",126
"Freaky Pocus","Alamo Videotape",126
"Freddy Storm","Patriot Roman",65
"Freddy Storm","Lovely Jingle",65
"Freddy Storm","Hunting Musketeers",65
"Freddy Storm","Confessions Maguire",65
"Freddy Storm","Club Graffiti",65
"Freddy Storm","Barbarella Streetcar",65
"Freedom Cleopatra","Mallrats United",133
"Freedom Cleopatra","Dragonfly Strangers",133
"Freedom Cleopatra","Curtain Videotape",133
"Freedom Cleopatra","Bucket Brotherhood",133
"French Holiday","Tenenbaums Command",99
"French Holiday","Sabrina Midnight",99
"French Holiday","Pet Haunting",99
"French Holiday","Perdition Fargo",99
"French Holiday","Patient Sister",99
"French Holiday","Darkness War",99
"French Holiday","Armageddon Lost",99
"Frida Slipper","Wake Jaws",73
"Frida Slipper","Valley Packer",73
"Frida Slipper","Streetcar Intentions",73
"Frida Slipper","Salute Apollo",73
"Frida Slipper","Rebel Airport",73
"Frida Slipper","Random Go",73
"Frida Slipper","Musketeers Wait",73
"Frida Slipper","Godfather Diary",73
"Frida Slipper","Brotherhood Blanket",73
"Frida Slipper","Bedazzled Married",73
"Frida Slipper","Bright Encounters",73
"Frisco Forrest","Simon North",51
"Frisco Forrest","Hall Cassidy",51
"Frisco Forrest","Excitement Eve",51
"Frisco Forrest","English Bulworth",51
"Frisco Forrest","Deep Crusade",51
"Frisco Forrest","Champion Flatliners",51
"Frogmen Breaking","Wonderland Christmas",111
"Frogmen Breaking","Wind Phantom",111
"Frogmen Breaking","Ties Hunger",111
"Frogmen Breaking","Suit Walls",111
"Frogmen Breaking","Siege Madre",111
"Frogmen Breaking","Groove Fiction",111
"Frontier Cabin","Young Language",183
"Frontier Cabin","Wife Turn",183
"Frontier Cabin","Scalawag Duck",183
"Frontier Cabin","Catch Amistad",183
"Frost Head","Tycoon Gathering",82
"Frost Head","Reign Gentlemen",82
"Frost Head","Raiders Antitrust",82
"Frost Head","Perfect Groove",82
"Frost Head","Anything Savannah",82
"Frost Head","Alone Trip",82
"Fugitive Maguire","Warlock Werewolf",83
"Fugitive Maguire","None Spiking",83
"Fugitive Maguire","Moon Bunch",83
"Fugitive Maguire","Hustler Party",83
"Fugitive Maguire","Attraction Newton",83
"Full Flatliners","Stone Fire",94
"Full Flatliners","Disturbing Scarface",94
"Full Flatliners","Alice Fantasia",94
"Fury Murder","Wrong Behavior",178
"Fury Murder","Wardrobe Phantom",178
"Fury Murder","Rocketeer Mother",178
"Fury Murder","Name Detective",178
"Fury Murder","Madness Attacks",178
"Fury Murder","Innocent Usual",178
"Fury Murder","Image Princess",178
"Fury Murder","Express Lonely",178
"Fury Murder","Drop Waterfront",178
"Gables Metropolis","Wash Heavenly",161
"Gables Metropolis","Oleander Clue",161
"Gables Metropolis","Neighbors Charade",161
"Gables Metropolis","Metal Armageddon",161
"Gables Metropolis","Massage Image",161
"Gables Metropolis","Killer Innocent",161
"Gables Metropolis","Daddy Pittsburgh",161
"Gables Metropolis","Brooklyn Desert",161
"Galaxy Sweethearts","Wars Pluto",128
"Galaxy Sweethearts","Usual Untouchables",128
"Galaxy Sweethearts","Papi Necklace",128
"Galaxy Sweethearts","Notorious Reunion",128
"Galaxy Sweethearts","Jedi Beneath",128
"Galaxy Sweethearts","Holes Brannigan",128
"Games Bowfinger","Strangers Graffiti",119
"Games Bowfinger","Identity Lover",119
"Games Bowfinger","Dumbo Lust",119
"Games Bowfinger","Bugsy Song",119
"Games Bowfinger","Apocalypse Flamingos",119
"Gandhi Kwai","Yentl Idaho",86
"Gandhi Kwai","Midnight Westward",86
"Gandhi Kwai","Annie Identity",86
"Gandhi Kwai","Academy Dinosaur",86
"Gangs Pride","Worst Banger",185
"Gangs Pride","Sweet Brotherhood",185
"Gangs Pride","Soldiers Evolution",185
"Gangs Pride","Pond Seattle",185
"Gangs Pride","Muscle Bright",185
"Gangs Pride","Home Pity",185
"Gangs Pride","Darn Forrester",185
"Gangs Pride","Control Anthem",185
"Gangs Pride","Chicago North",185
"Garden Island","War Notting",80
"Garden Island","Turn Star",80
"Garden Island","Shawshank Bubble",80
"Garden Island","Sea Virgin",80
"Garden Island","Saddle Antitrust",80
"Garden Island","Peak Forever",80
"Garden Island","Meet Chocolate",80
"Garden Island","Loser Hustler",80
"Garden Island","Flamingos Connecticut",80
"Gaslight Crusade","Sagebrush Clueless",106
"Gaslight Crusade","Private Drop",106
"Gaslight Crusade","Deer Virginian",106
"Gaslight Crusade","Dalmations Sweden",106
"Gaslight Crusade","Bed Highball",106
"Gathering Calendar","Wrath Mile",176
"Gathering Calendar","Sweden Shining",176
"Gathering Calendar","Hoosiers Birdcage",176
"Gathering Calendar","Greek Everyone",176
"Gathering Calendar","Entrapment Satisfaction",176
"Gathering Calendar","Dracula Crystal",176
"Gathering Calendar","Cyclone Family",176
"Gathering Calendar","Caper Motions",176
"Gathering Calendar","Braveheart Human",176
"Gentlemen Stage","Shining Roses",125
"Gentlemen Stage","Saints Bride",125
"Gentlemen Stage","Hunter Alter",125
"Gentlemen Stage","Fish Opus",125
"Gentlemen Stage","Donnie Alley",125
"Gentlemen Stage","Bull Shawshank",125
"Ghost Groundhog","Wonka Sea",85
"Ghost Groundhog","Window Side",85
"Ghost Groundhog","Wasteland Divine",85
"Ghost Groundhog","Varsity Trip",85
"Ghost Groundhog","Stage World",85
"Ghost Groundhog","Oz Liaisons",85
"Ghost Groundhog","Lola Agent",85
"Ghost Groundhog","Grail Frankenstein",85
"Ghost Groundhog","Ending Crowds",85
"Ghost Groundhog","Egypt Tenenbaums",85
"Ghost Groundhog","Earth Vision",85
"Ghost Groundhog","Casablanca Super",85
"Ghost Groundhog","Canyon Stock",85
"Ghost Groundhog","Blackout Private",85
"Ghost Groundhog","Beverly Outlaw",85
"Ghost Groundhog","Amistad Midsummer",85
"Ghostbusters Elf","Zoolander Fiction",101
"Ghostbusters Elf","Runner Madigan",101
"Ghostbusters Elf","Roof Champion",101
"Ghostbusters Elf","Dwarfs Alter",101
"Ghostbusters Elf","Cider Desire",101
"Ghostbusters Elf","Chocolat Harry",101
"Giant Troopers","Treasure Command",102
"Giant Troopers","Scarface Bang",102
"Giant Troopers","Rock Instinct",102
"Giant Troopers","Robbers Joon",102
"Giant Troopers","Panic Club",102
"Giant Troopers","Opus Ice",102
"Giant Troopers","Jeopardy Encino",102
"Giant Troopers","Heavyweights Beast",102
"Giant Troopers","Falcon Volume",102
"Giant Troopers","Boiled Dares",102
"Gilbert Pelican","Superfly Trip",114
"Gilbert Pelican","Sugar Wonka",114
"Gilbert Pelican","Pride Alamo",114
"Gilbert Pelican","Married Go",114
"Gilbert Pelican","Chasing Fight",114
"Gilbert Pelican","Chainsaw Uptown",114
"Gilbert Pelican","Carrie Bunch",114
"Gilbert Pelican","Blade Polish",114
"Gilbert Pelican","Alabama Devil",114
"Gilmore Boiled","Story Side",163
"Gilmore Boiled","Queen Luke",163
"Gilmore Boiled","Kiss Glory",163
"Gilmore Boiled","Everyone Craft",163
"Gilmore Boiled","Casper Dragonfly",163
"Gilmore Boiled","Bird Independence",163
"Gladiator Westward","Velvet Terminator",173
"Gladiator Westward","Talented Homicide",173
"Gladiator Westward","Pizza Jumanji",173
"Gladiator Westward","Fire Wolves",173
"Gladiator Westward","Conquerer Nuts",173
"Gladiator Westward","Ballroom Mockingbird",173
"Glass Dying","Strangelove Desire",103
"Glass Dying","Pinocchio Simon",103
"Glass Dying","Mother Oleander",103
"Glass Dying","Impossible Prejudice",103
"Glass Dying","Homeward Cider",103
"Glass Dying","Firehouse Vietnam",103
"Glass Dying","Blindness Gun",103
"Glass Dying","Birdcage Casper",103
"Gleaming Jawbreaker","Roots Remember",89
"Gleaming Jawbreaker","Pulp Beverly",89
"Gleaming Jawbreaker","Dares Pluto",89
"Gleaming Jawbreaker","Butterfly Chocolat",89
"Gleaming Jawbreaker","Beast Hunchback",89
"Glory Tracy","Troopers Metal",115
"Glory Tracy","Prix Undefeated",115
"Glory Tracy","Potter Connecticut",115
"Glory Tracy","Oscar Gold",115
"Glory Tracy","Element Freddy",115
"Glory Tracy","Connection Microcosmos",115
"Go Purple","Sense Greek",54
"Go Purple","October Submarine",54
"Go Purple","Kill Brotherhood",54
"Go Purple","Juggler Hardly",54
"Go Purple","Airport Pollock",54
"Godfather Diary","Wake Jaws",73
"Godfather Diary","Valley Packer",73
"Godfather Diary","Streetcar Intentions",73
"Godfather Diary","Salute Apollo",73
"Godfather Diary","Rebel Airport",73
"Godfather Diary","Random Go",73
"Godfather Diary","Musketeers Wait",73
"Godfather Diary","Frida Slipper",73
"Godfather Diary","Brotherhood Blanket",73
"Godfather Diary","Bedazzled Married",73
"Godfather Diary","Bright Encounters",73
"Gold River","Shrek License",154
"Gold River","Sassy Packer",154
"Gold River","Santa Paris",154
"Gold River","Raging Airplane",154
"Gold River","Durham Panky",154
"Gold River","Doubtfire Labyrinth",154
"Goldfinger Sensibility","Suicides Silence",93
"Goldfinger Sensibility","Sting Personal",93
"Goldfinger Sensibility","Shane Darkness",93
"Goldfinger Sensibility","Panky Submarine",93
"Goldfinger Sensibility","Hills Neighbors",93
"Goldfinger Sensibility","Greatest North",93
"Goldfinger Sensibility","Bill Others",93
"Goldmine Tycoon","Rules Human",153
"Goldmine Tycoon","Rollercoaster Bringing",153
"Goldmine Tycoon","Right Cranes",153
"Goldmine Tycoon","Leathernecks Dwarfs",153
"Goldmine Tycoon","Edge Kissing",153
"Goldmine Tycoon","Crossroads Casualties",153
"Goldmine Tycoon","Baby Hall",153
"Goldmine Tycoon","Apollo Teen",153
"Gone Trouble","Uptown Young",84
"Gone Trouble","Sling Luke",84
"Gone Trouble","Savannah Town",84
"Gone Trouble","Pluto Oleander",84
"Gone Trouble","Packer Madigan",84
"Gone Trouble","Jeepers Wedding",84
"Gone Trouble","Island Exorcist",84
"Gone Trouble","Idols Snatchers",84
"Gone Trouble","Honey Ties",84
"Gone Trouble","High Encino",84
"Gone Trouble","Guys Falcon",84
"Gone Trouble","Daisy Menagerie",84
"Goodfellas Salute","Matrix Snowman",56
"Goodfellas Salute","Destiny Saturday",56
"Goodfellas Salute","Cupboard Sinners",56
"Goodfellas Salute","Bride Intrigue",56
"Gorgeous Bingo","Sweethearts Suspects",108
"Gorgeous Bingo","Lord Arizona",108
"Gorgeous Bingo","Handicap Boondock",108
"Gorgeous Bingo","Autumn Crow",108
"Gosford Donnie","Unforgiven Zoolander",129
"Gosford Donnie","Sleeping Suspects",129
"Gosford Donnie","Outfield Massacre",129
"Gosford Donnie","Music Boondock",129
"Gosford Donnie","Barefoot Manchurian",129
"Gosford Donnie","American Circus",129
"Graceland Dynamite","Steers Armageddon",140
"Graceland Dynamite","Loathing Legally",140
"Graceland Dynamite","Liaisons Sweet",140
"Graceland Dynamite","Eagles Panky",140
"Graduate Lord","Slipper Fidelity",156
"Graduate Lord","Operation Operation",156
"Graduate Lord","Finding Anaconda",156
"Graffiti Love","Resurrection Silverado",117
"Graffiti Love","Magic Mallrats",117
"Graffiti Love","Affair Prejudice",117
"Graffiti Love","Chamber Italian",117
"Grail Frankenstein","Wonka Sea",85
"Grail Frankenstein","Window Side",85
"Grail Frankenstein","Wasteland Divine",85
"Grail Frankenstein","Varsity Trip",85
"Grail Frankenstein","Stage World",85
"Grail Frankenstein","Oz Liaisons",85
"Grail Frankenstein","Lola Agent",85
"Grail Frankenstein","Ghost Groundhog",85
"Grail Frankenstein","Ending Crowds",85
"Grail Frankenstein","Egypt Tenenbaums",85
"Grail Frankenstein","Earth Vision",85
"Grail Frankenstein","Casablanca Super",85
"Grail Frankenstein","Canyon Stock",85
"Grail Frankenstein","Blackout Private",85
"Grail Frankenstein","Beverly Outlaw",85
"Grail Frankenstein","Amistad Midsummer",85
"Grapes Fury","Tadpole Park",155
"Grapes Fury","Psycho Shrunk",155
"Grapes Fury","Lolita World",155
"Grapes Fury","Family Sweet",155
"Grapes Fury","Elf Murder",155
"Grease Youth","Walls Artist",135
"Grease Youth","Thief Pelican",135
"Grease Youth","Sunrise League",135
"Grease Youth","Sierra Divide",135
"Grease Youth","Money Harold",135
"Grease Youth","Japanese Run",135
"Grease Youth","Indian Love",135
"Grease Youth","Dream Pickup",135
"Grease Youth","Candles Grapes",135
"Greatest North","Suicides Silence",93
"Greatest North","Sting Personal",93
"Greatest North","Shane Darkness",93
"Greatest North","Panky Submarine",93
"Greatest North","Hills Neighbors",93
"Greatest North","Goldfinger Sensibility",93
"Greatest North","Bill Others",93
"Greedy Roots","Murder Antitrust",166
"Greedy Roots","Motions Details",166
"Greedy Roots","Mine Titans",166
"Greedy Roots","Contact Anonymous",166
"Greek Everyone","Wrath Mile",176
"Greek Everyone","Sweden Shining",176
"Greek Everyone","Hoosiers Birdcage",176
"Greek Everyone","Gathering Calendar",176
"Greek Everyone","Entrapment Satisfaction",176
"Greek Everyone","Dracula Crystal",176
"Greek Everyone","Cyclone Family",176
"Greek Everyone","Caper Motions",176
"Greek Everyone","Braveheart Human",176
"Grinch Massage","Saturday Lambs",150
"Grinch Massage","Rushmore Mermaid",150
"Grinch Massage","Hysterical Grail",150
"Grinch Massage","Cleopatra Devil",150
"Grinch Massage","Christmas Moonshine",150
"Grinch Massage","Bingo Talented",150
"Grinch Massage","Ali Forever",150
"Grit Clockwork","Willow Tracy",137
"Grit Clockwork","Sleepy Japanese",137
"Grit Clockwork","Scorpion Apollo",137
"Grit Clockwork","Pollock Deliverance",137
"Grit Clockwork","Philadelphia Wife",137
"Grit Clockwork","Lose Inch",137
"Grit Clockwork","Life Twisted",137
"Grit Clockwork","Arsenic Independence",137
"Groove Fiction","Wonderland Christmas",111
"Groove Fiction","Wind Phantom",111
"Groove Fiction","Ties Hunger",111
"Groove Fiction","Suit Walls",111
"Groove Fiction","Siege Madre",111
"Groove Fiction","Frogmen Breaking",111
"Groundhog Uncut","Worker Tarzan",139
"Groundhog Uncut","Voice Peach",139
"Groundhog Uncut","Traffic Hobbit",139
"Groundhog Uncut","Stranger Strangers",139
"Groundhog Uncut","Shrunk Divine",139
"Groundhog Uncut","Horror Reign",139
"Groundhog Uncut","Hope Tootsie",139
"Groundhog Uncut","Dorado Notting",139
"Groundhog Uncut","Creatures Shakespeare",139
"Groundhog Uncut","Clyde Theory",139
"Gump Date","Thin Sagebrush",53
"Gump Date","Tequila Past",53
"Gump Date","Summer Scarface",53
"Gump Date","Primary Glass",53
"Gump Date","Movie Shakespeare",53
"Gump Date","Magnificent Chitty",53
"Gump Date","Cabin Flash",53
"Gump Date","Beneath Rush",53
"Gun Bonnie","Wyoming Storm",100
"Gun Bonnie","Witches Panic",100
"Gun Bonnie","Punk Divorce",100
"Gun Bonnie","Pirates Roxanne",100
"Gun Bonnie","Hyde Doctor",100
"Gun Bonnie","Happiness United",100
"Gun Bonnie","Flatliners Killer",100
"Gun Bonnie","Divine Resurrection",100
"Gun Bonnie","Deliverance Mulholland",100
"Gun Bonnie","Bilko Anonymous",100
"Gun Bonnie","Behavior Runaway",100
"Gunfight Moon","Wedding Apollo",70
"Gunfight Moon","Louisiana Harry",70
"Gunfight Moon","Coldblooded Darling",70
"Gunfight Moon","Clue Grail",70
"Gunfight Moon","Chance Resurrection",70
"Gunfight Moon","Candidate Perdition",70
"Gunfighter Mussolini","Submarine Bed",127
"Gunfighter Mussolini","Seven Swarm",127
"Gunfighter Mussolini","Maltese Hope",127
"Gunfighter Mussolini","Argonauts Town",127
"Guys Falcon","Uptown Young",84
"Guys Falcon","Sling Luke",84
"Guys Falcon","Savannah Town",84
"Guys Falcon","Pluto Oleander",84
"Guys Falcon","Packer Madigan",84
"Guys Falcon","Jeepers Wedding",84
"Guys Falcon","Island Exorcist",84
"Guys Falcon","Idols Snatchers",84
"Guys Falcon","Honey Ties",84
"Guys Falcon","High Encino",84
"Guys Falcon","Gone Trouble",84
"Guys Falcon","Daisy Menagerie",84
"Half Outfield","Mourning Purple",146
"Half Outfield","Hamlet Wisdom",146
"Half Outfield","Cowboy Doom",146
"Half Outfield","Chaplin License",146
"Hall Cassidy","Simon North",51
"Hall Cassidy","Frisco Forrest",51
"Hall Cassidy","Excitement Eve",51
"Hall Cassidy","English Bulworth",51
"Hall Cassidy","Deep Crusade",51
"Hall Cassidy","Champion Flatliners",51
"Halloween Nuts","Suspects Quills",47
"Halloween Nuts","Shanghai Tycoon",47
"Halloween Nuts","Hawk Chill",47
"Halloween Nuts","Hanover Galaxy",47
"Halloween Nuts","Downhill Enough",47
"Halloween Nuts","Divorce Shining",47
"Hamlet Wisdom","Mourning Purple",146
"Hamlet Wisdom","Half Outfield",146
"Hamlet Wisdom","Cowboy Doom",146
"Hamlet Wisdom","Chaplin License",146
"Identity Lover","Strangers Graffiti",119
"Identity Lover","Games Bowfinger",119
"Identity Lover","Dumbo Lust",119
"Identity Lover","Bugsy Song",119
"Identity Lover","Apocalypse Flamingos",119
"Handicap Boondock","Sweethearts Suspects",108
"Handicap Boondock","Lord Arizona",108
"Handicap Boondock","Gorgeous Bingo",108
"Handicap Boondock","Autumn Crow",108
"Hanging Deep","Unbreakable Karate",62
"Hanging Deep","Snowman Rollercoaster",62
"Hanging Deep","Mars Roman",62
"Hanging Deep","Arabia Dogma",62
"Hanging Deep","Airplane Sierra",62
"Hanky October","Wanda Chamber",107
"Hanky October","Undefeated Dalmations",107
"Hanky October","Party Knock",107
"Hanky October","Monster Spartacus",107
"Hanky October","Intentions Empire",107
"Hanky October","Hate Handicap",107
"Hanky October","Effect Gladiator",107
"Hanky October","Diary Panic",107
"Hanky October","Chitty Lock",107
"Hanover Galaxy","Suspects Quills",47
"Hanover Galaxy","Shanghai Tycoon",47
"Hanover Galaxy","Hawk Chill",47
"Hanover Galaxy","Halloween Nuts",47
"Hanover Galaxy","Downhill Enough",47
"Hanover Galaxy","Divorce Shining",47
"Happiness United","Wyoming Storm",100
"Happiness United","Witches Panic",100
"Happiness United","Punk Divorce",100
"Happiness United","Pirates Roxanne",100
"Happiness United","Hyde Doctor",100
"Happiness United","Gun Bonnie",100
"Happiness United","Flatliners Killer",100
"Happiness United","Divine Resurrection",100
"Happiness United","Deliverance Mulholland",100
"Happiness United","Bilko Anonymous",100
"Happiness United","Behavior Runaway",100
"Hardly Robbers","Maude Mod",72
"Hardly Robbers","Fiction Christmas",72
"Hardly Robbers","Bowfinger Gables",72
"Harold French","Translation Summer",168
"Harold French","Dying Maker",168
"Harold French","Antitrust Tomatoes",168
"Harper Dying","Westward Seabiscuit",52
"Harper Dying","Trojan Tomorrow",52
"Harper Dying","Spartacus Cheaper",52
"Harper Dying","Side Ark",52
"Harper Dying","Lust Lock",52
"Harper Dying","Caddyshack Jedi",52
"Harry Idaho","Pure Runner",121
"Harry Idaho","Paris Weekend",121
"Harry Idaho","Jumanji Blade",121
"Harry Idaho","Dangerous Uptown",121
"Harry Idaho","Brannigan Sunrise",121
"Harry Idaho","Boogie Amelie",121
"Harry Idaho","Arizona Bang",121
"Hate Handicap","Wanda Chamber",107
"Hate Handicap","Undefeated Dalmations",107
"Hate Handicap","Party Knock",107
"Hate Handicap","Monster Spartacus",107
"Hate Handicap","Intentions Empire",107
"Hate Handicap","Hanky October",107
"Hate Handicap","Effect Gladiator",107
"Hate Handicap","Diary Panic",107
"Hate Handicap","Chitty Lock",107
"Haunted Antitrust","Villain Desperate",76
"Haunted Antitrust","Orange Grapes",76
"Haunted Antitrust","Destination Jerk",76
"Haunted Antitrust","Desire Alien",76
"Haunted Antitrust","Comforts Rush",76
"Haunted Antitrust","Boondock Ballroom",76
"Haunting Pianist","Wild Apollo",181
"Haunting Pianist","Star Operation",181
"Haunting Pianist","Runaway Tenenbaums",181
"Haunting Pianist","Love Suicides",181
"Haunting Pianist","Lawless Vision",181
"Haunting Pianist","Jacket Frisco",181
"Haunting Pianist","Intrigue Worst",181
"Haunting Pianist","Hotel Happiness",181
"Haunting Pianist","Analyze Hoosiers",181
"Hawk Chill","Suspects Quills",47
"Hawk Chill","Shanghai Tycoon",47
"Hawk Chill","Hanover Galaxy",47
"Hawk Chill","Halloween Nuts",47
"Hawk Chill","Downhill Enough",47
"Hawk Chill","Divorce Shining",47
"Head Stranger","Timberland Sky",69
"Head Stranger","Lebowski Soldiers",69
"Head Stranger","Hollywood Anonymous",69
"Head Stranger","Flying Hook",69
"Head Stranger","Cruelty Unforgiven",69
"Heartbreakers Bright","Whisperer Giant",59
"Heartbreakers Bright","Vision Torque",59
"Heartbreakers Bright","Minority Kiss",59
"Heartbreakers Bright","Legend Jedi",59
"Heartbreakers Bright","Jet Neighbors",59
"Heartbreakers Bright","Interview Liaisons",59
"Heartbreakers Bright","Daughter Madigan",59
"Heartbreakers Bright","Commandments Express",59
"Heaven Freedom","Valentine Vanishing",48
"Heaven Freedom","Sunset Racer",48
"Heaven Freedom","Stepmom Dream",48
"Heaven Freedom","Pelican Comforts",48
"Heaven Freedom","Paradise Sabrina",48
"Heaven Freedom","Odds Boogie",48
"Heaven Freedom","Notting Speakeasy",48
"Heaven Freedom","Midsummer Groundhog",48
"Heaven Freedom","Rush Goodfellas",48
"Heaven Freedom","Ace Goldfinger",48
"Heavenly Gun","Hurricane Affair",49
"Heavenly Gun","Hook Chariots",49
"Heavenly Gun","Doors President",49
"Heavenly Gun","Grosse Wonderful",49
"Heavyweights Beast","Treasure Command",102
"Heavyweights Beast","Scarface Bang",102
"Heavyweights Beast","Rock Instinct",102
"Heavyweights Beast","Robbers Joon",102
"Heavyweights Beast","Panic Club",102
"Heavyweights Beast","Opus Ice",102
"Heavyweights Beast","Jeopardy Encino",102
"Heavyweights Beast","Giant Troopers",102
"Heavyweights Beast","Falcon Volume",102
"Heavyweights Beast","Boiled Dares",102
"Hedwig Alter","Soup Wisdom",169
"Hedwig Alter","Outbreak Divine",169
"Hedwig Alter","Kentuckian Giant",169
"Hedwig Alter","Breaking Home",169
"Hedwig Alter","Agent Truman",169
"Hellfighters Sierra","Wizard Coldblooded",75
"Hellfighters Sierra","Stampede Disturbing",75
"Hellfighters Sierra","Satisfaction Confidential",75
"Hellfighters Sierra","Newton Labyrinth",75
"Hellfighters Sierra","Network Peak",75
"Hellfighters Sierra","Lover Truman",75
"Hellfighters Sierra","Fiddler Lost",75
"Hellfighters Sierra","California Birds",75
"Hellfighters Sierra","Balloon Homeward",75
"High Encino","Uptown Young",84
"High Encino","Sling Luke",84
"High Encino","Savannah Town",84
"High Encino","Pluto Oleander",84
"High Encino","Packer Madigan",84
"High Encino","Jeepers Wedding",84
"High Encino","Island Exorcist",84
"High Encino","Idols Snatchers",84
"High Encino","Honey Ties",84
"High Encino","Guys Falcon",84
"High Encino","Gone Trouble",84
"High Encino","Daisy Menagerie",84
"Highball Potter","Trap Guys",110
"Highball Potter","Snatch Slipper",110
"Highball Potter","Seattle Expecations",110
"Highball Potter","Samurai Lion",110
"Highball Potter","Remember Diary",110
"Highball Potter","League Hellfighters",110
"Highball Potter","Drumline Cyclone",110
"Highball Potter","Celebrity Horn",110
"Hills Neighbors","Suicides Silence",93
"Hills Neighbors","Sting Personal",93
"Hills Neighbors","Shane Darkness",93
"Hills Neighbors","Panky Submarine",93
"Hills Neighbors","Greatest North",93
"Hills Neighbors","Goldfinger Sensibility",93
"Hills Neighbors","Bill Others",93
"Hobbit Alien","Volcano Texas",157
"Hobbit Alien","Tootsie Pilot",157
"Hobbit Alien","Past Suicides",157
"Hobbit Alien","Mulholland Beast",157
"Hobbit Alien","Independence Hotel",157
"Hocus Frida","Sun Confessions",141
"Hocus Frida","Spice Sorority",141
"Hocus Frida","Kissing Dolls",141
"Hocus Frida","Homicide Peach",141
"Hocus Frida","Dynamite Tarzan",141
"Hocus Frida","Disciple Mother",141
"Holes Brannigan","Wars Pluto",128
"Holes Brannigan","Usual Untouchables",128
"Holes Brannigan","Papi Necklace",128
"Holes Brannigan","Notorious Reunion",128
"Holes Brannigan","Jedi Beneath",128
"Holes Brannigan","Galaxy Sweethearts",128
"Holiday Games","Watch Tracy",78
"Holiday Games","Voyage Legally",78
"Holiday Games","Unfaithful Kill",78
"Holiday Games","Language Cowboy",78
"Holiday Games","Insider Arizona",78
"Hollow Jeopardy","Town Ark",136
"Hollow Jeopardy","Squad Fish",136
"Hollow Jeopardy","Reap Unfaithful",136
"Hollow Jeopardy","Pianist Outfield",136
"Hollow Jeopardy","Maker Gables",136
"Hollow Jeopardy","Crazy Home",136
"Hollow Jeopardy","Bringing Hysterical",136
"Hollow Jeopardy","Alaska Phantom",136
"Hollywood Anonymous","Timberland Sky",69
"Hollywood Anonymous","Lebowski Soldiers",69
"Hollywood Anonymous","Head Stranger",69
"Hollywood Anonymous","Flying Hook",69
"Hollywood Anonymous","Cruelty Unforgiven",69
"Holocaust Highball","Spirit Flintstones",149
"Holocaust Highball","River Outlaw",149
"Holocaust Highball","Nightmare Chill",149
"Holocaust Highball","Minds Truman",149
"Holocaust Highball","Color Philadelphia",149
"Holy Tadpole","Terminator Club",88
"Holy Tadpole","Purple Movie",88
"Holy Tadpole","Details Packer",88
"Home Pity","Worst Banger",185
"Home Pity","Sweet Brotherhood",185
"Home Pity","Soldiers Evolution",185
"Home Pity","Pond Seattle",185
"Home Pity","Muscle Bright",185
"Home Pity","Gangs Pride",185
"Home Pity","Darn Forrester",185
"Home Pity","Control Anthem",185
"Home Pity","Chicago North",185
"Homeward Cider","Strangelove Desire",103
"Homeward Cider","Pinocchio Simon",103
"Homeward Cider","Mother Oleander",103
"Homeward Cider","Impossible Prejudice",103
"Homeward Cider","Glass Dying",103
"Homeward Cider","Firehouse Vietnam",103
"Homeward Cider","Blindness Gun",103
"Homeward Cider","Birdcage Casper",103
"Homicide Peach","Sun Confessions",141
"Homicide Peach","Spice Sorority",141
"Homicide Peach","Kissing Dolls",141
"Homicide Peach","Hocus Frida",141
"Homicide Peach","Dynamite Tarzan",141
"Homicide Peach","Disciple Mother",141
"Honey Ties","Uptown Young",84
"Honey Ties","Sling Luke",84
"Honey Ties","Savannah Town",84
"Honey Ties","Pluto Oleander",84
"Honey Ties","Packer Madigan",84
"Honey Ties","Jeepers Wedding",84
"Honey Ties","Island Exorcist",84
"Honey Ties","Idols Snatchers",84
"Honey Ties","High Encino",84
"Honey Ties","Guys Falcon",84
"Honey Ties","Gone Trouble",84
"Honey Ties","Daisy Menagerie",84
"Hook Chariots","Hurricane Affair",49
"Hook Chariots","Heavenly Gun",49
"Hook Chariots","Doors President",49
"Hook Chariots","Grosse Wonderful",49
"Idols Snatchers","Uptown Young",84
"Idols Snatchers","Sling Luke",84
"Idols Snatchers","Savannah Town",84
"Idols Snatchers","Pluto Oleander",84
"Idols Snatchers","Packer Madigan",84
"Idols Snatchers","Jeepers Wedding",84
"Idols Snatchers","Island Exorcist",84
"Idols Snatchers","Honey Ties",84
"Idols Snatchers","High Encino",84
"Idols Snatchers","Guys Falcon",84
"Idols Snatchers","Gone Trouble",84
"Idols Snatchers","Daisy Menagerie",84
"Hoosiers Birdcage","Wrath Mile",176
"Hoosiers Birdcage","Sweden Shining",176
"Hoosiers Birdcage","Greek Everyone",176
"Hoosiers Birdcage","Gathering Calendar",176
"Hoosiers Birdcage","Entrapment Satisfaction",176
"Hoosiers Birdcage","Dracula Crystal",176
"Hoosiers Birdcage","Cyclone Family",176
"Hoosiers Birdcage","Caper Motions",176
"Hoosiers Birdcage","Braveheart Human",176
"Hope Tootsie","Worker Tarzan",139
"Hope Tootsie","Voice Peach",139
"Hope Tootsie","Traffic Hobbit",139
"Hope Tootsie","Stranger Strangers",139
"Hope Tootsie","Shrunk Divine",139
"Hope Tootsie","Horror Reign",139
"Hope Tootsie","Groundhog Uncut",139
"Hope Tootsie","Dorado Notting",139
"Hope Tootsie","Creatures Shakespeare",139
"Hope Tootsie","Clyde Theory",139
"Horn Working","Clueless Bucket",95
"Horror Reign","Worker Tarzan",139
"Horror Reign","Voice Peach",139
"Horror Reign","Traffic Hobbit",139
"Horror Reign","Stranger Strangers",139
"Horror Reign","Shrunk Divine",139
"Horror Reign","Hope Tootsie",139
"Horror Reign","Groundhog Uncut",139
"Horror Reign","Dorado Notting",139
"Horror Reign","Creatures Shakespeare",139
"Horror Reign","Clyde Theory",139
"Hotel Happiness","Wild Apollo",181
"Hotel Happiness","Star Operation",181
"Hotel Happiness","Runaway Tenenbaums",181
"Hotel Happiness","Love Suicides",181
"Hotel Happiness","Lawless Vision",181
"Hotel Happiness","Jacket Frisco",181
"Hotel Happiness","Intrigue Worst",181
"Hotel Happiness","Haunting Pianist",181
"Hotel Happiness","Analyze Hoosiers",181
"Hours Rage","Vanilla Day",122
"Hours Rage","Mighty Luck",122
"Hours Rage","Illusion Amelie",122
"Hours Rage","Extraordinary Conquerer",122
"Hours Rage","Dogma Family",122
"Hours Rage","Deceiver Betrayed",122
"Hours Rage","Confused Candles",122
"Hours Rage","Chicken Hellfighters",122
"Hours Rage","Betrayed Rear",122
"Hours Rage","Beach Heartbreakers",122
"House Dynamite","Whale Bikini",109
"House Dynamite","Secrets Paradise",109
"House Dynamite","Rugrats Shakespeare",109
"House Dynamite","Park Citizen",109
"House Dynamite","Panther Reds",109
"House Dynamite","Coma Head",109
"Human Graffiti","Tomatoes Hellfighters",68
"Human Graffiti","Doom Dancing",68
"Human Graffiti","Divide Monster",68
"Human Graffiti","Ark Ridgemont",68
"Hunchback Impossible","Straight Hours",151
"Hunchback Impossible","Spoilers Hellfighters",151
"Hunchback Impossible","School Jacket",151
"Hunchback Impossible","Masked Bubble",151
"Hunchback Impossible","Carol Texas",151
"Hunchback Impossible","Beethoven Exorcist",151
"Hunger Roof","Zhivago Core",105
"Hunger Roof","Won Dares",105
"Hunger Roof","Mob Duffel",105
"Hunger Roof","Microcosmos Paradise",105
"Hunger Roof","Joon Northwest",105
"Hunter Alter","Shining Roses",125
"Hunter Alter","Saints Bride",125
"Hunter Alter","Gentlemen Stage",125
"Hunter Alter","Fish Opus",125
"Hunter Alter","Donnie Alley",125
"Hunter Alter","Bull Shawshank",125
"Hunting Musketeers","Patriot Roman",65
"Hunting Musketeers","Lovely Jingle",65
"Hunting Musketeers","Freddy Storm",65
"Hunting Musketeers","Confessions Maguire",65
"Hunting Musketeers","Club Graffiti",65
"Hunting Musketeers","Barbarella Streetcar",65
"Hurricane Affair","Hook Chariots",49
"Hurricane Affair","Heavenly Gun",49
"Hurricane Affair","Doors President",49
"Hurricane Affair","Grosse Wonderful",49
"Hustler Party","Warlock Werewolf",83
"Hustler Party","None Spiking",83
"Hustler Party","Moon Bunch",83
"Hustler Party","Fugitive Maguire",83
"Hustler Party","Attraction Newton",83
"Hyde Doctor","Wyoming Storm",100
"Hyde Doctor","Witches Panic",100
"Hyde Doctor","Punk Divorce",100
"Hyde Doctor","Pirates Roxanne",100
"Hyde Doctor","Happiness United",100
"Hyde Doctor","Gun Bonnie",100
"Hyde Doctor","Flatliners Killer",100
"Hyde Doctor","Divine Resurrection",100
"Hyde Doctor","Deliverance Mulholland",100
"Hyde Doctor","Bilko Anonymous",100
"Hyde Doctor","Behavior Runaway",100
"Hysterical Grail","Saturday Lambs",150
"Hysterical Grail","Rushmore Mermaid",150
"Hysterical Grail","Grinch Massage",150
"Hysterical Grail","Cleopatra Devil",150
"Hysterical Grail","Christmas Moonshine",150
"Hysterical Grail","Bingo Talented",150
"Hysterical Grail","Ali Forever",150
"Ice Crossing","Open African",131
"Ice Crossing","Nemo Campus",131
"Ice Crossing","Forever Candidate",131
"Ice Crossing","Fantasia Park",131
"Idaho Love","Uncut Suicides",172
"Idaho Love","Tights Dawn",172
"Idaho Love","Northwest Polish",172
"Idaho Love","Jerk Paycheck",172
"Idaho Love","Eyes Driving",172
"Idaho Love","Creepers Kane",172
"Idaho Love","Connecticut Tramp",172
"Igby Maker","Stock Glass",160
"Igby Maker","Peach Innocent",160
"Igby Maker","Mummy Creatures",160
"Igby Maker","Mulan Moon",160
"Igby Maker","Bear Graceland",160
"Illusion Amelie","Vanilla Day",122
"Illusion Amelie","Mighty Luck",122
"Illusion Amelie","Hours Rage",122
"Illusion Amelie","Extraordinary Conquerer",122
"Illusion Amelie","Dogma Family",122
"Illusion Amelie","Deceiver Betrayed",122
"Illusion Amelie","Confused Candles",122
"Illusion Amelie","Chicken Hellfighters",122
"Illusion Amelie","Betrayed Rear",122
"Illusion Amelie","Beach Heartbreakers",122
"Image Princess","Wrong Behavior",178
"Image Princess","Wardrobe Phantom",178
"Image Princess","Rocketeer Mother",178
"Image Princess","Name Detective",178
"Image Princess","Madness Attacks",178
"Image Princess","Innocent Usual",178
"Image Princess","Fury Murder",178
"Image Princess","Express Lonely",178
"Image Princess","Drop Waterfront",178
"Impact Aladdin","Something Duck",180
"Impact Aladdin","Nash Chocolat",180
"Impact Aladdin","Mussolini Spoilers",180
"Impact Aladdin","Mixed Doors",180
"Impact Aladdin","Confidential Interview",180
"Impact Aladdin","Alley Evolution",180
"Impossible Prejudice","Strangelove Desire",103
"Impossible Prejudice","Pinocchio Simon",103
"Impossible Prejudice","Mother Oleander",103
"Impossible Prejudice","Homeward Cider",103
"Impossible Prejudice","Glass Dying",103
"Impossible Prejudice","Firehouse Vietnam",103
"Impossible Prejudice","Blindness Gun",103
"Impossible Prejudice","Birdcage Casper",103
"Inch Jet","Show Lord",167
"Inch Jet","Requiem Tycoon",167
"Inch Jet","Lesson Cleopatra",167
"Inch Jet","Exorcist Sting",167
"Inch Jet","Escape Metropolis",167
"Inch Jet","Campus Remember",167
"Independence Hotel","Volcano Texas",157
"Independence Hotel","Tootsie Pilot",157
"Independence Hotel","Past Suicides",157
"Independence Hotel","Mulholland Beast",157
"Independence Hotel","Hobbit Alien",157
"Indian Love","Walls Artist",135
"Indian Love","Thief Pelican",135
"Indian Love","Sunrise League",135
"Indian Love","Sierra Divide",135
"Indian Love","Money Harold",135
"Indian Love","Japanese Run",135
"Indian Love","Grease Youth",135
"Indian Love","Dream Pickup",135
"Indian Love","Candles Grapes",135
"Informer Double","Working Microcosmos",74
"Informer Double","Teen Apollo",74
"Informer Double","Snatchers Montezuma",74
"Informer Double","Silverado Goldfinger",74
"Informer Double","Rainbow Shock",74
"Informer Double","Pearl Destiny",74
"Informer Double","Modern Dorado",74
"Informer Double","Maguire Apache",74
"Informer Double","Luke Mummy",74
"Informer Double","Jumping Wrath",74
"Informer Double","Angels Life",74
"Innocent Usual","Wrong Behavior",178
"Innocent Usual","Wardrobe Phantom",178
"Innocent Usual","Rocketeer Mother",178
"Innocent Usual","Name Detective",178
"Innocent Usual","Madness Attacks",178
"Innocent Usual","Image Princess",178
"Innocent Usual","Fury Murder",178
"Innocent Usual","Express Lonely",178
"Innocent Usual","Drop Waterfront",178
"Insects Stone","Vanishing Rocky",123
"Insects Stone","Swarm Gold",123
"Insects Stone","Reef Salute",123
"Insects Stone","Mask Peach",123
"Insects Stone","Flash Wars",123
"Insects Stone","Breakfast Goldfinger",123
"Insider Arizona","Watch Tracy",78
"Insider Arizona","Voyage Legally",78
"Insider Arizona","Unfaithful Kill",78
"Insider Arizona","Language Cowboy",78
"Insider Arizona","Holiday Games",78
"Instinct Airport","Words Hunter",116
"Instinct Airport","Madigan Dorado",116
"Instinct Airport","Duck Racer",116
"Intentions Empire","Wanda Chamber",107
"Intentions Empire","Undefeated Dalmations",107
"Intentions Empire","Party Knock",107
"Intentions Empire","Monster Spartacus",107
"Intentions Empire","Hate Handicap",107
"Intentions Empire","Hanky October",107
"Intentions Empire","Effect Gladiator",107
"Intentions Empire","Diary Panic",107
"Intentions Empire","Chitty Lock",107
"Interview Liaisons","Whisperer Giant",59
"Interview Liaisons","Vision Torque",59
"Interview Liaisons","Minority Kiss",59
"Interview Liaisons","Legend Jedi",59
"Interview Liaisons","Jet Neighbors",59
"Interview Liaisons","Heartbreakers Bright",59
"Interview Liaisons","Daughter Madigan",59
"Interview Liaisons","Commandments Express",59
"Intolerable Intentions","Reunion Witches",63
"Intolerable Intentions","Forrest Sons",63
"Intolerable Intentions","Dinosaur Secretary",63
"Intolerable Intentions","Bunch Minds",63
"Intolerable Intentions","Boulevard Mob",63
"Intolerable Intentions","Borrowers Bedazzled",63
"Intolerable Intentions","Bonnie Holocaust",63
"Intolerable Intentions","Aladdin Calendar",63
"Intrigue Worst","Wild Apollo",181
"Intrigue Worst","Star Operation",181
"Intrigue Worst","Runaway Tenenbaums",181
"Intrigue Worst","Love Suicides",181
"Intrigue Worst","Lawless Vision",181
"Intrigue Worst","Jacket Frisco",181
"Intrigue Worst","Hotel Happiness",181
"Intrigue Worst","Haunting Pianist",181
"Intrigue Worst","Analyze Hoosiers",181
"Invasion Cyclone","Rear Trading",97
"Invasion Cyclone","Lucky Flying",97
"Invasion Cyclone","Expendable Stallion",97
"Iron Moon","Ridgemont Submarine",46
"Iron Moon","Labyrinth League",46
"Iron Moon","Kwai Homeward",46
"Iron Moon","Alien Center",46
"Ishtar Rocketeer","Werewolf Lola",79
"Ishtar Rocketeer","Spiking Element",79
"Ishtar Rocketeer","Shock Cabin",79
"Ishtar Rocketeer","Moulin Wake",79
"Ishtar Rocketeer","Amelie Hellfighters",79
"Island Exorcist","Uptown Young",84
"Island Exorcist","Sling Luke",84
"Island Exorcist","Savannah Town",84
"Island Exorcist","Pluto Oleander",84
"Island Exorcist","Packer Madigan",84
"Island Exorcist","Jeepers Wedding",84
"Island Exorcist","Idols Snatchers",84
"Island Exorcist","Honey Ties",84
"Island Exorcist","High Encino",84
"Island Exorcist","Guys Falcon",84
"Island Exorcist","Gone Trouble",84
"Island Exorcist","Daisy Menagerie",84
"Italian African","Vietnam Smoochy",174
"Italian African","Uprising Uptown",174
"Italian African","Lights Deer",174
"Italian African","Jade Bunch",174
"Italian African","Evolution Alter",174
"Jacket Frisco","Wild Apollo",181
"Jacket Frisco","Star Operation",181
"Jacket Frisco","Runaway Tenenbaums",181
"Jacket Frisco","Love Suicides",181
"Jacket Frisco","Lawless Vision",181
"Jacket Frisco","Intrigue Worst",181
"Jacket Frisco","Hotel Happiness",181
"Jacket Frisco","Haunting Pianist",181
"Jacket Frisco","Analyze Hoosiers",181
"Jade Bunch","Vietnam Smoochy",174
"Jade Bunch","Uprising Uptown",174
"Jade Bunch","Lights Deer",174
"Jade Bunch","Italian African",174
"Jade Bunch","Evolution Alter",174
"Japanese Run","Walls Artist",135
"Japanese Run","Thief Pelican",135
"Japanese Run","Sunrise League",135
"Japanese Run","Sierra Divide",135
"Japanese Run","Money Harold",135
"Japanese Run","Indian Love",135
"Japanese Run","Grease Youth",135
"Japanese Run","Dream Pickup",135
"Japanese Run","Candles Grapes",135
"Jason Trap","Stallion Sundance",130
"Jason Trap","Majestic Floats",130
"Jason Trap","Fargo Gandhi",130
"Jason Trap","Darko Dorado",130
"Jason Trap","African Egg",130
"Jawbreaker Brooklyn","Rouge Squad",118
"Jawbreaker Brooklyn","Personal Ladybugs",118
"Jawbreaker Brooklyn","Paths Control",118
"Jawbreaker Brooklyn","Others Soup",118
"Jawbreaker Brooklyn","Orient Closer",118
"Jawbreaker Brooklyn","Fidelity Devil",118
"Jawbreaker Brooklyn","Backlash Undefeated",118
"Jaws Harry","Watership Frontier",112
"Jaws Harry","Wait Cider",112
"Jaws Harry","Stagecoach Armageddon",112
"Jaws Harry","Spy Mile",112
"Jaws Harry","Seabiscuit Punk",112
"Jaws Harry","Quills Bull",112
"Jaws Harry","Forrester Comancheros",112
"Jaws Harry","Crusade Honey",112
"Jaws Harry","Crowds Telemark",112
"Jaws Harry","Conversation Downhill",112
"Jaws Harry","Coneheads Smoochy",112
"Jaws Harry","Cat Coneheads",112
"Jedi Beneath","Wars Pluto",128
"Jedi Beneath","Usual Untouchables",128
"Jedi Beneath","Papi Necklace",128
"Jedi Beneath","Notorious Reunion",128
"Jedi Beneath","Holes Brannigan",128
"Jedi Beneath","Galaxy Sweethearts",128
"Jeepers Wedding","Uptown Young",84
"Jeepers Wedding","Sling Luke",84
"Jeepers Wedding","Savannah Town",84
"Jeepers Wedding","Pluto Oleander",84
"Jeepers Wedding","Packer Madigan",84
"Jeepers Wedding","Island Exorcist",84
"Jeepers Wedding","Idols Snatchers",84
"Jeepers Wedding","Honey Ties",84
"Jeepers Wedding","High Encino",84
"Jeepers Wedding","Guys Falcon",84
"Jeepers Wedding","Gone Trouble",84
"Jeepers Wedding","Daisy Menagerie",84
"Jekyll Frogmen","Super Wyoming",58
"Jekyll Frogmen","Rings Heartbreakers",58
"Jekyll Frogmen","Oklahoma Jumanji",58
"Jekyll Frogmen","Fantasy Troopers",58
"Jekyll Frogmen","Dances None",58
"Jekyll Frogmen","Closer Bang",58
"Jeopardy Encino","Treasure Command",102
"Jeopardy Encino","Scarface Bang",102
"Jeopardy Encino","Rock Instinct",102
"Jeopardy Encino","Robbers Joon",102
"Jeopardy Encino","Panic Club",102
"Jeopardy Encino","Opus Ice",102
"Jeopardy Encino","Heavyweights Beast",102
"Jeopardy Encino","Giant Troopers",102
"Jeopardy Encino","Falcon Volume",102
"Jeopardy Encino","Boiled Dares",102
"Jericho Mulan","World Leathernecks",171
"Jericho Mulan","Tramp Others",171
"Jericho Mulan","Roxanne Rebel",171
"Jericho Mulan","Moonshine Cabin",171
"Jericho Mulan","Magnolia Forrester",171
"Jericho Mulan","Kramer Chocolate",171
"Jericho Mulan","Duffel Apocalypse",171
"Jerk Paycheck","Uncut Suicides",172
"Jerk Paycheck","Tights Dawn",172
"Jerk Paycheck","Northwest Polish",172
"Jerk Paycheck","Idaho Love",172
"Jerk Paycheck","Eyes Driving",172
"Jerk Paycheck","Creepers Kane",172
"Jerk Paycheck","Connecticut Tramp",172
"Jersey Sassy","Smile Earring",60
"Jersey Sassy","Shakespeare Saddle",60
"Jersey Sassy","Room Roman",60
"Jersey Sassy","Pity Bound",60
"Jersey Sassy","Phantom Glory",60
"Jersey Sassy","Mockingbird Hollywood",60
"Jersey Sassy","Bubble Grosse",60
"Jet Neighbors","Whisperer Giant",59
"Jet Neighbors","Vision Torque",59
"Jet Neighbors","Minority Kiss",59
"Jet Neighbors","Legend Jedi",59
"Jet Neighbors","Interview Liaisons",59
"Jet Neighbors","Heartbreakers Bright",59
"Jet Neighbors","Daughter Madigan",59
"Jet Neighbors","Commandments Express",59
"Jingle Sagebrush","Speed Suit",124
"Jingle Sagebrush","Clones Pinocchio",124
"Jingle Sagebrush","Chisum Behavior",124
"Joon Northwest","Zhivago Core",105
"Joon Northwest","Won Dares",105
"Joon Northwest","Mob Duffel",105
"Joon Northwest","Microcosmos Paradise",105
"Joon Northwest","Hunger Roof",105
"Juggler Hardly","Sense Greek",54
"Juggler Hardly","October Submarine",54
"Juggler Hardly","Kill Brotherhood",54
"Juggler Hardly","Go Purple",54
"Juggler Hardly","Airport Pollock",54
"Jumanji Blade","Pure Runner",121
"Jumanji Blade","Paris Weekend",121
"Jumanji Blade","Harry Idaho",121
"Jumanji Blade","Dangerous Uptown",121
"Jumanji Blade","Brannigan Sunrise",121
"Jumanji Blade","Boogie Amelie",121
"Jumanji Blade","Arizona Bang",121
"Jumping Wrath","Working Microcosmos",74
"Jumping Wrath","Teen Apollo",74
"Jumping Wrath","Snatchers Montezuma",74
"Jumping Wrath","Silverado Goldfinger",74
"Jumping Wrath","Rainbow Shock",74
"Jumping Wrath","Pearl Destiny",74
"Jumping Wrath","Modern Dorado",74
"Jumping Wrath","Maguire Apache",74
"Jumping Wrath","Luke Mummy",74
"Jumping Wrath","Informer Double",74
"Jumping Wrath","Angels Life",74
"Jungle Closer","Weekend Personal",134
"Jungle Closer","Splendor Patton",134
"Jungle Closer","Robbery Bright",134
"Jungle Closer","Pittsburgh Hunchback",134
"Kane Exorcist","Truman Crazy",92
"Kane Exorcist","Sundance Invasion",92
"Kane Exorcist","Opposite Necklace",92
"Kane Exorcist","National Story",92
"Kane Exorcist","Mystic Truman",92
"Kane Exorcist","Encounters Curtain",92
"Kane Exorcist","Core Suit",92
"Kane Exorcist","Caribbean Liberty",92
"Kane Exorcist","Apache Divine",92
"Kane Exorcist","Anaconda Confessions",92
"Karate Moon","Untouchables Sunrise",120
"Karate Moon","Rage Games",120
"Karate Moon","Order Betrayed",120
"Karate Moon","Lock Rear",120
"Karate Moon","Dolls Rage",120
"Karate Moon","Dazed Punk",120
"Karate Moon","Command Darling",120
"Karate Moon","Calendar Gunfight",120
"Kentuckian Giant","Soup Wisdom",169
"Kentuckian Giant","Outbreak Divine",169
"Kentuckian Giant","Hedwig Alter",169
"Kentuckian Giant","Breaking Home",169
"Kentuckian Giant","Agent Truman",169
"Kick Savannah","Youth Kick",179
"Kick Savannah","Virgin Daisy",179
"Kick Savannah","Torque Bound",179
"Kick Savannah","Texas Watch",179
"Kick Savannah","Slacker Liaisons",179
"Kick Savannah","Redemption Comforts",179
"Kick Savannah","Potluck Mixed",179
"Kick Savannah","Flight Lies",179
"Kick Savannah","Cause Date",179
"Kick Savannah","Born Spinal",179
"Kick Savannah","Casualties Encino",179
"Kick Savannah","Anonymous Human",179
"Kill Brotherhood","Sense Greek",54
"Kill Brotherhood","October Submarine",54
"Kill Brotherhood","Juggler Hardly",54
"Kill Brotherhood","Go Purple",54
"Kill Brotherhood","Airport Pollock",54
"Killer Innocent","Wash Heavenly",161
"Killer Innocent","Oleander Clue",161
"Killer Innocent","Neighbors Charade",161
"Killer Innocent","Metal Armageddon",161
"Killer Innocent","Massage Image",161
"Killer Innocent","Gables Metropolis",161
"Killer Innocent","Daddy Pittsburgh",161
"Killer Innocent","Brooklyn Desert",161
"King Evolution","Theory Mermaid",184
"King Evolution","Sorority Queen",184
"King Evolution","Sons Interview",184
"King Evolution","Smoochy Control",184
"King Evolution","Moonwalker Fool",184
"King Evolution","Crystal Breaking",184
"King Evolution","Conspiracy Spirit",184
"Kiss Glory","Story Side",163
"Kiss Glory","Queen Luke",163
"Kiss Glory","Gilmore Boiled",163
"Kiss Glory","Everyone Craft",163
"Kiss Glory","Casper Dragonfly",163
"Kiss Glory","Bird Independence",163
"Kissing Dolls","Sun Confessions",141
"Kissing Dolls","Spice Sorority",141
"Kissing Dolls","Homicide Peach",141
"Kissing Dolls","Hocus Frida",141
"Kissing Dolls","Dynamite Tarzan",141
"Kissing Dolls","Disciple Mother",141
"Knock Warlock","Train Bunch",71
"Knock Warlock","Temple Attraction",71
"Knock Warlock","Princess Giant",71
"Knock Warlock","Mannequin Worst",71
"Knock Warlock","Chariots Conspiracy",71
"Knock Warlock","Blood Argonauts",71
"Kramer Chocolate","World Leathernecks",171
"Kramer Chocolate","Tramp Others",171
"Kramer Chocolate","Roxanne Rebel",171
"Kramer Chocolate","Moonshine Cabin",171
"Kramer Chocolate","Magnolia Forrester",171
"Kramer Chocolate","Jericho Mulan",171
"Kramer Chocolate","Duffel Apocalypse",171
"Kwai Homeward","Ridgemont Submarine",46
"Kwai Homeward","Labyrinth League",46
"Kwai Homeward","Iron Moon",46
"Kwai Homeward","Alien Center",46
"Labyrinth League","Ridgemont Submarine",46
"Labyrinth League","Kwai Homeward",46
"Labyrinth League","Iron Moon",46
"Labyrinth League","Alien Center",46
"Rush Goodfellas","Valentine Vanishing",48
"Rush Goodfellas","Sunset Racer",48
"Rush Goodfellas","Stepmom Dream",48
"Rush Goodfellas","Pelican Comforts",48
"Rush Goodfellas","Paradise Sabrina",48
"Rush Goodfellas","Odds Boogie",48
"Rush Goodfellas","Notting Speakeasy",48
"Rush Goodfellas","Midsummer Groundhog",48
"Rush Goodfellas","Heaven Freedom",48
"Rush Goodfellas","Ace Goldfinger",48
"Lady Stage","Silence Kane",67
"Lady Stage","Shootist Superfly",67
"Lady Stage","North Tequila",67
"Lady Stage","Lonely Elephant",67
"Lady Stage","Egg Igby",67
"Lady Stage","Comancheros Enemy",67
"Lady Stage","Butch Panther",67
"Ladybugs Armageddon","State Wasteland",113
"Ladybugs Armageddon","Shepherd Midsummer",113
"Ladybugs Armageddon","Legally Secretary",113
"Ladybugs Armageddon","Day Unfaithful",113
"Ladybugs Armageddon","Banger Pinocchio",113
"Ladybugs Armageddon","Attacks Hate",113
"Ladybugs Armageddon","Amadeus Holy",113
"Lambs Cincinatti","Virtual Spoilers",144
"Lambs Cincinatti","Towers Hurricane",144
"Lambs Cincinatti","Strictly Scarface",144
"Lambs Cincinatti","President Bang",144
"Lambs Cincinatti","Pacific Amistad",144
"Lambs Cincinatti","Factory Dragon",144
"Lambs Cincinatti","Dancing Fever",144
"Language Cowboy","Watch Tracy",78
"Language Cowboy","Voyage Legally",78
"Language Cowboy","Unfaithful Kill",78
"Language Cowboy","Insider Arizona",78
"Language Cowboy","Holiday Games",78
"Lawless Vision","Wild Apollo",181
"Lawless Vision","Star Operation",181
"Lawless Vision","Runaway Tenenbaums",181
"Lawless Vision","Love Suicides",181
"Lawless Vision","Jacket Frisco",181
"Lawless Vision","Intrigue Worst",181
"Lawless Vision","Hotel Happiness",181
"Lawless Vision","Haunting Pianist",181
"Lawless Vision","Analyze Hoosiers",181
"Lawrence Love","Splash Gump",175
"Lawrence Love","Patton Interview",175
"Lawrence Love","Model Fish",175
"Lawrence Love","Driving Polish",175
"Lawrence Love","Beauty Grease",175
"League Hellfighters","Trap Guys",110
"League Hellfighters","Snatch Slipper",110
"League Hellfighters","Seattle Expecations",110
"League Hellfighters","Samurai Lion",110
"League Hellfighters","Remember Diary",110
"League Hellfighters","Highball Potter",110
"League Hellfighters","Drumline Cyclone",110
"League Hellfighters","Celebrity Horn",110
"Leathernecks Dwarfs","Rules Human",153
"Leathernecks Dwarfs","Rollercoaster Bringing",153
"Leathernecks Dwarfs","Right Cranes",153
"Leathernecks Dwarfs","Goldmine Tycoon",153
"Leathernecks Dwarfs","Edge Kissing",153
"Leathernecks Dwarfs","Crossroads Casualties",153
"Leathernecks Dwarfs","Baby Hall",153
"Leathernecks Dwarfs","Apollo Teen",153
"Lebowski Soldiers","Timberland Sky",69
"Lebowski Soldiers","Hollywood Anonymous",69
"Lebowski Soldiers","Head Stranger",69
"Lebowski Soldiers","Flying Hook",69
"Lebowski Soldiers","Cruelty Unforgiven",69
"Legally Secretary","State Wasteland",113
"Legally Secretary","Shepherd Midsummer",113
"Legally Secretary","Ladybugs Armageddon",113
"Legally Secretary","Day Unfaithful",113
"Legally Secretary","Banger Pinocchio",113
"Legally Secretary","Attacks Hate",113
"Legally Secretary","Amadeus Holy",113
"Legend Jedi","Whisperer Giant",59
"Legend Jedi","Vision Torque",59
"Legend Jedi","Minority Kiss",59
"Legend Jedi","Jet Neighbors",59
"Legend Jedi","Interview Liaisons",59
"Legend Jedi","Heartbreakers Bright",59
"Legend Jedi","Daughter Madigan",59
"Legend Jedi","Commandments Express",59
"Lesson Cleopatra","Show Lord",167
"Lesson Cleopatra","Requiem Tycoon",167
"Lesson Cleopatra","Inch Jet",167
"Lesson Cleopatra","Exorcist Sting",167
"Lesson Cleopatra","Escape Metropolis",167
"Lesson Cleopatra","Campus Remember",167
"Liaisons Sweet","Steers Armageddon",140
"Liaisons Sweet","Loathing Legally",140
"Liaisons Sweet","Graceland Dynamite",140
"Liaisons Sweet","Eagles Panky",140
"Liberty Magnificent","Spirited Casualties",138
"Liberty Magnificent","Spinal Rocky",138
"Liberty Magnificent","Pocus Pulp",138
"Liberty Magnificent","Maiden Home",138
"Liberty Magnificent","Expecations Natural",138
"License Weekend","Titans Jerk",91
"License Weekend","Tarzan Videotape",91
"License Weekend","Fight Jawbreaker",91
"License Weekend","Fatal Haunted",91
"License Weekend","Anthem Luke",91
"Lies Treatment","Slums Duck",147
"Lies Treatment","Scissorhands Slums",147
"Lies Treatment","Range Moonwalker",147
"Lies Treatment","Racer Egg",147
"Lies Treatment","Menagerie Rushmore",147
"Lies Treatment","Madison Trap",147
"Lies Treatment","Dirty Ace",147
"Lies Treatment","Arachnophobia Rollercoaster",147
"Life Twisted","Willow Tracy",137
"Life Twisted","Sleepy Japanese",137
"Life Twisted","Scorpion Apollo",137
"Life Twisted","Pollock Deliverance",137
"Life Twisted","Philadelphia Wife",137
"Life Twisted","Lose Inch",137
"Life Twisted","Grit Clockwork",137
"Life Twisted","Arsenic Independence",137
"Lights Deer","Vietnam Smoochy",174
"Lights Deer","Uprising Uptown",174
"Lights Deer","Jade Bunch",174
"Lights Deer","Italian African",174
"Lights Deer","Evolution Alter",174
"Mars Roman","Unbreakable Karate",62
"Mars Roman","Snowman Rollercoaster",62
"Mars Roman","Hanging Deep",62
"Mars Roman","Arabia Dogma",62
"Mars Roman","Airplane Sierra",62
"Lion Uncut","Zorro Ark",50
"Lion Uncut","Smoking Barbarella",50
"Lion Uncut","Pilot Hoosiers",50
"Lion Uncut","Natural Stock",50
"Lion Uncut","Muppet Mile",50
"Lion Uncut","Crossing Divorce",50
"Lion Uncut","Blues Instinct",50
"Lion Uncut","Adaptation Holes",50
"Loathing Legally","Steers Armageddon",140
"Loathing Legally","Liaisons Sweet",140
"Loathing Legally","Graceland Dynamite",140
"Loathing Legally","Eagles Panky",140
"Lock Rear","Untouchables Sunrise",120
"Lock Rear","Rage Games",120
"Lock Rear","Order Betrayed",120
"Lock Rear","Karate Moon",120
"Lock Rear","Dolls Rage",120
"Lock Rear","Dazed Punk",120
"Lock Rear","Command Darling",120
"Lock Rear","Calendar Gunfight",120
"Lola Agent","Wonka Sea",85
"Lola Agent","Window Side",85
"Lola Agent","Wasteland Divine",85
"Lola Agent","Varsity Trip",85
"Lola Agent","Stage World",85
"Lola Agent","Oz Liaisons",85
"Lola Agent","Grail Frankenstein",85
"Lola Agent","Ghost Groundhog",85
"Lola Agent","Ending Crowds",85
"Lola Agent","Egypt Tenenbaums",85
"Lola Agent","Earth Vision",85
"Lola Agent","Casablanca Super",85
"Lola Agent","Canyon Stock",85
"Lola Agent","Blackout Private",85
"Lola Agent","Beverly Outlaw",85
"Lola Agent","Amistad Midsummer",85
"Lolita World","Tadpole Park",155
"Lolita World","Psycho Shrunk",155
"Lolita World","Grapes Fury",155
"Lolita World","Family Sweet",155
"Lolita World","Elf Murder",155
"Lonely Elephant","Silence Kane",67
"Lonely Elephant","Shootist Superfly",67
"Lonely Elephant","North Tequila",67
"Lonely Elephant","Lady Stage",67
"Lonely Elephant","Egg Igby",67
"Lonely Elephant","Comancheros Enemy",67
"Lonely Elephant","Butch Panther",67
"Lord Arizona","Sweethearts Suspects",108
"Lord Arizona","Handicap Boondock",108
"Lord Arizona","Gorgeous Bingo",108
"Lord Arizona","Autumn Crow",108
"Lose Inch","Willow Tracy",137
"Lose Inch","Sleepy Japanese",137
"Lose Inch","Scorpion Apollo",137
"Lose Inch","Pollock Deliverance",137
"Lose Inch","Philadelphia Wife",137
"Lose Inch","Life Twisted",137
"Lose Inch","Grit Clockwork",137
"Lose Inch","Arsenic Independence",137
"Loser Hustler","War Notting",80
"Loser Hustler","Turn Star",80
"Loser Hustler","Shawshank Bubble",80
"Loser Hustler","Sea Virgin",80
"Loser Hustler","Saddle Antitrust",80
"Loser Hustler","Peak Forever",80
"Loser Hustler","Meet Chocolate",80
"Loser Hustler","Garden Island",80
"Loser Hustler","Flamingos Connecticut",80
"Lost Bird","Wisdom Worker",98
"Lost Bird","Sensibility Rear",98
"Lost Bird","Prejudice Oleander",98
"Lost Bird","Madre Gables",98
"Lost Bird","Feud Frogmen",98
"Lost Bird","Earring Instinct",98
"Lost Bird","Bound Cheaper",98
"Louisiana Harry","Wedding Apollo",70
"Louisiana Harry","Gunfight Moon",70
"Louisiana Harry","Coldblooded Darling",70
"Louisiana Harry","Clue Grail",70
"Louisiana Harry","Chance Resurrection",70
"Louisiana Harry","Candidate Perdition",70
"Love Suicides","Wild Apollo",181
"Love Suicides","Star Operation",181
"Love Suicides","Runaway Tenenbaums",181
"Love Suicides","Lawless Vision",181
"Love Suicides","Jacket Frisco",181
"Love Suicides","Intrigue Worst",181
"Love Suicides","Hotel Happiness",181
"Love Suicides","Haunting Pianist",181
"Love Suicides","Analyze Hoosiers",181
"Lovely Jingle","Patriot Roman",65
"Lovely Jingle","Hunting Musketeers",65
"Lovely Jingle","Freddy Storm",65
"Lovely Jingle","Confessions Maguire",65
"Lovely Jingle","Club Graffiti",65
"Lovely Jingle","Barbarella Streetcar",65
"Lover Truman","Wizard Coldblooded",75
"Lover Truman","Stampede Disturbing",75
"Lover Truman","Satisfaction Confidential",75
"Lover Truman","Newton Labyrinth",75
"Lover Truman","Network Peak",75
"Lover Truman","Hellfighters Sierra",75
"Lover Truman","Fiddler Lost",75
"Lover Truman","California Birds",75
"Lover Truman","Balloon Homeward",75
"Loverboy Attacks","Roses Treasure",162
"Loverboy Attacks","Miracle Virtual",162
"Loverboy Attacks","Birch Antitrust",162
"Loverboy Attacks","Badman Dawn",162
"Luck Opus","Wagon Jaws",152
"Luck Opus","Twisted Pirates",152
"Luck Opus","Tuxedo Mile",152
"Luck Opus","Tourist Pelican",152
"Luck Opus","Telemark Heartbreakers",152
"Luck Opus","Sister Freddy",152
"Luck Opus","Elizabeth Shane",152
"Luck Opus","Center Dinosaur",152
"Lucky Flying","Rear Trading",97
"Lucky Flying","Invasion Cyclone",97
"Lucky Flying","Expendable Stallion",97
"Luke Mummy","Working Microcosmos",74
"Luke Mummy","Teen Apollo",74
"Luke Mummy","Snatchers Montezuma",74
"Luke Mummy","Silverado Goldfinger",74
"Luke Mummy","Rainbow Shock",74
"Luke Mummy","Pearl Destiny",74
"Luke Mummy","Modern Dorado",74
"Luke Mummy","Maguire Apache",74
"Luke Mummy","Jumping Wrath",74
"Luke Mummy","Informer Double",74
"Luke Mummy","Angels Life",74
"Mask Peach","Vanishing Rocky",123
"Mask Peach","Swarm Gold",123
"Mask Peach","Reef Salute",123
"Mask Peach","Insects Stone",123
"Mask Peach","Flash Wars",123
"Mask Peach","Breakfast Goldfinger",123
"Lust Lock","Westward Seabiscuit",52
"Lust Lock","Trojan Tomorrow",52
"Lust Lock","Spartacus Cheaper",52
"Lust Lock","Side Ark",52
"Lust Lock","Harper Dying",52
"Lust Lock","Caddyshack Jedi",52
"Madigan Dorado","Words Hunter",116
"Madigan Dorado","Instinct Airport",116
"Madigan Dorado","Duck Racer",116
"Madison Trap","Slums Duck",147
"Madison Trap","Scissorhands Slums",147
"Madison Trap","Range Moonwalker",147
"Madison Trap","Racer Egg",147
"Madison Trap","Menagerie Rushmore",147
"Madison Trap","Lies Treatment",147
"Madison Trap","Dirty Ace",147
"Madison Trap","Arachnophobia Rollercoaster",147
"Madness Attacks","Wrong Behavior",178
"Madness Attacks","Wardrobe Phantom",178
"Madness Attacks","Rocketeer Mother",178
"Madness Attacks","Name Detective",178
"Madness Attacks","Innocent Usual",178
"Madness Attacks","Image Princess",178
"Madness Attacks","Fury Murder",178
"Madness Attacks","Express Lonely",178
"Madness Attacks","Drop Waterfront",178
"Madre Gables","Wisdom Worker",98
"Madre Gables","Sensibility Rear",98
"Madre Gables","Prejudice Oleander",98
"Madre Gables","Lost Bird",98
"Madre Gables","Feud Frogmen",98
"Madre Gables","Earring Instinct",98
"Madre Gables","Bound Cheaper",98
"Magic Mallrats","Resurrection Silverado",117
"Magic Mallrats","Graffiti Love",117
"Magic Mallrats","Affair Prejudice",117
"Magic Mallrats","Chamber Italian",117
"Magnificent Chitty","Thin Sagebrush",53
"Magnificent Chitty","Tequila Past",53
"Magnificent Chitty","Summer Scarface",53
"Magnificent Chitty","Primary Glass",53
"Magnificent Chitty","Movie Shakespeare",53
"Magnificent Chitty","Gump Date",53
"Magnificent Chitty","Cabin Flash",53
"Magnificent Chitty","Beneath Rush",53
"Magnolia Forrester","World Leathernecks",171
"Magnolia Forrester","Tramp Others",171
"Magnolia Forrester","Roxanne Rebel",171
"Magnolia Forrester","Moonshine Cabin",171
"Magnolia Forrester","Kramer Chocolate",171
"Magnolia Forrester","Jericho Mulan",171
"Magnolia Forrester","Duffel Apocalypse",171
"Maguire Apache","Working Microcosmos",74
"Maguire Apache","Teen Apollo",74
"Maguire Apache","Snatchers Montezuma",74
"Maguire Apache","Silverado Goldfinger",74
"Maguire Apache","Rainbow Shock",74
"Maguire Apache","Pearl Destiny",74
"Maguire Apache","Modern Dorado",74
"Maguire Apache","Luke Mummy",74
"Maguire Apache","Jumping Wrath",74
"Maguire Apache","Informer Double",74
"Maguire Apache","Angels Life",74
"Maiden Home","Spirited Casualties",138
"Maiden Home","Spinal Rocky",138
"Maiden Home","Pocus Pulp",138
"Maiden Home","Liberty Magnificent",138
"Maiden Home","Expecations Natural",138
"Majestic Floats","Stallion Sundance",130
"Majestic Floats","Jason Trap",130
"Majestic Floats","Fargo Gandhi",130
"Majestic Floats","Darko Dorado",130
"Majestic Floats","African Egg",130
"Maker Gables","Town Ark",136
"Maker Gables","Squad Fish",136
"Maker Gables","Reap Unfaithful",136
"Maker Gables","Pianist Outfield",136
"Maker Gables","Hollow Jeopardy",136
"Maker Gables","Crazy Home",136
"Maker Gables","Bringing Hysterical",136
"Maker Gables","Alaska Phantom",136
"Malkovich Pet","West Lion",159
"Malkovich Pet","Poseidon Forever",159
"Malkovich Pet","Newsies Story",159
"Malkovich Pet","Frankenstein Stranger",159
"Malkovich Pet","Driver Annie",159
"Mallrats United","Freedom Cleopatra",133
"Mallrats United","Dragonfly Strangers",133
"Mallrats United","Curtain Videotape",133
"Mallrats United","Bucket Brotherhood",133
"Maltese Hope","Submarine Bed",127
"Maltese Hope","Seven Swarm",127
"Maltese Hope","Gunfighter Mussolini",127
"Maltese Hope","Argonauts Town",127
"Manchurian Curtain","Rider Caddyshack",177
"Manchurian Curtain","Quest Mussolini",177
"Manchurian Curtain","Empire Malkovich",177
"Manchurian Curtain","Dozen Lion",177
"Manchurian Curtain","Double Wrath",177
"Mannequin Worst","Train Bunch",71
"Mannequin Worst","Temple Attraction",71
"Mannequin Worst","Princess Giant",71
"Mannequin Worst","Knock Warlock",71
"Mannequin Worst","Chariots Conspiracy",71
"Mannequin Worst","Blood Argonauts",71
"Married Go","Superfly Trip",114
"Married Go","Sugar Wonka",114
"Married Go","Pride Alamo",114
"Married Go","Gilbert Pelican",114
"Married Go","Chasing Fight",114
"Married Go","Chainsaw Uptown",114
"Married Go","Carrie Bunch",114
"Married Go","Blade Polish",114
"Married Go","Alabama Devil",114
"Masked Bubble","Straight Hours",151
"Masked Bubble","Spoilers Hellfighters",151
"Masked Bubble","School Jacket",151
"Masked Bubble","Hunchback Impossible",151
"Masked Bubble","Carol Texas",151
"Masked Bubble","Beethoven Exorcist",151
"Massacre Usual","Speakeasy Date",165
"Massacre Usual","Song Hedwig",165
"Massacre Usual","Darling Breaking",165
"Massacre Usual","Citizen Shrek",165
"Massage Image","Wash Heavenly",161
"Massage Image","Oleander Clue",161
"Massage Image","Neighbors Charade",161
"Massage Image","Metal Armageddon",161
"Massage Image","Killer Innocent",161
"Massage Image","Gables Metropolis",161
"Massage Image","Daddy Pittsburgh",161
"Massage Image","Brooklyn Desert",161
"Matrix Snowman","Goodfellas Salute",56
"Matrix Snowman","Destiny Saturday",56
"Matrix Snowman","Cupboard Sinners",56
"Matrix Snowman","Bride Intrigue",56
"Maude Mod","Hardly Robbers",72
"Maude Mod","Fiction Christmas",72
"Maude Mod","Bowfinger Gables",72
"Meet Chocolate","War Notting",80
"Meet Chocolate","Turn Star",80
"Meet Chocolate","Shawshank Bubble",80
"Meet Chocolate","Sea Virgin",80
"Meet Chocolate","Saddle Antitrust",80
"Meet Chocolate","Peak Forever",80
"Meet Chocolate","Loser Hustler",80
"Meet Chocolate","Garden Island",80
"Meet Chocolate","Flamingos Connecticut",80
"Memento Zoolander","Pickup Driving",77
"Memento Zoolander","Mod Secretary",77
"Memento Zoolander","Fellowship Autumn",77
"Memento Zoolander","Enemy Odds",77
"Memento Zoolander","Berets Agent",77
"Menagerie Rushmore","Slums Duck",147
"Menagerie Rushmore","Scissorhands Slums",147
"Menagerie Rushmore","Range Moonwalker",147
"Menagerie Rushmore","Racer Egg",147
"Menagerie Rushmore","Madison Trap",147
"Menagerie Rushmore","Lies Treatment",147
"Menagerie Rushmore","Dirty Ace",147
"Menagerie Rushmore","Arachnophobia Rollercoaster",147
"Mermaid Insects","Titanic Boondock",104
"Mermaid Insects","Ship Wonderland",104
"Mermaid Insects","Feathers Metal",104
"Mermaid Insects","Crow Grease",104
"Mermaid Insects","Date Speed",104
"Metal Armageddon","Wash Heavenly",161
"Metal Armageddon","Oleander Clue",161
"Metal Armageddon","Neighbors Charade",161
"Metal Armageddon","Massage Image",161
"Metal Armageddon","Killer Innocent",161
"Metal Armageddon","Gables Metropolis",161
"Metal Armageddon","Daddy Pittsburgh",161
"Metal Armageddon","Brooklyn Desert",161
"Metropolis Coma","Victory Academy",64
"Metropolis Coma","Trip Newton",64
"Metropolis Coma","Taxi Kick",64
"Metropolis Coma","Sleepless Monsoon",64
"Metropolis Coma","Novocaine Flight",64
"Metropolis Coma","Mile Mulan",64
"Metropolis Coma","Desert Poseidon",64
"Metropolis Coma","Craft Outfield",64
"Microcosmos Paradise","Zhivago Core",105
"Microcosmos Paradise","Won Dares",105
"Microcosmos Paradise","Mob Duffel",105
"Microcosmos Paradise","Joon Northwest",105
"Microcosmos Paradise","Hunger Roof",105
"Midnight Westward","Yentl Idaho",86
"Midnight Westward","Gandhi Kwai",86
"Midnight Westward","Annie Identity",86
"Midnight Westward","Academy Dinosaur",86
"Midsummer Groundhog","Valentine Vanishing",48
"Midsummer Groundhog","Sunset Racer",48
"Midsummer Groundhog","Stepmom Dream",48
"Midsummer Groundhog","Pelican Comforts",48
"Midsummer Groundhog","Paradise Sabrina",48
"Midsummer Groundhog","Odds Boogie",48
"Midsummer Groundhog","Notting Speakeasy",48
"Midsummer Groundhog","Rush Goodfellas",48
"Midsummer Groundhog","Heaven Freedom",48
"Midsummer Groundhog","Ace Goldfinger",48
"Mighty Luck","Vanilla Day",122
"Mighty Luck","Illusion Amelie",122
"Mighty Luck","Hours Rage",122
"Mighty Luck","Extraordinary Conquerer",122
"Mighty Luck","Dogma Family",122
"Mighty Luck","Deceiver Betrayed",122
"Mighty Luck","Confused Candles",122
"Mighty Luck","Chicken Hellfighters",122
"Mighty Luck","Betrayed Rear",122
"Mighty Luck","Beach Heartbreakers",122
"Mile Mulan","Victory Academy",64
"Mile Mulan","Trip Newton",64
"Mile Mulan","Taxi Kick",64
"Mile Mulan","Sleepless Monsoon",64
"Mile Mulan","Novocaine Flight",64
"Mile Mulan","Metropolis Coma",64
"Mile Mulan","Desert Poseidon",64
"Mile Mulan","Craft Outfield",64
"Million Ace","Vanished Garden",142
"Million Ace","Tracy Cider",142
"Million Ace","Tomorrow Hustler",142
"Million Ace","Ferris Mother",142
"Million Ace","Chill Luck",142
"Million Ace","Bikini Borrowers",142
"Minds Truman","Spirit Flintstones",149
"Minds Truman","River Outlaw",149
"Minds Truman","Nightmare Chill",149
"Minds Truman","Holocaust Highball",149
"Minds Truman","Color Philadelphia",149
"Mine Titans","Murder Antitrust",166
"Mine Titans","Motions Details",166
"Mine Titans","Greedy Roots",166
"Mine Titans","Contact Anonymous",166
"Minority Kiss","Whisperer Giant",59
"Minority Kiss","Vision Torque",59
"Minority Kiss","Legend Jedi",59
"Minority Kiss","Jet Neighbors",59
"Minority Kiss","Interview Liaisons",59
"Minority Kiss","Heartbreakers Bright",59
"Minority Kiss","Daughter Madigan",59
"Minority Kiss","Commandments Express",59
"Miracle Virtual","Roses Treasure",162
"Miracle Virtual","Loverboy Attacks",162
"Miracle Virtual","Birch Antitrust",162
"Miracle Virtual","Badman Dawn",162
"Mission Zoolander","Virginian Pluto",164
"Mission Zoolander","United Pilot",164
"Mission Zoolander","Clerks Angels",164
"Mixed Doors","Something Duck",180
"Mixed Doors","Nash Chocolat",180
"Mixed Doors","Mussolini Spoilers",180
"Mixed Doors","Impact Aladdin",180
"Mixed Doors","Confidential Interview",180
"Mixed Doors","Alley Evolution",180
"Mob Duffel","Zhivago Core",105
"Mob Duffel","Won Dares",105
"Mob Duffel","Microcosmos Paradise",105
"Mob Duffel","Joon Northwest",105
"Mob Duffel","Hunger Roof",105
"Mockingbird Hollywood","Smile Earring",60
"Mockingbird Hollywood","Shakespeare Saddle",60
"Mockingbird Hollywood","Room Roman",60
"Mockingbird Hollywood","Pity Bound",60
"Mockingbird Hollywood","Phantom Glory",60
"Mockingbird Hollywood","Jersey Sassy",60
"Mockingbird Hollywood","Bubble Grosse",60
"Mod Secretary","Pickup Driving",77
"Mod Secretary","Memento Zoolander",77
"Mod Secretary","Fellowship Autumn",77
"Mod Secretary","Enemy Odds",77
"Mod Secretary","Berets Agent",77
"Model Fish","Splash Gump",175
"Model Fish","Patton Interview",175
"Model Fish","Lawrence Love",175
"Model Fish","Driving Polish",175
"Model Fish","Beauty Grease",175
"Modern Dorado","Working Microcosmos",74
"Modern Dorado","Teen Apollo",74
"Modern Dorado","Snatchers Montezuma",74
"Modern Dorado","Silverado Goldfinger",74
"Modern Dorado","Rainbow Shock",74
"Modern Dorado","Pearl Destiny",74
"Modern Dorado","Maguire Apache",74
"Modern Dorado","Luke Mummy",74
"Modern Dorado","Jumping Wrath",74
"Modern Dorado","Informer Double",74
"Modern Dorado","Angels Life",74
"Money Harold","Walls Artist",135
"Money Harold","Thief Pelican",135
"Money Harold","Sunrise League",135
"Money Harold","Sierra Divide",135
"Money Harold","Japanese Run",135
"Money Harold","Indian Love",135
"Money Harold","Grease Youth",135
"Money Harold","Dream Pickup",135
"Money Harold","Candles Grapes",135
"Monsoon Cause","Searchers Wait",182
"Monsoon Cause","Saturn Name",182
"Monsoon Cause","Reds Pocus",182
"Monsoon Cause","Records Zorro",182
"Monsoon Cause","Baked Cleopatra",182
"Monster Spartacus","Wanda Chamber",107
"Monster Spartacus","Undefeated Dalmations",107
"Monster Spartacus","Party Knock",107
"Monster Spartacus","Intentions Empire",107
"Monster Spartacus","Hate Handicap",107
"Monster Spartacus","Hanky October",107
"Monster Spartacus","Effect Gladiator",107
"Monster Spartacus","Diary Panic",107
"Monster Spartacus","Chitty Lock",107
"Monterey Labyrinth","Secretary Rouge",158
"Monterey Labyrinth","Road Roxanne",158
"Monterey Labyrinth","Fool Mockingbird",158
"Monterey Labyrinth","Fever Empire",158
"Monterey Labyrinth","Enough Raging",158
"Montezuma Command","Wonderful Drop",126
"Montezuma Command","Women Dorado",126
"Montezuma Command","Vampire Whale",126
"Montezuma Command","Sinners Atlantis",126
"Montezuma Command","Pajama Jawbreaker",126
"Montezuma Command","Freaky Pocus",126
"Montezuma Command","Elephant Trojan",126
"Montezuma Command","Alamo Videotape",126
"Moon Bunch","Warlock Werewolf",83
"Moon Bunch","None Spiking",83
"Moon Bunch","Hustler Party",83
"Moon Bunch","Fugitive Maguire",83
"Moon Bunch","Attraction Newton",83
"Moonshine Cabin","World Leathernecks",171
"Moonshine Cabin","Tramp Others",171
"Moonshine Cabin","Roxanne Rebel",171
"Moonshine Cabin","Magnolia Forrester",171
"Moonshine Cabin","Kramer Chocolate",171
"Moonshine Cabin","Jericho Mulan",171
"Moonshine Cabin","Duffel Apocalypse",171
"Moonwalker Fool","Theory Mermaid",184
"Moonwalker Fool","Sorority Queen",184
"Moonwalker Fool","Sons Interview",184
"Moonwalker Fool","Smoochy Control",184
"Moonwalker Fool","King Evolution",184
"Moonwalker Fool","Crystal Breaking",184
"Moonwalker Fool","Conspiracy Spirit",184
"Mosquito Armageddon","Storm Happiness",57
"Mosquito Armageddon","Noon Papi",57
"Mosquito Armageddon","Doctor Grail",57
"Mosquito Armageddon","Dawn Pond",57
"Mosquito Armageddon","Cranes Reservoir",57
"Mosquito Armageddon","Alter Victory",57
"Mother Oleander","Strangelove Desire",103
"Mother Oleander","Pinocchio Simon",103
"Mother Oleander","Impossible Prejudice",103
"Mother Oleander","Homeward Cider",103
"Mother Oleander","Glass Dying",103
"Mother Oleander","Firehouse Vietnam",103
"Mother Oleander","Blindness Gun",103
"Mother Oleander","Birdcage Casper",103
"Motions Details","Murder Antitrust",166
"Motions Details","Mine Titans",166
"Motions Details","Greedy Roots",166
"Motions Details","Contact Anonymous",166
"Moulin Wake","Werewolf Lola",79
"Moulin Wake","Spiking Element",79
"Moulin Wake","Shock Cabin",79
"Moulin Wake","Ishtar Rocketeer",79
"Moulin Wake","Amelie Hellfighters",79
"Mourning Purple","Hamlet Wisdom",146
"Mourning Purple","Half Outfield",146
"Mourning Purple","Cowboy Doom",146
"Mourning Purple","Chaplin License",146
"Movie Shakespeare","Thin Sagebrush",53
"Movie Shakespeare","Tequila Past",53
"Movie Shakespeare","Summer Scarface",53
"Movie Shakespeare","Primary Glass",53
"Movie Shakespeare","Magnificent Chitty",53
"Movie Shakespeare","Gump Date",53
"Movie Shakespeare","Cabin Flash",53
"Movie Shakespeare","Beneath Rush",53
"Mulan Moon","Stock Glass",160
"Mulan Moon","Peach Innocent",160
"Mulan Moon","Mummy Creatures",160
"Mulan Moon","Igby Maker",160
"Mulan Moon","Bear Graceland",160
"Mulholland Beast","Volcano Texas",157
"Mulholland Beast","Tootsie Pilot",157
"Mulholland Beast","Past Suicides",157
"Mulholland Beast","Independence Hotel",157
"Mulholland Beast","Hobbit Alien",157
"Mummy Creatures","Stock Glass",160
"Mummy Creatures","Peach Innocent",160
"Mummy Creatures","Mulan Moon",160
"Mummy Creatures","Igby Maker",160
"Mummy Creatures","Bear Graceland",160
"Muppet Mile","Zorro Ark",50
"Muppet Mile","Smoking Barbarella",50
"Muppet Mile","Pilot Hoosiers",50
"Muppet Mile","Natural Stock",50
"Muppet Mile","Lion Uncut",50
"Muppet Mile","Crossing Divorce",50
"Muppet Mile","Blues Instinct",50
"Muppet Mile","Adaptation Holes",50
"Murder Antitrust","Motions Details",166
"Murder Antitrust","Mine Titans",166
"Murder Antitrust","Greedy Roots",166
"Murder Antitrust","Contact Anonymous",166
"Muscle Bright","Worst Banger",185
"Muscle Bright","Sweet Brotherhood",185
"Muscle Bright","Soldiers Evolution",185
"Muscle Bright","Pond Seattle",185
"Muscle Bright","Home Pity",185
"Muscle Bright","Gangs Pride",185
"Muscle Bright","Darn Forrester",185
"Muscle Bright","Control Anthem",185
"Muscle Bright","Chicago North",185
"Music Boondock","Unforgiven Zoolander",129
"Music Boondock","Sleeping Suspects",129
"Music Boondock","Outfield Massacre",129
"Music Boondock","Gosford Donnie",129
"Music Boondock","Barefoot Manchurian",129
"Music Boondock","American Circus",129
"Musketeers Wait","Wake Jaws",73
"Musketeers Wait","Valley Packer",73
"Musketeers Wait","Streetcar Intentions",73
"Musketeers Wait","Salute Apollo",73
"Musketeers Wait","Rebel Airport",73
"Musketeers Wait","Random Go",73
"Musketeers Wait","Godfather Diary",73
"Musketeers Wait","Frida Slipper",73
"Musketeers Wait","Brotherhood Blanket",73
"Musketeers Wait","Bedazzled Married",73
"Musketeers Wait","Bright Encounters",73
"Mussolini Spoilers","Something Duck",180
"Mussolini Spoilers","Nash Chocolat",180
"Mussolini Spoilers","Mixed Doors",180
"Mussolini Spoilers","Impact Aladdin",180
"Mussolini Spoilers","Confidential Interview",180
"Mussolini Spoilers","Alley Evolution",180
"Mystic Truman","Truman Crazy",92
"Mystic Truman","Sundance Invasion",92
"Mystic Truman","Opposite Necklace",92
"Mystic Truman","National Story",92
"Mystic Truman","Kane Exorcist",92
"Mystic Truman","Encounters Curtain",92
"Mystic Truman","Core Suit",92
"Mystic Truman","Caribbean Liberty",92
"Mystic Truman","Apache Divine",92
"Mystic Truman","Anaconda Confessions",92
"Name Detective","Wrong Behavior",178
"Name Detective","Wardrobe Phantom",178
"Name Detective","Rocketeer Mother",178
"Name Detective","Madness Attacks",178
"Name Detective","Innocent Usual",178
"Name Detective","Image Princess",178
"Name Detective","Fury Murder",178
"Name Detective","Express Lonely",178
"Name Detective","Drop Waterfront",178
"Nash Chocolat","Something Duck",180
"Nash Chocolat","Mussolini Spoilers",180
"Nash Chocolat","Mixed Doors",180
"Nash Chocolat","Impact Aladdin",180
"Nash Chocolat","Confidential Interview",180
"Nash Chocolat","Alley Evolution",180
"National Story","Truman Crazy",92
"National Story","Sundance Invasion",92
"National Story","Opposite Necklace",92
"National Story","Mystic Truman",92
"National Story","Kane Exorcist",92
"National Story","Encounters Curtain",92
"National Story","Core Suit",92
"National Story","Caribbean Liberty",92
"National Story","Apache Divine",92
"National Story","Anaconda Confessions",92
"Natural Stock","Zorro Ark",50
"Natural Stock","Smoking Barbarella",50
"Natural Stock","Pilot Hoosiers",50
"Natural Stock","Muppet Mile",50
"Natural Stock","Lion Uncut",50
"Natural Stock","Crossing Divorce",50
"Natural Stock","Blues Instinct",50
"Natural Stock","Adaptation Holes",50
"Necklace Outbreak","Volume House",132
"Necklace Outbreak","Trainspotting Strangers",132
"Necklace Outbreak","Streak Ridgemont",132
"Necklace Outbreak","Sky Miracle",132
"Necklace Outbreak","Platoon Instinct",132
"Necklace Outbreak","Dude Blindness",132
"Necklace Outbreak","Chocolate Duck",132
"Neighbors Charade","Wash Heavenly",161
"Neighbors Charade","Oleander Clue",161
"Neighbors Charade","Metal Armageddon",161
"Neighbors Charade","Massage Image",161
"Neighbors Charade","Killer Innocent",161
"Neighbors Charade","Gables Metropolis",161
"Neighbors Charade","Daddy Pittsburgh",161
"Neighbors Charade","Brooklyn Desert",161
"Nemo Campus","Open African",131
"Nemo Campus","Ice Crossing",131
"Nemo Campus","Forever Candidate",131
"Nemo Campus","Fantasia Park",131
"Network Peak","Wizard Coldblooded",75
"Network Peak","Stampede Disturbing",75
"Network Peak","Satisfaction Confidential",75
"Network Peak","Newton Labyrinth",75
"Network Peak","Lover Truman",75
"Network Peak","Hellfighters Sierra",75
"Network Peak","Fiddler Lost",75
"Network Peak","California Birds",75
"Network Peak","Balloon Homeward",75
"Newsies Story","West Lion",159
"Newsies Story","Poseidon Forever",159
"Newsies Story","Malkovich Pet",159
"Newsies Story","Frankenstein Stranger",159
"Newsies Story","Driver Annie",159
"Newton Labyrinth","Wizard Coldblooded",75
"Newton Labyrinth","Stampede Disturbing",75
"Newton Labyrinth","Satisfaction Confidential",75
"Newton Labyrinth","Network Peak",75
"Newton Labyrinth","Lover Truman",75
"Newton Labyrinth","Hellfighters Sierra",75
"Newton Labyrinth","Fiddler Lost",75
"Newton Labyrinth","California Birds",75
"Newton Labyrinth","Balloon Homeward",75
"Nightmare Chill","Spirit Flintstones",149
"Nightmare Chill","River Outlaw",149
"Nightmare Chill","Minds Truman",149
"Nightmare Chill","Holocaust Highball",149
"Nightmare Chill","Color Philadelphia",149
"None Spiking","Warlock Werewolf",83
"None Spiking","Moon Bunch",83
"None Spiking","Hustler Party",83
"None Spiking","Fugitive Maguire",83
"None Spiking","Attraction Newton",83
"Noon Papi","Storm Happiness",57
"Noon Papi","Mosquito Armageddon",57
"Noon Papi","Doctor Grail",57
"Noon Papi","Dawn Pond",57
"Noon Papi","Cranes Reservoir",57
"Noon Papi","Alter Victory",57
"North Tequila","Silence Kane",67
"North Tequila","Shootist Superfly",67
"North Tequila","Lonely Elephant",67
"North Tequila","Lady Stage",67
"North Tequila","Egg Igby",67
"North Tequila","Comancheros Enemy",67
"North Tequila","Butch Panther",67
"Northwest Polish","Uncut Suicides",172
"Northwest Polish","Tights Dawn",172
"Northwest Polish","Jerk Paycheck",172
"Northwest Polish","Idaho Love",172
"Northwest Polish","Eyes Driving",172
"Northwest Polish","Creepers Kane",172
"Northwest Polish","Connecticut Tramp",172
"Notorious Reunion","Wars Pluto",128
"Notorious Reunion","Usual Untouchables",128
"Notorious Reunion","Papi Necklace",128
"Notorious Reunion","Jedi Beneath",128
"Notorious Reunion","Holes Brannigan",128
"Notorious Reunion","Galaxy Sweethearts",128
"Notting Speakeasy","Valentine Vanishing",48
"Notting Speakeasy","Sunset Racer",48
"Notting Speakeasy","Stepmom Dream",48
"Notting Speakeasy","Pelican Comforts",48
"Notting Speakeasy","Paradise Sabrina",48
"Notting Speakeasy","Odds Boogie",48
"Notting Speakeasy","Midsummer Groundhog",48
"Notting Speakeasy","Rush Goodfellas",48
"Notting Speakeasy","Heaven Freedom",48
"Notting Speakeasy","Ace Goldfinger",48
"Novocaine Flight","Victory Academy",64
"Novocaine Flight","Trip Newton",64
"Novocaine Flight","Taxi Kick",64
"Novocaine Flight","Sleepless Monsoon",64
"Novocaine Flight","Mile Mulan",64
"Novocaine Flight","Metropolis Coma",64
"Novocaine Flight","Desert Poseidon",64
"Novocaine Flight","Craft Outfield",64
"Nuts Ties","Videotape Arsenic",145
"Nuts Ties","Vacation Boondock",145
"Nuts Ties","Run Pacific",145
"Nuts Ties","Rocky War",145
"Nuts Ties","Paycheck Wait",145
"Nuts Ties","Floats Garden",145
"October Submarine","Sense Greek",54
"October Submarine","Kill Brotherhood",54
"October Submarine","Juggler Hardly",54
"October Submarine","Go Purple",54
"October Submarine","Airport Pollock",54
"Odds Boogie","Valentine Vanishing",48
"Odds Boogie","Sunset Racer",48
"Odds Boogie","Stepmom Dream",48
"Odds Boogie","Pelican Comforts",48
"Odds Boogie","Paradise Sabrina",48
"Odds Boogie","Notting Speakeasy",48
"Odds Boogie","Midsummer Groundhog",48
"Odds Boogie","Rush Goodfellas",48
"Odds Boogie","Heaven Freedom",48
"Odds Boogie","Ace Goldfinger",48
"Oklahoma Jumanji","Super Wyoming",58
"Oklahoma Jumanji","Rings Heartbreakers",58
"Oklahoma Jumanji","Jekyll Frogmen",58
"Oklahoma Jumanji","Fantasy Troopers",58
"Oklahoma Jumanji","Dances None",58
"Oklahoma Jumanji","Closer Bang",58
"Oleander Clue","Wash Heavenly",161
"Oleander Clue","Neighbors Charade",161
"Oleander Clue","Metal Armageddon",161
"Oleander Clue","Massage Image",161
"Oleander Clue","Killer Innocent",161
"Oleander Clue","Gables Metropolis",161
"Oleander Clue","Daddy Pittsburgh",161
"Oleander Clue","Brooklyn Desert",161
"Open African","Nemo Campus",131
"Open African","Ice Crossing",131
"Open African","Forever Candidate",131
"Open African","Fantasia Park",131
"Operation Operation","Slipper Fidelity",156
"Operation Operation","Graduate Lord",156
"Operation Operation","Finding Anaconda",156
"Opposite Necklace","Truman Crazy",92
"Opposite Necklace","Sundance Invasion",92
"Opposite Necklace","National Story",92
"Opposite Necklace","Mystic Truman",92
"Opposite Necklace","Kane Exorcist",92
"Opposite Necklace","Encounters Curtain",92
"Opposite Necklace","Core Suit",92
"Opposite Necklace","Caribbean Liberty",92
"Opposite Necklace","Apache Divine",92
"Opposite Necklace","Anaconda Confessions",92
"Opus Ice","Treasure Command",102
"Opus Ice","Scarface Bang",102
"Opus Ice","Rock Instinct",102
"Opus Ice","Robbers Joon",102
"Opus Ice","Panic Club",102
"Opus Ice","Jeopardy Encino",102
"Opus Ice","Heavyweights Beast",102
"Opus Ice","Giant Troopers",102
"Opus Ice","Falcon Volume",102
"Opus Ice","Boiled Dares",102
"Orange Grapes","Villain Desperate",76
"Orange Grapes","Haunted Antitrust",76
"Orange Grapes","Destination Jerk",76
"Orange Grapes","Desire Alien",76
"Orange Grapes","Comforts Rush",76
"Orange Grapes","Boondock Ballroom",76
"Order Betrayed","Untouchables Sunrise",120
"Order Betrayed","Rage Games",120
"Order Betrayed","Lock Rear",120
"Order Betrayed","Karate Moon",120
"Order Betrayed","Dolls Rage",120
"Order Betrayed","Dazed Punk",120
"Order Betrayed","Command Darling",120
"Order Betrayed","Calendar Gunfight",120
"Orient Closer","Rouge Squad",118
"Orient Closer","Personal Ladybugs",118
"Orient Closer","Paths Control",118
"Orient Closer","Others Soup",118
"Orient Closer","Jawbreaker Brooklyn",118
"Orient Closer","Fidelity Devil",118
"Orient Closer","Backlash Undefeated",118
"Oscar Gold","Troopers Metal",115
"Oscar Gold","Prix Undefeated",115
"Oscar Gold","Potter Connecticut",115
"Oscar Gold","Glory Tracy",115
"Oscar Gold","Element Freddy",115
"Oscar Gold","Connection Microcosmos",115
"Others Soup","Rouge Squad",118
"Others Soup","Personal Ladybugs",118
"Others Soup","Paths Control",118
"Others Soup","Orient Closer",118
"Others Soup","Jawbreaker Brooklyn",118
"Others Soup","Fidelity Devil",118
"Others Soup","Backlash Undefeated",118
"Outbreak Divine","Soup Wisdom",169
"Outbreak Divine","Kentuckian Giant",169
"Outbreak Divine","Hedwig Alter",169
"Outbreak Divine","Breaking Home",169
"Outbreak Divine","Agent Truman",169
"Outfield Massacre","Unforgiven Zoolander",129
"Outfield Massacre","Sleeping Suspects",129
"Outfield Massacre","Music Boondock",129
"Outfield Massacre","Gosford Donnie",129
"Outfield Massacre","Barefoot Manchurian",129
"Outfield Massacre","American Circus",129
"Outlaw Hanky","Telegraph Voyage",148
"Outlaw Hanky","Flintstones Happiness",148
"Outlaw Hanky","Fireball Philadelphia",148
"Outlaw Hanky","Easy Gladiator",148
"Outlaw Hanky","Blanket Beverly",148
"Outlaw Hanky","Army Flintstones",148
"Oz Liaisons","Wonka Sea",85
"Oz Liaisons","Window Side",85
"Oz Liaisons","Wasteland Divine",85
"Oz Liaisons","Varsity Trip",85
"Oz Liaisons","Stage World",85
"Oz Liaisons","Lola Agent",85
"Oz Liaisons","Grail Frankenstein",85
"Oz Liaisons","Ghost Groundhog",85
"Oz Liaisons","Ending Crowds",85
"Oz Liaisons","Egypt Tenenbaums",85
"Oz Liaisons","Earth Vision",85
"Oz Liaisons","Casablanca Super",85
"Oz Liaisons","Canyon Stock",85
"Oz Liaisons","Blackout Private",85
"Oz Liaisons","Beverly Outlaw",85
"Oz Liaisons","Amistad Midsummer",85
"Pacific Amistad","Virtual Spoilers",144
"Pacific Amistad","Towers Hurricane",144
"Pacific Amistad","Strictly Scarface",144
"Pacific Amistad","President Bang",144
"Pacific Amistad","Lambs Cincinatti",144
"Pacific Amistad","Factory Dragon",144
"Pacific Amistad","Dancing Fever",144
"Packer Madigan","Uptown Young",84
"Packer Madigan","Sling Luke",84
"Packer Madigan","Savannah Town",84
"Packer Madigan","Pluto Oleander",84
"Packer Madigan","Jeepers Wedding",84
"Packer Madigan","Island Exorcist",84
"Packer Madigan","Idols Snatchers",84
"Packer Madigan","Honey Ties",84
"Packer Madigan","High Encino",84
"Packer Madigan","Guys Falcon",84
"Packer Madigan","Gone Trouble",84
"Packer Madigan","Daisy Menagerie",84
"Pajama Jawbreaker","Wonderful Drop",126
"Pajama Jawbreaker","Women Dorado",126
"Pajama Jawbreaker","Vampire Whale",126
"Pajama Jawbreaker","Sinners Atlantis",126
"Pajama Jawbreaker","Montezuma Command",126
"Pajama Jawbreaker","Freaky Pocus",126
"Pajama Jawbreaker","Elephant Trojan",126
"Pajama Jawbreaker","Alamo Videotape",126
"Panic Club","Treasure Command",102
"Panic Club","Scarface Bang",102
"Panic Club","Rock Instinct",102
"Panic Club","Robbers Joon",102
"Panic Club","Opus Ice",102
"Panic Club","Jeopardy Encino",102
"Panic Club","Heavyweights Beast",102
"Panic Club","Giant Troopers",102
"Panic Club","Falcon Volume",102
"Panic Club","Boiled Dares",102
"Panky Submarine","Suicides Silence",93
"Panky Submarine","Sting Personal",93
"Panky Submarine","Shane Darkness",93
"Panky Submarine","Hills Neighbors",93
"Panky Submarine","Greatest North",93
"Panky Submarine","Goldfinger Sensibility",93
"Panky Submarine","Bill Others",93
"Panther Reds","Whale Bikini",109
"Panther Reds","Secrets Paradise",109
"Panther Reds","Rugrats Shakespeare",109
"Panther Reds","Park Citizen",109
"Panther Reds","House Dynamite",109
"Panther Reds","Coma Head",109
"Papi Necklace","Wars Pluto",128
"Papi Necklace","Usual Untouchables",128
"Papi Necklace","Notorious Reunion",128
"Papi Necklace","Jedi Beneath",128
"Papi Necklace","Holes Brannigan",128
"Papi Necklace","Galaxy Sweethearts",128
"Paradise Sabrina","Valentine Vanishing",48
"Paradise Sabrina","Sunset Racer",48
"Paradise Sabrina","Stepmom Dream",48
"Paradise Sabrina","Pelican Comforts",48
"Paradise Sabrina","Odds Boogie",48
"Paradise Sabrina","Notting Speakeasy",48
"Paradise Sabrina","Midsummer Groundhog",48
"Paradise Sabrina","Rush Goodfellas",48
"Paradise Sabrina","Heaven Freedom",48
"Paradise Sabrina","Ace Goldfinger",48
"Paris Weekend","Pure Runner",121
"Paris Weekend","Jumanji Blade",121
"Paris Weekend","Harry Idaho",121
"Paris Weekend","Dangerous Uptown",121
"Paris Weekend","Brannigan Sunrise",121
"Paris Weekend","Boogie Amelie",121
"Paris Weekend","Arizona Bang",121
"Park Citizen","Whale Bikini",109
"Park Citizen","Secrets Paradise",109
"Park Citizen","Rugrats Shakespeare",109
"Park Citizen","Panther Reds",109
"Park Citizen","House Dynamite",109
"Park Citizen","Coma Head",109
"Party Knock","Wanda Chamber",107
"Party Knock","Undefeated Dalmations",107
"Party Knock","Monster Spartacus",107
"Party Knock","Intentions Empire",107
"Party Knock","Hate Handicap",107
"Party Knock","Hanky October",107
"Party Knock","Effect Gladiator",107
"Party Knock","Diary Panic",107
"Party Knock","Chitty Lock",107
"Past Suicides","Volcano Texas",157
"Past Suicides","Tootsie Pilot",157
"Past Suicides","Mulholland Beast",157
"Past Suicides","Independence Hotel",157
"Past Suicides","Hobbit Alien",157
"Paths Control","Rouge Squad",118
"Paths Control","Personal Ladybugs",118
"Paths Control","Others Soup",118
"Paths Control","Orient Closer",118
"Paths Control","Jawbreaker Brooklyn",118
"Paths Control","Fidelity Devil",118
"Paths Control","Backlash Undefeated",118
"Patient Sister","Tenenbaums Command",99
"Patient Sister","Sabrina Midnight",99
"Patient Sister","Pet Haunting",99
"Patient Sister","Perdition Fargo",99
"Patient Sister","French Holiday",99
"Patient Sister","Darkness War",99
"Patient Sister","Armageddon Lost",99
"Patriot Roman","Lovely Jingle",65
"Patriot Roman","Hunting Musketeers",65
"Patriot Roman","Freddy Storm",65
"Patriot Roman","Confessions Maguire",65
"Patriot Roman","Club Graffiti",65
"Patriot Roman","Barbarella Streetcar",65
"Patton Interview","Splash Gump",175
"Patton Interview","Model Fish",175
"Patton Interview","Lawrence Love",175
"Patton Interview","Driving Polish",175
"Patton Interview","Beauty Grease",175
"Paycheck Wait","Videotape Arsenic",145
"Paycheck Wait","Vacation Boondock",145
"Paycheck Wait","Run Pacific",145
"Paycheck Wait","Rocky War",145
"Paycheck Wait","Nuts Ties",145
"Paycheck Wait","Floats Garden",145
"Peach Innocent","Stock Glass",160
"Peach Innocent","Mummy Creatures",160
"Peach Innocent","Mulan Moon",160
"Peach Innocent","Igby Maker",160
"Peach Innocent","Bear Graceland",160
"Peak Forever","War Notting",80
"Peak Forever","Turn Star",80
"Peak Forever","Shawshank Bubble",80
"Peak Forever","Sea Virgin",80
"Peak Forever","Saddle Antitrust",80
"Peak Forever","Meet Chocolate",80
"Peak Forever","Loser Hustler",80
"Peak Forever","Garden Island",80
"Peak Forever","Flamingos Connecticut",80
"Pearl Destiny","Working Microcosmos",74
"Pearl Destiny","Teen Apollo",74
"Pearl Destiny","Snatchers Montezuma",74
"Pearl Destiny","Silverado Goldfinger",74
"Pearl Destiny","Rainbow Shock",74
"Pearl Destiny","Modern Dorado",74
"Pearl Destiny","Maguire Apache",74
"Pearl Destiny","Luke Mummy",74
"Pearl Destiny","Jumping Wrath",74
"Pearl Destiny","Informer Double",74
"Pearl Destiny","Angels Life",74
"Pelican Comforts","Valentine Vanishing",48
"Pelican Comforts","Sunset Racer",48
"Pelican Comforts","Stepmom Dream",48
"Pelican Comforts","Paradise Sabrina",48
"Pelican Comforts","Odds Boogie",48
"Pelican Comforts","Notting Speakeasy",48
"Pelican Comforts","Midsummer Groundhog",48
"Pelican Comforts","Rush Goodfellas",48
"Pelican Comforts","Heaven Freedom",48
"Pelican Comforts","Ace Goldfinger",48
"Perdition Fargo","Tenenbaums Command",99
"Perdition Fargo","Sabrina Midnight",99
"Perdition Fargo","Pet Haunting",99
"Perdition Fargo","Patient Sister",99
"Perdition Fargo","French Holiday",99
"Perdition Fargo","Darkness War",99
"Perdition Fargo","Armageddon Lost",99
"Perfect Groove","Tycoon Gathering",82
"Perfect Groove","Reign Gentlemen",82
"Perfect Groove","Raiders Antitrust",82
"Perfect Groove","Frost Head",82
"Perfect Groove","Anything Savannah",82
"Perfect Groove","Alone Trip",82
"Personal Ladybugs","Rouge Squad",118
"Personal Ladybugs","Paths Control",118
"Personal Ladybugs","Others Soup",118
"Personal Ladybugs","Orient Closer",118
"Personal Ladybugs","Jawbreaker Brooklyn",118
"Personal Ladybugs","Fidelity Devil",118
"Personal Ladybugs","Backlash Undefeated",118
"Pet Haunting","Tenenbaums Command",99
"Pet Haunting","Sabrina Midnight",99
"Pet Haunting","Perdition Fargo",99
"Pet Haunting","Patient Sister",99
"Pet Haunting","French Holiday",99
"Pet Haunting","Darkness War",99
"Pet Haunting","Armageddon Lost",99
"Phantom Glory","Smile Earring",60
"Phantom Glory","Shakespeare Saddle",60
"Phantom Glory","Room Roman",60
"Phantom Glory","Pity Bound",60
"Phantom Glory","Mockingbird Hollywood",60
"Phantom Glory","Jersey Sassy",60
"Phantom Glory","Bubble Grosse",60
"Philadelphia Wife","Willow Tracy",137
"Philadelphia Wife","Sleepy Japanese",137
"Philadelphia Wife","Scorpion Apollo",137
"Philadelphia Wife","Pollock Deliverance",137
"Philadelphia Wife","Lose Inch",137
"Philadelphia Wife","Life Twisted",137
"Philadelphia Wife","Grit Clockwork",137
"Philadelphia Wife","Arsenic Independence",137
"Pianist Outfield","Town Ark",136
"Pianist Outfield","Squad Fish",136
"Pianist Outfield","Reap Unfaithful",136
"Pianist Outfield","Maker Gables",136
"Pianist Outfield","Hollow Jeopardy",136
"Pianist Outfield","Crazy Home",136
"Pianist Outfield","Bringing Hysterical",136
"Pianist Outfield","Alaska Phantom",136
"Pickup Driving","Mod Secretary",77
"Pickup Driving","Memento Zoolander",77
"Pickup Driving","Fellowship Autumn",77
"Pickup Driving","Enemy Odds",77
"Pickup Driving","Berets Agent",77
"Pilot Hoosiers","Zorro Ark",50
"Pilot Hoosiers","Smoking Barbarella",50
"Pilot Hoosiers","Natural Stock",50
"Pilot Hoosiers","Muppet Mile",50
"Pilot Hoosiers","Lion Uncut",50
"Pilot Hoosiers","Crossing Divorce",50
"Pilot Hoosiers","Blues Instinct",50
"Pilot Hoosiers","Adaptation Holes",50
"Pinocchio Simon","Strangelove Desire",103
"Pinocchio Simon","Mother Oleander",103
"Pinocchio Simon","Impossible Prejudice",103
"Pinocchio Simon","Homeward Cider",103
"Pinocchio Simon","Glass Dying",103
"Pinocchio Simon","Firehouse Vietnam",103
"Pinocchio Simon","Blindness Gun",103
"Pinocchio Simon","Birdcage Casper",103
"Pirates Roxanne","Wyoming Storm",100
"Pirates Roxanne","Witches Panic",100
"Pirates Roxanne","Punk Divorce",100
"Pirates Roxanne","Hyde Doctor",100
"Pirates Roxanne","Happiness United",100
"Pirates Roxanne","Gun Bonnie",100
"Pirates Roxanne","Flatliners Killer",100
"Pirates Roxanne","Divine Resurrection",100
"Pirates Roxanne","Deliverance Mulholland",100
"Pirates Roxanne","Bilko Anonymous",100
"Pirates Roxanne","Behavior Runaway",100
"Pittsburgh Hunchback","Weekend Personal",134
"Pittsburgh Hunchback","Splendor Patton",134
"Pittsburgh Hunchback","Robbery Bright",134
"Pittsburgh Hunchback","Jungle Closer",134
"Pity Bound","Smile Earring",60
"Pity Bound","Shakespeare Saddle",60
"Pity Bound","Room Roman",60
"Pity Bound","Phantom Glory",60
"Pity Bound","Mockingbird Hollywood",60
"Pity Bound","Jersey Sassy",60
"Pity Bound","Bubble Grosse",60
"Pizza Jumanji","Velvet Terminator",173
"Pizza Jumanji","Talented Homicide",173
"Pizza Jumanji","Gladiator Westward",173
"Pizza Jumanji","Fire Wolves",173
"Pizza Jumanji","Conquerer Nuts",173
"Pizza Jumanji","Ballroom Mockingbird",173
"Platoon Instinct","Volume House",132
"Platoon Instinct","Trainspotting Strangers",132
"Platoon Instinct","Streak Ridgemont",132
"Platoon Instinct","Sky Miracle",132
"Platoon Instinct","Necklace Outbreak",132
"Platoon Instinct","Dude Blindness",132
"Platoon Instinct","Chocolate Duck",132
"Pluto Oleander","Uptown Young",84
"Pluto Oleander","Sling Luke",84
"Pluto Oleander","Savannah Town",84
"Pluto Oleander","Packer Madigan",84
"Pluto Oleander","Jeepers Wedding",84
"Pluto Oleander","Island Exorcist",84
"Pluto Oleander","Idols Snatchers",84
"Pluto Oleander","Honey Ties",84
"Pluto Oleander","High Encino",84
"Pluto Oleander","Guys Falcon",84
"Pluto Oleander","Gone Trouble",84
"Pluto Oleander","Daisy Menagerie",84
"Pocus Pulp","Spirited Casualties",138
"Pocus Pulp","Spinal Rocky",138
"Pocus Pulp","Maiden Home",138
"Pocus Pulp","Liberty Magnificent",138
"Pocus Pulp","Expecations Natural",138
"Polish Brooklyn","Waterfront Deliverance",61
"Polish Brooklyn","Trouble Date",61
"Polish Brooklyn","Reservoir Adaptation",61
"Polish Brooklyn","Drifter Commandments",61
"Polish Brooklyn","Chinatown Gladiator",61
"Polish Brooklyn","Cassidy Wyoming",61
"Polish Brooklyn","Camelot Vacation",61
"Polish Brooklyn","Bulworth Commandments",61
"Polish Brooklyn","Birds Perdition",61
"Pollock Deliverance","Willow Tracy",137
"Pollock Deliverance","Sleepy Japanese",137
"Pollock Deliverance","Scorpion Apollo",137
"Pollock Deliverance","Philadelphia Wife",137
"Pollock Deliverance","Lose Inch",137
"Pollock Deliverance","Life Twisted",137
"Pollock Deliverance","Grit Clockwork",137
"Pollock Deliverance","Arsenic Independence",137
"Pond Seattle","Worst Banger",185
"Pond Seattle","Sweet Brotherhood",185
"Pond Seattle","Soldiers Evolution",185
"Pond Seattle","Muscle Bright",185
"Pond Seattle","Home Pity",185
"Pond Seattle","Gangs Pride",185
"Pond Seattle","Darn Forrester",185
"Pond Seattle","Control Anthem",185
"Pond Seattle","Chicago North",185
"Poseidon Forever","West Lion",159
"Poseidon Forever","Newsies Story",159
"Poseidon Forever","Malkovich Pet",159
"Poseidon Forever","Frankenstein Stranger",159
"Poseidon Forever","Driver Annie",159
"Potluck Mixed","Youth Kick",179
"Potluck Mixed","Virgin Daisy",179
"Potluck Mixed","Torque Bound",179
"Potluck Mixed","Texas Watch",179
"Potluck Mixed","Slacker Liaisons",179
"Potluck Mixed","Redemption Comforts",179
"Potluck Mixed","Kick Savannah",179
"Potluck Mixed","Flight Lies",179
"Potluck Mixed","Cause Date",179
"Potluck Mixed","Born Spinal",179
"Potluck Mixed","Casualties Encino",179
"Potluck Mixed","Anonymous Human",179
"Potter Connecticut","Troopers Metal",115
"Potter Connecticut","Prix Undefeated",115
"Potter Connecticut","Oscar Gold",115
"Potter Connecticut","Glory Tracy",115
"Potter Connecticut","Element Freddy",115
"Potter Connecticut","Connection Microcosmos",115
"Prejudice Oleander","Wisdom Worker",98
"Prejudice Oleander","Sensibility Rear",98
"Prejudice Oleander","Madre Gables",98
"Prejudice Oleander","Lost Bird",98
"Prejudice Oleander","Feud Frogmen",98
"Prejudice Oleander","Earring Instinct",98
"Prejudice Oleander","Bound Cheaper",98
"President Bang","Virtual Spoilers",144
"President Bang","Towers Hurricane",144
"President Bang","Strictly Scarface",144
"President Bang","Pacific Amistad",144
"President Bang","Lambs Cincinatti",144
"President Bang","Factory Dragon",144
"President Bang","Dancing Fever",144
"Pride Alamo","Superfly Trip",114
"Pride Alamo","Sugar Wonka",114
"Pride Alamo","Married Go",114
"Pride Alamo","Gilbert Pelican",114
"Pride Alamo","Chasing Fight",114
"Pride Alamo","Chainsaw Uptown",114
"Pride Alamo","Carrie Bunch",114
"Pride Alamo","Blade Polish",114
"Pride Alamo","Alabama Devil",114
"Primary Glass","Thin Sagebrush",53
"Primary Glass","Tequila Past",53
"Primary Glass","Summer Scarface",53
"Primary Glass","Movie Shakespeare",53
"Primary Glass","Magnificent Chitty",53
"Primary Glass","Gump Date",53
"Primary Glass","Cabin Flash",53
"Primary Glass","Beneath Rush",53
"Princess Giant","Train Bunch",71
"Princess Giant","Temple Attraction",71
"Princess Giant","Mannequin Worst",71
"Princess Giant","Knock Warlock",71
"Princess Giant","Chariots Conspiracy",71
"Princess Giant","Blood Argonauts",71
"Private Drop","Sagebrush Clueless",106
"Private Drop","Gaslight Crusade",106
"Private Drop","Deer Virginian",106
"Private Drop","Dalmations Sweden",106
"Private Drop","Bed Highball",106
"Prix Undefeated","Troopers Metal",115
"Prix Undefeated","Potter Connecticut",115
"Prix Undefeated","Oscar Gold",115
"Prix Undefeated","Glory Tracy",115
"Prix Undefeated","Element Freddy",115
"Prix Undefeated","Connection Microcosmos",115
"Psycho Shrunk","Tadpole Park",155
"Psycho Shrunk","Lolita World",155
"Psycho Shrunk","Grapes Fury",155
"Psycho Shrunk","Family Sweet",155
"Psycho Shrunk","Elf Murder",155
"Pulp Beverly","Roots Remember",89
"Pulp Beverly","Gleaming Jawbreaker",89
"Pulp Beverly","Dares Pluto",89
"Pulp Beverly","Butterfly Chocolat",89
"Pulp Beverly","Beast Hunchback",89
"Punk Divorce","Wyoming Storm",100
"Punk Divorce","Witches Panic",100
"Punk Divorce","Pirates Roxanne",100
"Punk Divorce","Hyde Doctor",100
"Punk Divorce","Happiness United",100
"Punk Divorce","Gun Bonnie",100
"Punk Divorce","Flatliners Killer",100
"Punk Divorce","Divine Resurrection",100
"Punk Divorce","Deliverance Mulholland",100
"Punk Divorce","Bilko Anonymous",100
"Punk Divorce","Behavior Runaway",100
"Pure Runner","Paris Weekend",121
"Pure Runner","Jumanji Blade",121
"Pure Runner","Harry Idaho",121
"Pure Runner","Dangerous Uptown",121
"Pure Runner","Brannigan Sunrise",121
"Pure Runner","Boogie Amelie",121
"Pure Runner","Arizona Bang",121
"Purple Movie","Terminator Club",88
"Purple Movie","Holy Tadpole",88
"Purple Movie","Details Packer",88
"Queen Luke","Story Side",163
"Queen Luke","Kiss Glory",163
"Queen Luke","Gilmore Boiled",163
"Queen Luke","Everyone Craft",163
"Queen Luke","Casper Dragonfly",163
"Queen Luke","Bird Independence",163
"Quest Mussolini","Rider Caddyshack",177
"Quest Mussolini","Manchurian Curtain",177
"Quest Mussolini","Empire Malkovich",177
"Quest Mussolini","Dozen Lion",177
"Quest Mussolini","Double Wrath",177
"Quills Bull","Watership Frontier",112
"Quills Bull","Wait Cider",112
"Quills Bull","Stagecoach Armageddon",112
"Quills Bull","Spy Mile",112
"Quills Bull","Seabiscuit Punk",112
"Quills Bull","Jaws Harry",112
"Quills Bull","Forrester Comancheros",112
"Quills Bull","Crusade Honey",112
"Quills Bull","Crowds Telemark",112
"Quills Bull","Conversation Downhill",112
"Quills Bull","Coneheads Smoochy",112
"Quills Bull","Cat Coneheads",112
"Racer Egg","Slums Duck",147
"Racer Egg","Scissorhands Slums",147
"Racer Egg","Range Moonwalker",147
"Racer Egg","Menagerie Rushmore",147
"Racer Egg","Madison Trap",147
"Racer Egg","Lies Treatment",147
"Racer Egg","Dirty Ace",147
"Racer Egg","Arachnophobia Rollercoaster",147
"Rage Games","Untouchables Sunrise",120
"Rage Games","Order Betrayed",120
"Rage Games","Lock Rear",120
"Rage Games","Karate Moon",120
"Rage Games","Dolls Rage",120
"Rage Games","Dazed Punk",120
"Rage Games","Command Darling",120
"Rage Games","Calendar Gunfight",120
"Raging Airplane","Shrek License",154
"Raging Airplane","Sassy Packer",154
"Raging Airplane","Santa Paris",154
"Raging Airplane","Gold River",154
"Raging Airplane","Durham Panky",154
"Raging Airplane","Doubtfire Labyrinth",154
"Raiders Antitrust","Tycoon Gathering",82
"Raiders Antitrust","Reign Gentlemen",82
"Raiders Antitrust","Perfect Groove",82
"Raiders Antitrust","Frost Head",82
"Raiders Antitrust","Anything Savannah",82
"Raiders Antitrust","Alone Trip",82
"Rainbow Shock","Working Microcosmos",74
"Rainbow Shock","Teen Apollo",74
"Rainbow Shock","Snatchers Montezuma",74
"Rainbow Shock","Silverado Goldfinger",74
"Rainbow Shock","Pearl Destiny",74
"Rainbow Shock","Modern Dorado",74
"Rainbow Shock","Maguire Apache",74
"Rainbow Shock","Luke Mummy",74
"Rainbow Shock","Jumping Wrath",74
"Rainbow Shock","Informer Double",74
"Rainbow Shock","Angels Life",74
"Random Go","Wake Jaws",73
"Random Go","Valley Packer",73
"Random Go","Streetcar Intentions",73
"Random Go","Salute Apollo",73
"Random Go","Rebel Airport",73
"Random Go","Musketeers Wait",73
"Random Go","Godfather Diary",73
"Random Go","Frida Slipper",73
"Random Go","Brotherhood Blanket",73
"Random Go","Bedazzled Married",73
"Random Go","Bright Encounters",73
"Range Moonwalker","Slums Duck",147
"Range Moonwalker","Scissorhands Slums",147
"Range Moonwalker","Racer Egg",147
"Range Moonwalker","Menagerie Rushmore",147
"Range Moonwalker","Madison Trap",147
"Range Moonwalker","Lies Treatment",147
"Range Moonwalker","Dirty Ace",147
"Range Moonwalker","Arachnophobia Rollercoaster",147
"Reap Unfaithful","Town Ark",136
"Reap Unfaithful","Squad Fish",136
"Reap Unfaithful","Pianist Outfield",136
"Reap Unfaithful","Maker Gables",136
"Reap Unfaithful","Hollow Jeopardy",136
"Reap Unfaithful","Crazy Home",136
"Reap Unfaithful","Bringing Hysterical",136
"Reap Unfaithful","Alaska Phantom",136
"Rear Trading","Lucky Flying",97
"Rear Trading","Invasion Cyclone",97
"Rear Trading","Expendable Stallion",97
"Rebel Airport","Wake Jaws",73
"Rebel Airport","Valley Packer",73
"Rebel Airport","Streetcar Intentions",73
"Rebel Airport","Salute Apollo",73
"Rebel Airport","Random Go",73
"Rebel Airport","Musketeers Wait",73
"Rebel Airport","Godfather Diary",73
"Rebel Airport","Frida Slipper",73
"Rebel Airport","Brotherhood Blanket",73
"Rebel Airport","Bedazzled Married",73
"Rebel Airport","Bright Encounters",73
"Records Zorro","Searchers Wait",182
"Records Zorro","Saturn Name",182
"Records Zorro","Reds Pocus",182
"Records Zorro","Monsoon Cause",182
"Records Zorro","Baked Cleopatra",182
"Redemption Comforts","Youth Kick",179
"Redemption Comforts","Virgin Daisy",179
"Redemption Comforts","Torque Bound",179
"Redemption Comforts","Texas Watch",179
"Redemption Comforts","Slacker Liaisons",179
"Redemption Comforts","Potluck Mixed",179
"Redemption Comforts","Kick Savannah",179
"Redemption Comforts","Flight Lies",179
"Redemption Comforts","Cause Date",179
"Redemption Comforts","Born Spinal",179
"Redemption Comforts","Casualties Encino",179
"Redemption Comforts","Anonymous Human",179
"Reds Pocus","Searchers Wait",182
"Reds Pocus","Saturn Name",182
"Reds Pocus","Records Zorro",182
"Reds Pocus","Monsoon Cause",182
"Reds Pocus","Baked Cleopatra",182
"Reef Salute","Vanishing Rocky",123
"Reef Salute","Swarm Gold",123
"Reef Salute","Mask Peach",123
"Reef Salute","Insects Stone",123
"Reef Salute","Flash Wars",123
"Reef Salute","Breakfast Goldfinger",123
"Reign Gentlemen","Tycoon Gathering",82
"Reign Gentlemen","Raiders Antitrust",82
"Reign Gentlemen","Perfect Groove",82
"Reign Gentlemen","Frost Head",82
"Reign Gentlemen","Anything Savannah",82
"Reign Gentlemen","Alone Trip",82
"Remember Diary","Trap Guys",110
"Remember Diary","Snatch Slipper",110
"Remember Diary","Seattle Expecations",110
"Remember Diary","Samurai Lion",110
"Remember Diary","League Hellfighters",110
"Remember Diary","Highball Potter",110
"Remember Diary","Drumline Cyclone",110
"Remember Diary","Celebrity Horn",110
"Requiem Tycoon","Show Lord",167
"Requiem Tycoon","Lesson Cleopatra",167
"Requiem Tycoon","Inch Jet",167
"Requiem Tycoon","Exorcist Sting",167
"Requiem Tycoon","Escape Metropolis",167
"Requiem Tycoon","Campus Remember",167
"Reservoir Adaptation","Waterfront Deliverance",61
"Reservoir Adaptation","Trouble Date",61
"Reservoir Adaptation","Polish Brooklyn",61
"Reservoir Adaptation","Drifter Commandments",61
"Reservoir Adaptation","Chinatown Gladiator",61
"Reservoir Adaptation","Cassidy Wyoming",61
"Reservoir Adaptation","Camelot Vacation",61
"Reservoir Adaptation","Bulworth Commandments",61
"Reservoir Adaptation","Birds Perdition",61
"Resurrection Silverado","Magic Mallrats",117
"Resurrection Silverado","Graffiti Love",117
"Resurrection Silverado","Affair Prejudice",117
"Resurrection Silverado","Chamber Italian",117
"Reunion Witches","Intolerable Intentions",63
"Reunion Witches","Forrest Sons",63
"Reunion Witches","Dinosaur Secretary",63
"Reunion Witches","Bunch Minds",63
"Reunion Witches","Boulevard Mob",63
"Reunion Witches","Borrowers Bedazzled",63
"Reunion Witches","Bonnie Holocaust",63
"Reunion Witches","Aladdin Calendar",63
"Rider Caddyshack","Quest Mussolini",177
"Rider Caddyshack","Manchurian Curtain",177
"Rider Caddyshack","Empire Malkovich",177
"Rider Caddyshack","Dozen Lion",177
"Rider Caddyshack","Double Wrath",177
"Ridgemont Submarine","Labyrinth League",46
"Ridgemont Submarine","Kwai Homeward",46
"Ridgemont Submarine","Iron Moon",46
"Ridgemont Submarine","Alien Center",46
"Right Cranes","Rules Human",153
"Right Cranes","Rollercoaster Bringing",153
"Right Cranes","Leathernecks Dwarfs",153
"Right Cranes","Goldmine Tycoon",153
"Right Cranes","Edge Kissing",153
"Right Cranes","Crossroads Casualties",153
"Right Cranes","Baby Hall",153
"Right Cranes","Apollo Teen",153
"Rings Heartbreakers","Super Wyoming",58
"Rings Heartbreakers","Oklahoma Jumanji",58
"Rings Heartbreakers","Jekyll Frogmen",58
"Rings Heartbreakers","Fantasy Troopers",58
"Rings Heartbreakers","Dances None",58
"Rings Heartbreakers","Closer Bang",58
"River Outlaw","Spirit Flintstones",149
"River Outlaw","Nightmare Chill",149
"River Outlaw","Minds Truman",149
"River Outlaw","Holocaust Highball",149
"River Outlaw","Color Philadelphia",149
"Road Roxanne","Secretary Rouge",158
"Road Roxanne","Monterey Labyrinth",158
"Road Roxanne","Fool Mockingbird",158
"Road Roxanne","Fever Empire",158
"Road Roxanne","Enough Raging",158
"Robbers Joon","Treasure Command",102
"Robbers Joon","Scarface Bang",102
"Robbers Joon","Rock Instinct",102
"Robbers Joon","Panic Club",102
"Robbers Joon","Opus Ice",102
"Robbers Joon","Jeopardy Encino",102
"Robbers Joon","Heavyweights Beast",102
"Robbers Joon","Giant Troopers",102
"Robbers Joon","Falcon Volume",102
"Robbers Joon","Boiled Dares",102
"Robbery Bright","Weekend Personal",134
"Robbery Bright","Splendor Patton",134
"Robbery Bright","Pittsburgh Hunchback",134
"Robbery Bright","Jungle Closer",134
"Rock Instinct","Treasure Command",102
"Rock Instinct","Scarface Bang",102
"Rock Instinct","Robbers Joon",102
"Rock Instinct","Panic Club",102
"Rock Instinct","Opus Ice",102
"Rock Instinct","Jeopardy Encino",102
"Rock Instinct","Heavyweights Beast",102
"Rock Instinct","Giant Troopers",102
"Rock Instinct","Falcon Volume",102
"Rock Instinct","Boiled Dares",102
"Rocketeer Mother","Wrong Behavior",178
"Rocketeer Mother","Wardrobe Phantom",178
"Rocketeer Mother","Name Detective",178
"Rocketeer Mother","Madness Attacks",178
"Rocketeer Mother","Innocent Usual",178
"Rocketeer Mother","Image Princess",178
"Rocketeer Mother","Fury Murder",178
"Rocketeer Mother","Express Lonely",178
"Rocketeer Mother","Drop Waterfront",178
"Rocky War","Videotape Arsenic",145
"Rocky War","Vacation Boondock",145
"Rocky War","Run Pacific",145
"Rocky War","Paycheck Wait",145
"Rocky War","Nuts Ties",145
"Rocky War","Floats Garden",145
"Rollercoaster Bringing","Rules Human",153
"Rollercoaster Bringing","Right Cranes",153
"Rollercoaster Bringing","Leathernecks Dwarfs",153
"Rollercoaster Bringing","Goldmine Tycoon",153
"Rollercoaster Bringing","Edge Kissing",153
"Rollercoaster Bringing","Crossroads Casualties",153
"Rollercoaster Bringing","Baby Hall",153
"Rollercoaster Bringing","Apollo Teen",153
"Roman Punk","Desperate Trainspotting",81
"Roman Punk","Clash Freddy",81
"Roof Champion","Zoolander Fiction",101
"Roof Champion","Runner Madigan",101
"Roof Champion","Ghostbusters Elf",101
"Roof Champion","Dwarfs Alter",101
"Roof Champion","Cider Desire",101
"Roof Champion","Chocolat Harry",101
"Room Roman","Smile Earring",60
"Room Roman","Shakespeare Saddle",60
"Room Roman","Pity Bound",60
"Room Roman","Phantom Glory",60
"Room Roman","Mockingbird Hollywood",60
"Room Roman","Jersey Sassy",60
"Room Roman","Bubble Grosse",60
"Roots Remember","Pulp Beverly",89
"Roots Remember","Gleaming Jawbreaker",89
"Roots Remember","Dares Pluto",89
"Roots Remember","Butterfly Chocolat",89
"Roots Remember","Beast Hunchback",89
"Roses Treasure","Miracle Virtual",162
"Roses Treasure","Loverboy Attacks",162
"Roses Treasure","Birch Antitrust",162
"Roses Treasure","Badman Dawn",162
"Rouge Squad","Personal Ladybugs",118
"Rouge Squad","Paths Control",118
"Rouge Squad","Others Soup",118
"Rouge Squad","Orient Closer",118
"Rouge Squad","Jawbreaker Brooklyn",118
"Rouge Squad","Fidelity Devil",118
"Rouge Squad","Backlash Undefeated",118
"Roxanne Rebel","World Leathernecks",171
"Roxanne Rebel","Tramp Others",171
"Roxanne Rebel","Moonshine Cabin",171
"Roxanne Rebel","Magnolia Forrester",171
"Roxanne Rebel","Kramer Chocolate",171
"Roxanne Rebel","Jericho Mulan",171
"Roxanne Rebel","Duffel Apocalypse",171
"Rugrats Shakespeare","Whale Bikini",109
"Rugrats Shakespeare","Secrets Paradise",109
"Rugrats Shakespeare","Park Citizen",109
"Rugrats Shakespeare","Panther Reds",109
"Rugrats Shakespeare","House Dynamite",109
"Rugrats Shakespeare","Coma Head",109
"Rules Human","Rollercoaster Bringing",153
"Rules Human","Right Cranes",153
"Rules Human","Leathernecks Dwarfs",153
"Rules Human","Goldmine Tycoon",153
"Rules Human","Edge Kissing",153
"Rules Human","Crossroads Casualties",153
"Rules Human","Baby Hall",153
"Rules Human","Apollo Teen",153
"Run Pacific","Videotape Arsenic",145
"Run Pacific","Vacation Boondock",145
"Run Pacific","Rocky War",145
"Run Pacific","Paycheck Wait",145
"Run Pacific","Nuts Ties",145
"Run Pacific","Floats Garden",145
"Runaway Tenenbaums","Wild Apollo",181
"Runaway Tenenbaums","Star Operation",181
"Runaway Tenenbaums","Love Suicides",181
"Runaway Tenenbaums","Lawless Vision",181
"Runaway Tenenbaums","Jacket Frisco",181
"Runaway Tenenbaums","Intrigue Worst",181
"Runaway Tenenbaums","Hotel Happiness",181
"Runaway Tenenbaums","Haunting Pianist",181
"Runaway Tenenbaums","Analyze Hoosiers",181
"Runner Madigan","Zoolander Fiction",101
"Runner Madigan","Roof Champion",101
"Runner Madigan","Ghostbusters Elf",101
"Runner Madigan","Dwarfs Alter",101
"Runner Madigan","Cider Desire",101
"Runner Madigan","Chocolat Harry",101
"Rushmore Mermaid","Saturday Lambs",150
"Rushmore Mermaid","Hysterical Grail",150
"Rushmore Mermaid","Grinch Massage",150
"Rushmore Mermaid","Cleopatra Devil",150
"Rushmore Mermaid","Christmas Moonshine",150
"Rushmore Mermaid","Bingo Talented",150
"Rushmore Mermaid","Ali Forever",150
"Sabrina Midnight","Tenenbaums Command",99
"Sabrina Midnight","Pet Haunting",99
"Sabrina Midnight","Perdition Fargo",99
"Sabrina Midnight","Patient Sister",99
"Sabrina Midnight","French Holiday",99
"Sabrina Midnight","Darkness War",99
"Sabrina Midnight","Armageddon Lost",99
"Saddle Antitrust","War Notting",80
"Saddle Antitrust","Turn Star",80
"Saddle Antitrust","Shawshank Bubble",80
"Saddle Antitrust","Sea Virgin",80
"Saddle Antitrust","Peak Forever",80
"Saddle Antitrust","Meet Chocolate",80
"Saddle Antitrust","Loser Hustler",80
"Saddle Antitrust","Garden Island",80
"Saddle Antitrust","Flamingos Connecticut",80
"Sagebrush Clueless","Private Drop",106
"Sagebrush Clueless","Gaslight Crusade",106
"Sagebrush Clueless","Deer Virginian",106
"Sagebrush Clueless","Dalmations Sweden",106
"Sagebrush Clueless","Bed Highball",106
"Saints Bride","Shining Roses",125
"Saints Bride","Hunter Alter",125
"Saints Bride","Gentlemen Stage",125
"Saints Bride","Fish Opus",125
"Saints Bride","Donnie Alley",125
"Saints Bride","Bull Shawshank",125
"Salute Apollo","Wake Jaws",73
"Salute Apollo","Valley Packer",73
"Salute Apollo","Streetcar Intentions",73
"Salute Apollo","Rebel Airport",73
"Salute Apollo","Random Go",73
"Salute Apollo","Musketeers Wait",73
"Salute Apollo","Godfather Diary",73
"Salute Apollo","Frida Slipper",73
"Salute Apollo","Brotherhood Blanket",73
"Salute Apollo","Bedazzled Married",73
"Salute Apollo","Bright Encounters",73
"Samurai Lion","Trap Guys",110
"Samurai Lion","Snatch Slipper",110
"Samurai Lion","Seattle Expecations",110
"Samurai Lion","Remember Diary",110
"Samurai Lion","League Hellfighters",110
"Samurai Lion","Highball Potter",110
"Samurai Lion","Drumline Cyclone",110
"Samurai Lion","Celebrity Horn",110
"Santa Paris","Shrek License",154
"Santa Paris","Sassy Packer",154
"Santa Paris","Raging Airplane",154
"Santa Paris","Gold River",154
"Santa Paris","Durham Panky",154
"Santa Paris","Doubtfire Labyrinth",154
"Sassy Packer","Shrek License",154
"Sassy Packer","Santa Paris",154
"Sassy Packer","Raging Airplane",154
"Sassy Packer","Gold River",154
"Sassy Packer","Durham Panky",154
"Sassy Packer","Doubtfire Labyrinth",154
"Satisfaction Confidential","Wizard Coldblooded",75
"Satisfaction Confidential","Stampede Disturbing",75
"Satisfaction Confidential","Newton Labyrinth",75
"Satisfaction Confidential","Network Peak",75
"Satisfaction Confidential","Lover Truman",75
"Satisfaction Confidential","Hellfighters Sierra",75
"Satisfaction Confidential","Fiddler Lost",75
"Satisfaction Confidential","California Birds",75
"Satisfaction Confidential","Balloon Homeward",75
"Saturday Lambs","Rushmore Mermaid",150
"Saturday Lambs","Hysterical Grail",150
"Saturday Lambs","Grinch Massage",150
"Saturday Lambs","Cleopatra Devil",150
"Saturday Lambs","Christmas Moonshine",150
"Saturday Lambs","Bingo Talented",150
"Saturday Lambs","Ali Forever",150
"Saturn Name","Searchers Wait",182
"Saturn Name","Reds Pocus",182
"Saturn Name","Records Zorro",182
"Saturn Name","Monsoon Cause",182
"Saturn Name","Baked Cleopatra",182
"Savannah Town","Uptown Young",84
"Savannah Town","Sling Luke",84
"Savannah Town","Pluto Oleander",84
"Savannah Town","Packer Madigan",84
"Savannah Town","Jeepers Wedding",84
"Savannah Town","Island Exorcist",84
"Savannah Town","Idols Snatchers",84
"Savannah Town","Honey Ties",84
"Savannah Town","High Encino",84
"Savannah Town","Guys Falcon",84
"Savannah Town","Gone Trouble",84
"Savannah Town","Daisy Menagerie",84
"Scalawag Duck","Young Language",183
"Scalawag Duck","Wife Turn",183
"Scalawag Duck","Frontier Cabin",183
"Scalawag Duck","Catch Amistad",183
"Scarface Bang","Treasure Command",102
"Scarface Bang","Rock Instinct",102
"Scarface Bang","Robbers Joon",102
"Scarface Bang","Panic Club",102
"Scarface Bang","Opus Ice",102
"Scarface Bang","Jeopardy Encino",102
"Scarface Bang","Heavyweights Beast",102
"Scarface Bang","Giant Troopers",102
"Scarface Bang","Falcon Volume",102
"Scarface Bang","Boiled Dares",102
"School Jacket","Straight Hours",151
"School Jacket","Spoilers Hellfighters",151
"School Jacket","Masked Bubble",151
"School Jacket","Hunchback Impossible",151
"School Jacket","Carol Texas",151
"School Jacket","Beethoven Exorcist",151
"Scissorhands Slums","Slums Duck",147
"Scissorhands Slums","Range Moonwalker",147
"Scissorhands Slums","Racer Egg",147
"Scissorhands Slums","Menagerie Rushmore",147
"Scissorhands Slums","Madison Trap",147
"Scissorhands Slums","Lies Treatment",147
"Scissorhands Slums","Dirty Ace",147
"Scissorhands Slums","Arachnophobia Rollercoaster",147
"Ship Wonderland","Titanic Boondock",104
"Ship Wonderland","Mermaid Insects",104
"Ship Wonderland","Feathers Metal",104
"Ship Wonderland","Crow Grease",104
"Ship Wonderland","Date Speed",104
"Scorpion Apollo","Willow Tracy",137
"Scorpion Apollo","Sleepy Japanese",137
"Scorpion Apollo","Pollock Deliverance",137
"Scorpion Apollo","Philadelphia Wife",137
"Scorpion Apollo","Lose Inch",137
"Scorpion Apollo","Life Twisted",137
"Scorpion Apollo","Grit Clockwork",137
"Scorpion Apollo","Arsenic Independence",137
"Sea Virgin","War Notting",80
"Sea Virgin","Turn Star",80
"Sea Virgin","Shawshank Bubble",80
"Sea Virgin","Saddle Antitrust",80
"Sea Virgin","Peak Forever",80
"Sea Virgin","Meet Chocolate",80
"Sea Virgin","Loser Hustler",80
"Sea Virgin","Garden Island",80
"Sea Virgin","Flamingos Connecticut",80
"Seabiscuit Punk","Watership Frontier",112
"Seabiscuit Punk","Wait Cider",112
"Seabiscuit Punk","Stagecoach Armageddon",112
"Seabiscuit Punk","Spy Mile",112
"Seabiscuit Punk","Quills Bull",112
"Seabiscuit Punk","Jaws Harry",112
"Seabiscuit Punk","Forrester Comancheros",112
"Seabiscuit Punk","Crusade Honey",112
"Seabiscuit Punk","Crowds Telemark",112
"Seabiscuit Punk","Conversation Downhill",112
"Seabiscuit Punk","Coneheads Smoochy",112
"Seabiscuit Punk","Cat Coneheads",112
"Searchers Wait","Saturn Name",182
"Searchers Wait","Reds Pocus",182
"Searchers Wait","Records Zorro",182
"Searchers Wait","Monsoon Cause",182
"Searchers Wait","Baked Cleopatra",182
"Seattle Expecations","Trap Guys",110
"Seattle Expecations","Snatch Slipper",110
"Seattle Expecations","Samurai Lion",110
"Seattle Expecations","Remember Diary",110
"Seattle Expecations","League Hellfighters",110
"Seattle Expecations","Highball Potter",110
"Seattle Expecations","Drumline Cyclone",110
"Seattle Expecations","Celebrity Horn",110
"Secret Groundhog","Vertigo Northwest",90
"Secret Groundhog","Forward Temple",90
"Secret Groundhog","Circus Youth",90
"Secret Groundhog","Basic Easy",90
"Secretary Rouge","Road Roxanne",158
"Secretary Rouge","Monterey Labyrinth",158
"Secretary Rouge","Fool Mockingbird",158
"Secretary Rouge","Fever Empire",158
"Secretary Rouge","Enough Raging",158
"Secrets Paradise","Whale Bikini",109
"Secrets Paradise","Rugrats Shakespeare",109
"Secrets Paradise","Park Citizen",109
"Secrets Paradise","Panther Reds",109
"Secrets Paradise","House Dynamite",109
"Secrets Paradise","Coma Head",109
"Sense Greek","October Submarine",54
"Sense Greek","Kill Brotherhood",54
"Sense Greek","Juggler Hardly",54
"Sense Greek","Go Purple",54
"Sense Greek","Airport Pollock",54
"Sensibility Rear","Wisdom Worker",98
"Sensibility Rear","Prejudice Oleander",98
"Sensibility Rear","Madre Gables",98
"Sensibility Rear","Lost Bird",98
"Sensibility Rear","Feud Frogmen",98
"Sensibility Rear","Earring Instinct",98
"Sensibility Rear","Bound Cheaper",98
"Seven Swarm","Submarine Bed",127
"Seven Swarm","Maltese Hope",127
"Seven Swarm","Gunfighter Mussolini",127
"Seven Swarm","Argonauts Town",127
"Shakespeare Saddle","Smile Earring",60
"Shakespeare Saddle","Room Roman",60
"Shakespeare Saddle","Pity Bound",60
"Shakespeare Saddle","Phantom Glory",60
"Shakespeare Saddle","Mockingbird Hollywood",60
"Shakespeare Saddle","Jersey Sassy",60
"Shakespeare Saddle","Bubble Grosse",60
"Shane Darkness","Suicides Silence",93
"Shane Darkness","Sting Personal",93
"Shane Darkness","Panky Submarine",93
"Shane Darkness","Hills Neighbors",93
"Shane Darkness","Greatest North",93
"Shane Darkness","Goldfinger Sensibility",93
"Shane Darkness","Bill Others",93
"Shanghai Tycoon","Suspects Quills",47
"Shanghai Tycoon","Hawk Chill",47
"Shanghai Tycoon","Hanover Galaxy",47
"Shanghai Tycoon","Halloween Nuts",47
"Shanghai Tycoon","Downhill Enough",47
"Shanghai Tycoon","Divorce Shining",47
"Shawshank Bubble","War Notting",80
"Shawshank Bubble","Turn Star",80
"Shawshank Bubble","Sea Virgin",80
"Shawshank Bubble","Saddle Antitrust",80
"Shawshank Bubble","Peak Forever",80
"Shawshank Bubble","Meet Chocolate",80
"Shawshank Bubble","Loser Hustler",80
"Shawshank Bubble","Garden Island",80
"Shawshank Bubble","Flamingos Connecticut",80
"Shepherd Midsummer","State Wasteland",113
"Shepherd Midsummer","Legally Secretary",113
"Shepherd Midsummer","Ladybugs Armageddon",113
"Shepherd Midsummer","Day Unfaithful",113
"Shepherd Midsummer","Banger Pinocchio",113
"Shepherd Midsummer","Attacks Hate",113
"Shepherd Midsummer","Amadeus Holy",113
"Shining Roses","Saints Bride",125
"Shining Roses","Hunter Alter",125
"Shining Roses","Gentlemen Stage",125
"Shining Roses","Fish Opus",125
"Shining Roses","Donnie Alley",125
"Shining Roses","Bull Shawshank",125
"Shock Cabin","Werewolf Lola",79
"Shock Cabin","Spiking Element",79
"Shock Cabin","Moulin Wake",79
"Shock Cabin","Ishtar Rocketeer",79
"Shock Cabin","Amelie Hellfighters",79
"Shootist Superfly","Silence Kane",67
"Shootist Superfly","North Tequila",67
"Shootist Superfly","Lonely Elephant",67
"Shootist Superfly","Lady Stage",67
"Shootist Superfly","Egg Igby",67
"Shootist Superfly","Comancheros Enemy",67
"Shootist Superfly","Butch Panther",67
"Show Lord","Requiem Tycoon",167
"Show Lord","Lesson Cleopatra",167
"Show Lord","Inch Jet",167
"Show Lord","Exorcist Sting",167
"Show Lord","Escape Metropolis",167
"Show Lord","Campus Remember",167
"Shrek License","Sassy Packer",154
"Shrek License","Santa Paris",154
"Shrek License","Raging Airplane",154
"Shrek License","Gold River",154
"Shrek License","Durham Panky",154
"Shrek License","Doubtfire Labyrinth",154
"Shrunk Divine","Worker Tarzan",139
"Shrunk Divine","Voice Peach",139
"Shrunk Divine","Traffic Hobbit",139
"Shrunk Divine","Stranger Strangers",139
"Shrunk Divine","Horror Reign",139
"Shrunk Divine","Hope Tootsie",139
"Shrunk Divine","Groundhog Uncut",139
"Shrunk Divine","Dorado Notting",139
"Shrunk Divine","Creatures Shakespeare",139
"Shrunk Divine","Clyde Theory",139
"Side Ark","Westward Seabiscuit",52
"Side Ark","Trojan Tomorrow",52
"Side Ark","Spartacus Cheaper",52
"Side Ark","Lust Lock",52
"Side Ark","Harper Dying",52
"Side Ark","Caddyshack Jedi",52
"Siege Madre","Wonderland Christmas",111
"Siege Madre","Wind Phantom",111
"Siege Madre","Ties Hunger",111
"Siege Madre","Suit Walls",111
"Siege Madre","Groove Fiction",111
"Siege Madre","Frogmen Breaking",111
"Sierra Divide","Walls Artist",135
"Sierra Divide","Thief Pelican",135
"Sierra Divide","Sunrise League",135
"Sierra Divide","Money Harold",135
"Sierra Divide","Japanese Run",135
"Sierra Divide","Indian Love",135
"Sierra Divide","Grease Youth",135
"Sierra Divide","Dream Pickup",135
"Sierra Divide","Candles Grapes",135
"Silence Kane","Shootist Superfly",67
"Silence Kane","North Tequila",67
"Silence Kane","Lonely Elephant",67
"Silence Kane","Lady Stage",67
"Silence Kane","Egg Igby",67
"Silence Kane","Comancheros Enemy",67
"Silence Kane","Butch Panther",67
"Silverado Goldfinger","Working Microcosmos",74
"Silverado Goldfinger","Teen Apollo",74
"Silverado Goldfinger","Snatchers Montezuma",74
"Silverado Goldfinger","Rainbow Shock",74
"Silverado Goldfinger","Pearl Destiny",74
"Silverado Goldfinger","Modern Dorado",74
"Silverado Goldfinger","Maguire Apache",74
"Silverado Goldfinger","Luke Mummy",74
"Silverado Goldfinger","Jumping Wrath",74
"Silverado Goldfinger","Informer Double",74
"Silverado Goldfinger","Angels Life",74
"Simon North","Hall Cassidy",51
"Simon North","Frisco Forrest",51
"Simon North","Excitement Eve",51
"Simon North","English Bulworth",51
"Simon North","Deep Crusade",51
"Simon North","Champion Flatliners",51
"Sinners Atlantis","Wonderful Drop",126
"Sinners Atlantis","Women Dorado",126
"Sinners Atlantis","Vampire Whale",126
"Sinners Atlantis","Pajama Jawbreaker",126
"Sinners Atlantis","Montezuma Command",126
"Sinners Atlantis","Freaky Pocus",126
"Sinners Atlantis","Elephant Trojan",126
"Sinners Atlantis","Alamo Videotape",126
"Sister Freddy","Wagon Jaws",152
"Sister Freddy","Twisted Pirates",152
"Sister Freddy","Tuxedo Mile",152
"Sister Freddy","Tourist Pelican",152
"Sister Freddy","Telemark Heartbreakers",152
"Sister Freddy","Luck Opus",152
"Sister Freddy","Elizabeth Shane",152
"Sister Freddy","Center Dinosaur",152
"Sky Miracle","Volume House",132
"Sky Miracle","Trainspotting Strangers",132
"Sky Miracle","Streak Ridgemont",132
"Sky Miracle","Platoon Instinct",132
"Sky Miracle","Necklace Outbreak",132
"Sky Miracle","Dude Blindness",132
"Sky Miracle","Chocolate Duck",132
"Slacker Liaisons","Youth Kick",179
"Slacker Liaisons","Virgin Daisy",179
"Slacker Liaisons","Torque Bound",179
"Slacker Liaisons","Texas Watch",179
"Slacker Liaisons","Redemption Comforts",179
"Slacker Liaisons","Potluck Mixed",179
"Slacker Liaisons","Kick Savannah",179
"Slacker Liaisons","Flight Lies",179
"Slacker Liaisons","Cause Date",179
"Slacker Liaisons","Born Spinal",179
"Slacker Liaisons","Casualties Encino",179
"Slacker Liaisons","Anonymous Human",179
"Sleeping Suspects","Unforgiven Zoolander",129
"Sleeping Suspects","Outfield Massacre",129
"Sleeping Suspects","Music Boondock",129
"Sleeping Suspects","Gosford Donnie",129
"Sleeping Suspects","Barefoot Manchurian",129
"Sleeping Suspects","American Circus",129
"Sleepless Monsoon","Victory Academy",64
"Sleepless Monsoon","Trip Newton",64
"Sleepless Monsoon","Taxi Kick",64
"Sleepless Monsoon","Novocaine Flight",64
"Sleepless Monsoon","Mile Mulan",64
"Sleepless Monsoon","Metropolis Coma",64
"Sleepless Monsoon","Desert Poseidon",64
"Sleepless Monsoon","Craft Outfield",64
"Sleepy Japanese","Willow Tracy",137
"Sleepy Japanese","Scorpion Apollo",137
"Sleepy Japanese","Pollock Deliverance",137
"Sleepy Japanese","Philadelphia Wife",137
"Sleepy Japanese","Lose Inch",137
"Sleepy Japanese","Life Twisted",137
"Sleepy Japanese","Grit Clockwork",137
"Sleepy Japanese","Arsenic Independence",137
"Sleuth Orient","Treatment Jekyll",87
"Sleuth Orient","Devil Desire",87
"Sleuth Orient","Congeniality Quest",87
"Sleuth Orient","Cheaper Clyde",87
"Sleuth Orient","Bang Kwai",87
"Sling Luke","Uptown Young",84
"Sling Luke","Savannah Town",84
"Sling Luke","Pluto Oleander",84
"Sling Luke","Packer Madigan",84
"Sling Luke","Jeepers Wedding",84
"Sling Luke","Island Exorcist",84
"Sling Luke","Idols Snatchers",84
"Sling Luke","Honey Ties",84
"Sling Luke","High Encino",84
"Sling Luke","Guys Falcon",84
"Sling Luke","Gone Trouble",84
"Sling Luke","Daisy Menagerie",84
"Slipper Fidelity","Operation Operation",156
"Slipper Fidelity","Graduate Lord",156
"Slipper Fidelity","Finding Anaconda",156
"Slums Duck","Scissorhands Slums",147
"Slums Duck","Range Moonwalker",147
"Slums Duck","Racer Egg",147
"Slums Duck","Menagerie Rushmore",147
"Slums Duck","Madison Trap",147
"Slums Duck","Lies Treatment",147
"Slums Duck","Dirty Ace",147
"Slums Duck","Arachnophobia Rollercoaster",147
"Smile Earring","Shakespeare Saddle",60
"Smile Earring","Room Roman",60
"Smile Earring","Pity Bound",60
"Smile Earring","Phantom Glory",60
"Smile Earring","Mockingbird Hollywood",60
"Smile Earring","Jersey Sassy",60
"Smile Earring","Bubble Grosse",60
"Smoking Barbarella","Zorro Ark",50
"Smoking Barbarella","Pilot Hoosiers",50
"Smoking Barbarella","Natural Stock",50
"Smoking Barbarella","Muppet Mile",50
"Smoking Barbarella","Lion Uncut",50
"Smoking Barbarella","Crossing Divorce",50
"Smoking Barbarella","Blues Instinct",50
"Smoking Barbarella","Adaptation Holes",50
"Smoochy Control","Theory Mermaid",184
"Smoochy Control","Sorority Queen",184
"Smoochy Control","Sons Interview",184
"Smoochy Control","Moonwalker Fool",184
"Smoochy Control","King Evolution",184
"Smoochy Control","Crystal Breaking",184
"Smoochy Control","Conspiracy Spirit",184
"Snatch Slipper","Trap Guys",110
"Snatch Slipper","Seattle Expecations",110
"Snatch Slipper","Samurai Lion",110
"Snatch Slipper","Remember Diary",110
"Snatch Slipper","League Hellfighters",110
"Snatch Slipper","Highball Potter",110
"Snatch Slipper","Drumline Cyclone",110
"Snatch Slipper","Celebrity Horn",110
"Snatchers Montezuma","Working Microcosmos",74
"Snatchers Montezuma","Teen Apollo",74
"Snatchers Montezuma","Silverado Goldfinger",74
"Snatchers Montezuma","Rainbow Shock",74
"Snatchers Montezuma","Pearl Destiny",74
"Snatchers Montezuma","Modern Dorado",74
"Snatchers Montezuma","Maguire Apache",74
"Snatchers Montezuma","Luke Mummy",74
"Snatchers Montezuma","Jumping Wrath",74
"Snatchers Montezuma","Informer Double",74
"Snatchers Montezuma","Angels Life",74
"Snowman Rollercoaster","Unbreakable Karate",62
"Snowman Rollercoaster","Mars Roman",62
"Snowman Rollercoaster","Hanging Deep",62
"Snowman Rollercoaster","Arabia Dogma",62
"Snowman Rollercoaster","Airplane Sierra",62
"Soldiers Evolution","Worst Banger",185
"Soldiers Evolution","Sweet Brotherhood",185
"Soldiers Evolution","Pond Seattle",185
"Soldiers Evolution","Muscle Bright",185
"Soldiers Evolution","Home Pity",185
"Soldiers Evolution","Gangs Pride",185
"Soldiers Evolution","Darn Forrester",185
"Soldiers Evolution","Control Anthem",185
"Soldiers Evolution","Chicago North",185
"Something Duck","Nash Chocolat",180
"Something Duck","Mussolini Spoilers",180
"Something Duck","Mixed Doors",180
"Something Duck","Impact Aladdin",180
"Something Duck","Confidential Interview",180
"Something Duck","Alley Evolution",180
"Song Hedwig","Speakeasy Date",165
"Song Hedwig","Massacre Usual",165
"Song Hedwig","Darling Breaking",165
"Song Hedwig","Citizen Shrek",165
"Sons Interview","Theory Mermaid",184
"Sons Interview","Sorority Queen",184
"Sons Interview","Smoochy Control",184
"Sons Interview","Moonwalker Fool",184
"Sons Interview","King Evolution",184
"Sons Interview","Crystal Breaking",184
"Sons Interview","Conspiracy Spirit",184
"Sorority Queen","Theory Mermaid",184
"Sorority Queen","Sons Interview",184
"Sorority Queen","Smoochy Control",184
"Sorority Queen","Moonwalker Fool",184
"Sorority Queen","King Evolution",184
"Sorority Queen","Crystal Breaking",184
"Sorority Queen","Conspiracy Spirit",184
"Soup Wisdom","Outbreak Divine",169
"Soup Wisdom","Kentuckian Giant",169
"Soup Wisdom","Hedwig Alter",169
"Soup Wisdom","Breaking Home",169
"Soup Wisdom","Agent Truman",169
"South Wait","Steel Santa",143
"South Wait","Encino Elf",143
"South Wait","Detective Vision",143
"South Wait","Crooked Frogmen",143
"South Wait","Clockwork Paradise",143
"South Wait","Cincinatti Whisperer",143
"Spartacus Cheaper","Westward Seabiscuit",52
"Spartacus Cheaper","Trojan Tomorrow",52
"Spartacus Cheaper","Side Ark",52
"Spartacus Cheaper","Lust Lock",52
"Spartacus Cheaper","Harper Dying",52
"Spartacus Cheaper","Caddyshack Jedi",52
"Speakeasy Date","Song Hedwig",165
"Speakeasy Date","Massacre Usual",165
"Speakeasy Date","Darling Breaking",165
"Speakeasy Date","Citizen Shrek",165
"Speed Suit","Jingle Sagebrush",124
"Speed Suit","Clones Pinocchio",124
"Speed Suit","Chisum Behavior",124
"Spice Sorority","Sun Confessions",141
"Spice Sorority","Kissing Dolls",141
"Spice Sorority","Homicide Peach",141
"Spice Sorority","Hocus Frida",141
"Spice Sorority","Dynamite Tarzan",141
"Spice Sorority","Disciple Mother",141
"Spiking Element","Werewolf Lola",79
"Spiking Element","Shock Cabin",79
"Spiking Element","Moulin Wake",79
"Spiking Element","Ishtar Rocketeer",79
"Spiking Element","Amelie Hellfighters",79
"Spinal Rocky","Spirited Casualties",138
"Spinal Rocky","Pocus Pulp",138
"Spinal Rocky","Maiden Home",138
"Spinal Rocky","Liberty Magnificent",138
"Spinal Rocky","Expecations Natural",138
"Spirit Flintstones","River Outlaw",149
"Spirit Flintstones","Nightmare Chill",149
"Spirit Flintstones","Minds Truman",149
"Spirit Flintstones","Holocaust Highball",149
"Spirit Flintstones","Color Philadelphia",149
"Spirited Casualties","Spinal Rocky",138
"Spirited Casualties","Pocus Pulp",138
"Spirited Casualties","Maiden Home",138
"Spirited Casualties","Liberty Magnificent",138
"Spirited Casualties","Expecations Natural",138
"Splash Gump","Patton Interview",175
"Splash Gump","Model Fish",175
"Splash Gump","Lawrence Love",175
"Splash Gump","Driving Polish",175
"Splash Gump","Beauty Grease",175
"Splendor Patton","Weekend Personal",134
"Splendor Patton","Robbery Bright",134
"Splendor Patton","Pittsburgh Hunchback",134
"Splendor Patton","Jungle Closer",134
"Spoilers Hellfighters","Straight Hours",151
"Spoilers Hellfighters","School Jacket",151
"Spoilers Hellfighters","Masked Bubble",151
"Spoilers Hellfighters","Hunchback Impossible",151
"Spoilers Hellfighters","Carol Texas",151
"Spoilers Hellfighters","Beethoven Exorcist",151
"Spy Mile","Watership Frontier",112
"Spy Mile","Wait Cider",112
"Spy Mile","Stagecoach Armageddon",112
"Spy Mile","Seabiscuit Punk",112
"Spy Mile","Quills Bull",112
"Spy Mile","Jaws Harry",112
"Spy Mile","Forrester Comancheros",112
"Spy Mile","Crusade Honey",112
"Spy Mile","Crowds Telemark",112
"Spy Mile","Conversation Downhill",112
"Spy Mile","Coneheads Smoochy",112
"Spy Mile","Cat Coneheads",112
"Squad Fish","Town Ark",136
"Squad Fish","Reap Unfaithful",136
"Squad Fish","Pianist Outfield",136
"Squad Fish","Maker Gables",136
"Squad Fish","Hollow Jeopardy",136
"Squad Fish","Crazy Home",136
"Squad Fish","Bringing Hysterical",136
"Squad Fish","Alaska Phantom",136
"Stage World","Wonka Sea",85
"Stage World","Window Side",85
"Stage World","Wasteland Divine",85
"Stage World","Varsity Trip",85
"Stage World","Oz Liaisons",85
"Stage World","Lola Agent",85
"Stage World","Grail Frankenstein",85
"Stage World","Ghost Groundhog",85
"Stage World","Ending Crowds",85
"Stage World","Egypt Tenenbaums",85
"Stage World","Earth Vision",85
"Stage World","Casablanca Super",85
"Stage World","Canyon Stock",85
"Stage World","Blackout Private",85
"Stage World","Beverly Outlaw",85
"Stage World","Amistad Midsummer",85
"Stagecoach Armageddon","Watership Frontier",112
"Stagecoach Armageddon","Wait Cider",112
"Stagecoach Armageddon","Spy Mile",112
"Stagecoach Armageddon","Seabiscuit Punk",112
"Stagecoach Armageddon","Quills Bull",112
"Stagecoach Armageddon","Jaws Harry",112
"Stagecoach Armageddon","Forrester Comancheros",112
"Stagecoach Armageddon","Crusade Honey",112
"Stagecoach Armageddon","Crowds Telemark",112
"Stagecoach Armageddon","Conversation Downhill",112
"Stagecoach Armageddon","Coneheads Smoochy",112
"Stagecoach Armageddon","Cat Coneheads",112
"Stallion Sundance","Majestic Floats",130
"Stallion Sundance","Jason Trap",130
"Stallion Sundance","Fargo Gandhi",130
"Stallion Sundance","Darko Dorado",130
"Stallion Sundance","African Egg",130
"Stampede Disturbing","Wizard Coldblooded",75
"Stampede Disturbing","Satisfaction Confidential",75
"Stampede Disturbing","Newton Labyrinth",75
"Stampede Disturbing","Network Peak",75
"Stampede Disturbing","Lover Truman",75
"Stampede Disturbing","Hellfighters Sierra",75
"Stampede Disturbing","Fiddler Lost",75
"Stampede Disturbing","California Birds",75
"Stampede Disturbing","Balloon Homeward",75
"Star Operation","Wild Apollo",181
"Star Operation","Runaway Tenenbaums",181
"Star Operation","Love Suicides",181
"Star Operation","Lawless Vision",181
"Star Operation","Jacket Frisco",181
"Star Operation","Intrigue Worst",181
"Star Operation","Hotel Happiness",181
"Star Operation","Haunting Pianist",181
"Star Operation","Analyze Hoosiers",181
"State Wasteland","Shepherd Midsummer",113
"State Wasteland","Legally Secretary",113
"State Wasteland","Ladybugs Armageddon",113
"State Wasteland","Day Unfaithful",113
"State Wasteland","Banger Pinocchio",113
"State Wasteland","Attacks Hate",113
"State Wasteland","Amadeus Holy",113
"Steel Santa","South Wait",143
"Steel Santa","Encino Elf",143
"Steel Santa","Detective Vision",143
"Steel Santa","Crooked Frogmen",143
"Steel Santa","Clockwork Paradise",143
"Steel Santa","Cincinatti Whisperer",143
"Steers Armageddon","Loathing Legally",140
"Steers Armageddon","Liaisons Sweet",140
"Steers Armageddon","Graceland Dynamite",140
"Steers Armageddon","Eagles Panky",140
"Stepmom Dream","Valentine Vanishing",48
"Stepmom Dream","Sunset Racer",48
"Stepmom Dream","Pelican Comforts",48
"Stepmom Dream","Paradise Sabrina",48
"Stepmom Dream","Odds Boogie",48
"Stepmom Dream","Notting Speakeasy",48
"Stepmom Dream","Midsummer Groundhog",48
"Stepmom Dream","Rush Goodfellas",48
"Stepmom Dream","Heaven Freedom",48
"Stepmom Dream","Ace Goldfinger",48
"Sting Personal","Suicides Silence",93
"Sting Personal","Shane Darkness",93
"Sting Personal","Panky Submarine",93
"Sting Personal","Hills Neighbors",93
"Sting Personal","Greatest North",93
"Sting Personal","Goldfinger Sensibility",93
"Sting Personal","Bill Others",93
"Stock Glass","Peach Innocent",160
"Stock Glass","Mummy Creatures",160
"Stock Glass","Mulan Moon",160
"Stock Glass","Igby Maker",160
"Stock Glass","Bear Graceland",160
"Stone Fire","Full Flatliners",94
"Stone Fire","Disturbing Scarface",94
"Stone Fire","Alice Fantasia",94
"Storm Happiness","Noon Papi",57
"Storm Happiness","Mosquito Armageddon",57
"Storm Happiness","Doctor Grail",57
"Storm Happiness","Dawn Pond",57
"Storm Happiness","Cranes Reservoir",57
"Storm Happiness","Alter Victory",57
"Story Side","Queen Luke",163
"Story Side","Kiss Glory",163
"Story Side","Gilmore Boiled",163
"Story Side","Everyone Craft",163
"Story Side","Casper Dragonfly",163
"Story Side","Bird Independence",163
"Straight Hours","Spoilers Hellfighters",151
"Straight Hours","School Jacket",151
"Straight Hours","Masked Bubble",151
"Straight Hours","Hunchback Impossible",151
"Straight Hours","Carol Texas",151
"Straight Hours","Beethoven Exorcist",151
"Strangelove Desire","Pinocchio Simon",103
"Strangelove Desire","Mother Oleander",103
"Strangelove Desire","Impossible Prejudice",103
"Strangelove Desire","Homeward Cider",103
"Strangelove Desire","Glass Dying",103
"Strangelove Desire","Firehouse Vietnam",103
"Strangelove Desire","Blindness Gun",103
"Strangelove Desire","Birdcage Casper",103
"Stranger Strangers","Worker Tarzan",139
"Stranger Strangers","Voice Peach",139
"Stranger Strangers","Traffic Hobbit",139
"Stranger Strangers","Shrunk Divine",139
"Stranger Strangers","Horror Reign",139
"Stranger Strangers","Hope Tootsie",139
"Stranger Strangers","Groundhog Uncut",139
"Stranger Strangers","Dorado Notting",139
"Stranger Strangers","Creatures Shakespeare",139
"Stranger Strangers","Clyde Theory",139
"Tights Dawn","Uncut Suicides",172
"Tights Dawn","Northwest Polish",172
"Tights Dawn","Jerk Paycheck",172
"Tights Dawn","Idaho Love",172
"Tights Dawn","Eyes Driving",172
"Tights Dawn","Creepers Kane",172
"Tights Dawn","Connecticut Tramp",172
"Strangers Graffiti","Identity Lover",119
"Strangers Graffiti","Games Bowfinger",119
"Strangers Graffiti","Dumbo Lust",119
"Strangers Graffiti","Bugsy Song",119
"Strangers Graffiti","Apocalypse Flamingos",119
"Streak Ridgemont","Volume House",132
"Streak Ridgemont","Trainspotting Strangers",132
"Streak Ridgemont","Sky Miracle",132
"Streak Ridgemont","Platoon Instinct",132
"Streak Ridgemont","Necklace Outbreak",132
"Streak Ridgemont","Dude Blindness",132
"Streak Ridgemont","Chocolate Duck",132
"Streetcar Intentions","Wake Jaws",73
"Streetcar Intentions","Valley Packer",73
"Streetcar Intentions","Salute Apollo",73
"Streetcar Intentions","Rebel Airport",73
"Streetcar Intentions","Random Go",73
"Streetcar Intentions","Musketeers Wait",73
"Streetcar Intentions","Godfather Diary",73
"Streetcar Intentions","Frida Slipper",73
"Streetcar Intentions","Brotherhood Blanket",73
"Streetcar Intentions","Bedazzled Married",73
"Streetcar Intentions","Bright Encounters",73
"Strictly Scarface","Virtual Spoilers",144
"Strictly Scarface","Towers Hurricane",144
"Strictly Scarface","President Bang",144
"Strictly Scarface","Pacific Amistad",144
"Strictly Scarface","Lambs Cincinatti",144
"Strictly Scarface","Factory Dragon",144
"Strictly Scarface","Dancing Fever",144
"Submarine Bed","Seven Swarm",127
"Submarine Bed","Maltese Hope",127
"Submarine Bed","Gunfighter Mussolini",127
"Submarine Bed","Argonauts Town",127
"Sugar Wonka","Superfly Trip",114
"Sugar Wonka","Pride Alamo",114
"Sugar Wonka","Married Go",114
"Sugar Wonka","Gilbert Pelican",114
"Sugar Wonka","Chasing Fight",114
"Sugar Wonka","Chainsaw Uptown",114
"Sugar Wonka","Carrie Bunch",114
"Sugar Wonka","Blade Polish",114
"Sugar Wonka","Alabama Devil",114
"Suicides Silence","Sting Personal",93
"Suicides Silence","Shane Darkness",93
"Suicides Silence","Panky Submarine",93
"Suicides Silence","Hills Neighbors",93
"Suicides Silence","Greatest North",93
"Suicides Silence","Goldfinger Sensibility",93
"Suicides Silence","Bill Others",93
"Suit Walls","Wonderland Christmas",111
"Suit Walls","Wind Phantom",111
"Suit Walls","Ties Hunger",111
"Suit Walls","Siege Madre",111
"Suit Walls","Groove Fiction",111
"Suit Walls","Frogmen Breaking",111
"Summer Scarface","Thin Sagebrush",53
"Summer Scarface","Tequila Past",53
"Summer Scarface","Primary Glass",53
"Summer Scarface","Movie Shakespeare",53
"Summer Scarface","Magnificent Chitty",53
"Summer Scarface","Gump Date",53
"Summer Scarface","Cabin Flash",53
"Summer Scarface","Beneath Rush",53
"Sun Confessions","Spice Sorority",141
"Sun Confessions","Kissing Dolls",141
"Sun Confessions","Homicide Peach",141
"Sun Confessions","Hocus Frida",141
"Sun Confessions","Dynamite Tarzan",141
"Sun Confessions","Disciple Mother",141
"Sundance Invasion","Truman Crazy",92
"Sundance Invasion","Opposite Necklace",92
"Sundance Invasion","National Story",92
"Sundance Invasion","Mystic Truman",92
"Sundance Invasion","Kane Exorcist",92
"Sundance Invasion","Encounters Curtain",92
"Sundance Invasion","Core Suit",92
"Sundance Invasion","Caribbean Liberty",92
"Sundance Invasion","Apache Divine",92
"Sundance Invasion","Anaconda Confessions",92
"Sunrise League","Walls Artist",135
"Sunrise League","Thief Pelican",135
"Sunrise League","Sierra Divide",135
"Sunrise League","Money Harold",135
"Sunrise League","Japanese Run",135
"Sunrise League","Indian Love",135
"Sunrise League","Grease Youth",135
"Sunrise League","Dream Pickup",135
"Sunrise League","Candles Grapes",135
"Sunset Racer","Valentine Vanishing",48
"Sunset Racer","Stepmom Dream",48
"Sunset Racer","Pelican Comforts",48
"Sunset Racer","Paradise Sabrina",48
"Sunset Racer","Odds Boogie",48
"Sunset Racer","Notting Speakeasy",48
"Sunset Racer","Midsummer Groundhog",48
"Sunset Racer","Rush Goodfellas",48
"Sunset Racer","Heaven Freedom",48
"Sunset Racer","Ace Goldfinger",48
"Super Wyoming","Rings Heartbreakers",58
"Super Wyoming","Oklahoma Jumanji",58
"Super Wyoming","Jekyll Frogmen",58
"Super Wyoming","Fantasy Troopers",58
"Super Wyoming","Dances None",58
"Super Wyoming","Closer Bang",58
"Superfly Trip","Sugar Wonka",114
"Superfly Trip","Pride Alamo",114
"Superfly Trip","Married Go",114
"Superfly Trip","Gilbert Pelican",114
"Superfly Trip","Chasing Fight",114
"Superfly Trip","Chainsaw Uptown",114
"Superfly Trip","Carrie Bunch",114
"Superfly Trip","Blade Polish",114
"Superfly Trip","Alabama Devil",114
"Suspects Quills","Shanghai Tycoon",47
"Suspects Quills","Hawk Chill",47
"Suspects Quills","Hanover Galaxy",47
"Suspects Quills","Halloween Nuts",47
"Suspects Quills","Downhill Enough",47
"Suspects Quills","Divorce Shining",47
"Swarm Gold","Vanishing Rocky",123
"Swarm Gold","Reef Salute",123
"Swarm Gold","Mask Peach",123
"Swarm Gold","Insects Stone",123
"Swarm Gold","Flash Wars",123
"Swarm Gold","Breakfast Goldfinger",123
"Sweden Shining","Wrath Mile",176
"Sweden Shining","Hoosiers Birdcage",176
"Sweden Shining","Greek Everyone",176
"Sweden Shining","Gathering Calendar",176
"Sweden Shining","Entrapment Satisfaction",176
"Sweden Shining","Dracula Crystal",176
"Sweden Shining","Cyclone Family",176
"Sweden Shining","Caper Motions",176
"Sweden Shining","Braveheart Human",176
"Timberland Sky","Lebowski Soldiers",69
"Timberland Sky","Hollywood Anonymous",69
"Timberland Sky","Head Stranger",69
"Timberland Sky","Flying Hook",69
"Timberland Sky","Cruelty Unforgiven",69
"Sweet Brotherhood","Worst Banger",185
"Sweet Brotherhood","Soldiers Evolution",185
"Sweet Brotherhood","Pond Seattle",185
"Sweet Brotherhood","Muscle Bright",185
"Sweet Brotherhood","Home Pity",185
"Sweet Brotherhood","Gangs Pride",185
"Sweet Brotherhood","Darn Forrester",185
"Sweet Brotherhood","Control Anthem",185
"Sweet Brotherhood","Chicago North",185
"Sweethearts Suspects","Lord Arizona",108
"Sweethearts Suspects","Handicap Boondock",108
"Sweethearts Suspects","Gorgeous Bingo",108
"Sweethearts Suspects","Autumn Crow",108
"Tadpole Park","Psycho Shrunk",155
"Tadpole Park","Lolita World",155
"Tadpole Park","Grapes Fury",155
"Tadpole Park","Family Sweet",155
"Tadpole Park","Elf Murder",155
"Talented Homicide","Velvet Terminator",173
"Talented Homicide","Pizza Jumanji",173
"Talented Homicide","Gladiator Westward",173
"Talented Homicide","Fire Wolves",173
"Talented Homicide","Conquerer Nuts",173
"Talented Homicide","Ballroom Mockingbird",173
"Tarzan Videotape","Titans Jerk",91
"Tarzan Videotape","License Weekend",91
"Tarzan Videotape","Fight Jawbreaker",91
"Tarzan Videotape","Fatal Haunted",91
"Tarzan Videotape","Anthem Luke",91
"Taxi Kick","Victory Academy",64
"Taxi Kick","Trip Newton",64
"Taxi Kick","Sleepless Monsoon",64
"Taxi Kick","Novocaine Flight",64
"Taxi Kick","Mile Mulan",64
"Taxi Kick","Metropolis Coma",64
"Taxi Kick","Desert Poseidon",64
"Taxi Kick","Craft Outfield",64
"Teen Apollo","Working Microcosmos",74
"Teen Apollo","Snatchers Montezuma",74
"Teen Apollo","Silverado Goldfinger",74
"Teen Apollo","Rainbow Shock",74
"Teen Apollo","Pearl Destiny",74
"Teen Apollo","Modern Dorado",74
"Teen Apollo","Maguire Apache",74
"Teen Apollo","Luke Mummy",74
"Teen Apollo","Jumping Wrath",74
"Teen Apollo","Informer Double",74
"Teen Apollo","Angels Life",74
"Telegraph Voyage","Outlaw Hanky",148
"Telegraph Voyage","Flintstones Happiness",148
"Telegraph Voyage","Fireball Philadelphia",148
"Telegraph Voyage","Easy Gladiator",148
"Telegraph Voyage","Blanket Beverly",148
"Telegraph Voyage","Army Flintstones",148
"Telemark Heartbreakers","Wagon Jaws",152
"Telemark Heartbreakers","Twisted Pirates",152
"Telemark Heartbreakers","Tuxedo Mile",152
"Telemark Heartbreakers","Tourist Pelican",152
"Telemark Heartbreakers","Sister Freddy",152
"Telemark Heartbreakers","Luck Opus",152
"Telemark Heartbreakers","Elizabeth Shane",152
"Telemark Heartbreakers","Center Dinosaur",152
"Temple Attraction","Train Bunch",71
"Temple Attraction","Princess Giant",71
"Temple Attraction","Mannequin Worst",71
"Temple Attraction","Knock Warlock",71
"Temple Attraction","Chariots Conspiracy",71
"Temple Attraction","Blood Argonauts",71
"Tenenbaums Command","Sabrina Midnight",99
"Tenenbaums Command","Pet Haunting",99
"Tenenbaums Command","Perdition Fargo",99
"Tenenbaums Command","Patient Sister",99
"Tenenbaums Command","French Holiday",99
"Tenenbaums Command","Darkness War",99
"Tenenbaums Command","Armageddon Lost",99
"Tequila Past","Thin Sagebrush",53
"Tequila Past","Summer Scarface",53
"Tequila Past","Primary Glass",53
"Tequila Past","Movie Shakespeare",53
"Tequila Past","Magnificent Chitty",53
"Tequila Past","Gump Date",53
"Tequila Past","Cabin Flash",53
"Tequila Past","Beneath Rush",53
"Terminator Club","Purple Movie",88
"Terminator Club","Holy Tadpole",88
"Terminator Club","Details Packer",88
"Texas Watch","Youth Kick",179
"Texas Watch","Virgin Daisy",179
"Texas Watch","Torque Bound",179
"Texas Watch","Slacker Liaisons",179
"Texas Watch","Redemption Comforts",179
"Texas Watch","Potluck Mixed",179
"Texas Watch","Kick Savannah",179
"Texas Watch","Flight Lies",179
"Texas Watch","Cause Date",179
"Texas Watch","Born Spinal",179
"Texas Watch","Casualties Encino",179
"Texas Watch","Anonymous Human",179
"Theory Mermaid","Sorority Queen",184
"Theory Mermaid","Sons Interview",184
"Theory Mermaid","Smoochy Control",184
"Theory Mermaid","Moonwalker Fool",184
"Theory Mermaid","King Evolution",184
"Theory Mermaid","Crystal Breaking",184
"Theory Mermaid","Conspiracy Spirit",184
"Thief Pelican","Walls Artist",135
"Thief Pelican","Sunrise League",135
"Thief Pelican","Sierra Divide",135
"Thief Pelican","Money Harold",135
"Thief Pelican","Japanese Run",135
"Thief Pelican","Indian Love",135
"Thief Pelican","Grease Youth",135
"Thief Pelican","Dream Pickup",135
"Thief Pelican","Candles Grapes",135
"Thin Sagebrush","Tequila Past",53
"Thin Sagebrush","Summer Scarface",53
"Thin Sagebrush","Primary Glass",53
"Thin Sagebrush","Movie Shakespeare",53
"Thin Sagebrush","Magnificent Chitty",53
"Thin Sagebrush","Gump Date",53
"Thin Sagebrush","Cabin Flash",53
"Thin Sagebrush","Beneath Rush",53
"Ties Hunger","Wonderland Christmas",111
"Ties Hunger","Wind Phantom",111
"Ties Hunger","Suit Walls",111
"Ties Hunger","Siege Madre",111
"Ties Hunger","Groove Fiction",111
"Ties Hunger","Frogmen Breaking",111
"Titanic Boondock","Ship Wonderland",104
"Titanic Boondock","Mermaid Insects",104
"Titanic Boondock","Feathers Metal",104
"Titanic Boondock","Crow Grease",104
"Titanic Boondock","Date Speed",104
"Titans Jerk","Tarzan Videotape",91
"Titans Jerk","License Weekend",91
"Titans Jerk","Fight Jawbreaker",91
"Titans Jerk","Fatal Haunted",91
"Titans Jerk","Anthem Luke",91
"Tomatoes Hellfighters","Human Graffiti",68
"Tomatoes Hellfighters","Doom Dancing",68
"Tomatoes Hellfighters","Divide Monster",68
"Tomatoes Hellfighters","Ark Ridgemont",68
"Tomorrow Hustler","Vanished Garden",142
"Tomorrow Hustler","Tracy Cider",142
"Tomorrow Hustler","Million Ace",142
"Tomorrow Hustler","Ferris Mother",142
"Tomorrow Hustler","Chill Luck",142
"Tomorrow Hustler","Bikini Borrowers",142
"Tootsie Pilot","Volcano Texas",157
"Tootsie Pilot","Past Suicides",157
"Tootsie Pilot","Mulholland Beast",157
"Tootsie Pilot","Independence Hotel",157
"Tootsie Pilot","Hobbit Alien",157
"Torque Bound","Youth Kick",179
"Torque Bound","Virgin Daisy",179
"Torque Bound","Texas Watch",179
"Torque Bound","Slacker Liaisons",179
"Torque Bound","Redemption Comforts",179
"Torque Bound","Potluck Mixed",179
"Torque Bound","Kick Savannah",179
"Torque Bound","Flight Lies",179
"Torque Bound","Cause Date",179
"Torque Bound","Born Spinal",179
"Torque Bound","Casualties Encino",179
"Torque Bound","Anonymous Human",179
"Tourist Pelican","Wagon Jaws",152
"Tourist Pelican","Twisted Pirates",152
"Tourist Pelican","Tuxedo Mile",152
"Tourist Pelican","Telemark Heartbreakers",152
"Tourist Pelican","Sister Freddy",152
"Tourist Pelican","Luck Opus",152
"Tourist Pelican","Elizabeth Shane",152
"Tourist Pelican","Center Dinosaur",152
"Towers Hurricane","Virtual Spoilers",144
"Towers Hurricane","Strictly Scarface",144
"Towers Hurricane","President Bang",144
"Towers Hurricane","Pacific Amistad",144
"Towers Hurricane","Lambs Cincinatti",144
"Towers Hurricane","Factory Dragon",144
"Towers Hurricane","Dancing Fever",144
"Town Ark","Squad Fish",136
"Town Ark","Reap Unfaithful",136
"Town Ark","Pianist Outfield",136
"Town Ark","Maker Gables",136
"Town Ark","Hollow Jeopardy",136
"Town Ark","Crazy Home",136
"Town Ark","Bringing Hysterical",136
"Town Ark","Alaska Phantom",136
"Tracy Cider","Vanished Garden",142
"Tracy Cider","Tomorrow Hustler",142
"Tracy Cider","Million Ace",142
"Tracy Cider","Ferris Mother",142
"Tracy Cider","Chill Luck",142
"Tracy Cider","Bikini Borrowers",142
"Trading Pinocchio","Dragon Squad",170
"Trading Pinocchio","Atlantis Cause",170
"Trading Pinocchio","Artist Coldblooded",170
"Traffic Hobbit","Worker Tarzan",139
"Traffic Hobbit","Voice Peach",139
"Traffic Hobbit","Stranger Strangers",139
"Traffic Hobbit","Shrunk Divine",139
"Traffic Hobbit","Horror Reign",139
"Traffic Hobbit","Hope Tootsie",139
"Traffic Hobbit","Groundhog Uncut",139
"Traffic Hobbit","Dorado Notting",139
"Traffic Hobbit","Creatures Shakespeare",139
"Traffic Hobbit","Clyde Theory",139
"Train Bunch","Temple Attraction",71
"Train Bunch","Princess Giant",71
"Train Bunch","Mannequin Worst",71
"Train Bunch","Knock Warlock",71
"Train Bunch","Chariots Conspiracy",71
"Train Bunch","Blood Argonauts",71
"Trainspotting Strangers","Volume House",132
"Trainspotting Strangers","Streak Ridgemont",132
"Trainspotting Strangers","Sky Miracle",132
"Trainspotting Strangers","Platoon Instinct",132
"Trainspotting Strangers","Necklace Outbreak",132
"Trainspotting Strangers","Dude Blindness",132
"Trainspotting Strangers","Chocolate Duck",132
"Tramp Others","World Leathernecks",171
"Tramp Others","Roxanne Rebel",171
"Tramp Others","Moonshine Cabin",171
"Tramp Others","Magnolia Forrester",171
"Tramp Others","Kramer Chocolate",171
"Tramp Others","Jericho Mulan",171
"Tramp Others","Duffel Apocalypse",171
"Translation Summer","Harold French",168
"Translation Summer","Dying Maker",168
"Translation Summer","Antitrust Tomatoes",168
"Trap Guys","Snatch Slipper",110
"Trap Guys","Seattle Expecations",110
"Trap Guys","Samurai Lion",110
"Trap Guys","Remember Diary",110
"Trap Guys","League Hellfighters",110
"Trap Guys","Highball Potter",110
"Trap Guys","Drumline Cyclone",110
"Trap Guys","Celebrity Horn",110
"Treasure Command","Scarface Bang",102
"Treasure Command","Rock Instinct",102
"Treasure Command","Robbers Joon",102
"Treasure Command","Panic Club",102
"Treasure Command","Opus Ice",102
"Treasure Command","Jeopardy Encino",102
"Treasure Command","Heavyweights Beast",102
"Treasure Command","Giant Troopers",102
"Treasure Command","Falcon Volume",102
"Treasure Command","Boiled Dares",102
"Treatment Jekyll","Sleuth Orient",87
"Treatment Jekyll","Devil Desire",87
"Treatment Jekyll","Congeniality Quest",87
"Treatment Jekyll","Cheaper Clyde",87
"Treatment Jekyll","Bang Kwai",87
"Trip Newton","Victory Academy",64
"Trip Newton","Taxi Kick",64
"Trip Newton","Sleepless Monsoon",64
"Trip Newton","Novocaine Flight",64
"Trip Newton","Mile Mulan",64
"Trip Newton","Metropolis Coma",64
"Trip Newton","Desert Poseidon",64
"Trip Newton","Craft Outfield",64
"Trojan Tomorrow","Westward Seabiscuit",52
"Trojan Tomorrow","Spartacus Cheaper",52
"Trojan Tomorrow","Side Ark",52
"Trojan Tomorrow","Lust Lock",52
"Trojan Tomorrow","Harper Dying",52
"Trojan Tomorrow","Caddyshack Jedi",52
"Troopers Metal","Prix Undefeated",115
"Troopers Metal","Potter Connecticut",115
"Troopers Metal","Oscar Gold",115
"Troopers Metal","Glory Tracy",115
"Troopers Metal","Element Freddy",115
"Troopers Metal","Connection Microcosmos",115
"Trouble Date","Waterfront Deliverance",61
"Trouble Date","Reservoir Adaptation",61
"Trouble Date","Polish Brooklyn",61
"Trouble Date","Drifter Commandments",61
"Trouble Date","Chinatown Gladiator",61
"Trouble Date","Cassidy Wyoming",61
"Trouble Date","Camelot Vacation",61
"Trouble Date","Bulworth Commandments",61
"Trouble Date","Birds Perdition",61
"Truman Crazy","Sundance Invasion",92
"Truman Crazy","Opposite Necklace",92
"Truman Crazy","National Story",92
"Truman Crazy","Mystic Truman",92
"Truman Crazy","Kane Exorcist",92
"Truman Crazy","Encounters Curtain",92
"Truman Crazy","Core Suit",92
"Truman Crazy","Caribbean Liberty",92
"Truman Crazy","Apache Divine",92
"Truman Crazy","Anaconda Confessions",92
"Turn Star","War Notting",80
"Turn Star","Shawshank Bubble",80
"Turn Star","Sea Virgin",80
"Turn Star","Saddle Antitrust",80
"Turn Star","Peak Forever",80
"Turn Star","Meet Chocolate",80
"Turn Star","Loser Hustler",80
"Turn Star","Garden Island",80
"Turn Star","Flamingos Connecticut",80
"Tuxedo Mile","Wagon Jaws",152
"Tuxedo Mile","Twisted Pirates",152
"Tuxedo Mile","Tourist Pelican",152
"Tuxedo Mile","Telemark Heartbreakers",152
"Tuxedo Mile","Sister Freddy",152
"Tuxedo Mile","Luck Opus",152
"Tuxedo Mile","Elizabeth Shane",152
"Tuxedo Mile","Center Dinosaur",152
"Twisted Pirates","Wagon Jaws",152
"Twisted Pirates","Tuxedo Mile",152
"Twisted Pirates","Tourist Pelican",152
"Twisted Pirates","Telemark Heartbreakers",152
"Twisted Pirates","Sister Freddy",152
"Twisted Pirates","Luck Opus",152
"Twisted Pirates","Elizabeth Shane",152
"Twisted Pirates","Center Dinosaur",152
"Tycoon Gathering","Reign Gentlemen",82
"Tycoon Gathering","Raiders Antitrust",82
"Tycoon Gathering","Perfect Groove",82
"Tycoon Gathering","Frost Head",82
"Tycoon Gathering","Anything Savannah",82
"Tycoon Gathering","Alone Trip",82
"Unbreakable Karate","Snowman Rollercoaster",62
"Unbreakable Karate","Mars Roman",62
"Unbreakable Karate","Hanging Deep",62
"Unbreakable Karate","Arabia Dogma",62
"Unbreakable Karate","Airplane Sierra",62
"Uncut Suicides","Tights Dawn",172
"Uncut Suicides","Northwest Polish",172
"Uncut Suicides","Jerk Paycheck",172
"Uncut Suicides","Idaho Love",172
"Uncut Suicides","Eyes Driving",172
"Uncut Suicides","Creepers Kane",172
"Uncut Suicides","Connecticut Tramp",172
"Undefeated Dalmations","Wanda Chamber",107
"Undefeated Dalmations","Party Knock",107
"Undefeated Dalmations","Monster Spartacus",107
"Undefeated Dalmations","Intentions Empire",107
"Undefeated Dalmations","Hate Handicap",107
"Undefeated Dalmations","Hanky October",107
"Undefeated Dalmations","Effect Gladiator",107
"Undefeated Dalmations","Diary Panic",107
"Undefeated Dalmations","Chitty Lock",107
"Unfaithful Kill","Watch Tracy",78
"Unfaithful Kill","Voyage Legally",78
"Unfaithful Kill","Language Cowboy",78
"Unfaithful Kill","Insider Arizona",78
"Unfaithful Kill","Holiday Games",78
"Unforgiven Zoolander","Sleeping Suspects",129
"Unforgiven Zoolander","Outfield Massacre",129
"Unforgiven Zoolander","Music Boondock",129
"Unforgiven Zoolander","Gosford Donnie",129
"Unforgiven Zoolander","Barefoot Manchurian",129
"Unforgiven Zoolander","American Circus",129
"United Pilot","Virginian Pluto",164
"United Pilot","Mission Zoolander",164
"United Pilot","Clerks Angels",164
"Untouchables Sunrise","Rage Games",120
"Untouchables Sunrise","Order Betrayed",120
"Untouchables Sunrise","Lock Rear",120
"Untouchables Sunrise","Karate Moon",120
"Untouchables Sunrise","Dolls Rage",120
"Untouchables Sunrise","Dazed Punk",120
"Untouchables Sunrise","Command Darling",120
"Untouchables Sunrise","Calendar Gunfight",120
"Uprising Uptown","Vietnam Smoochy",174
"Uprising Uptown","Lights Deer",174
"Uprising Uptown","Jade Bunch",174
"Uprising Uptown","Italian African",174
"Uprising Uptown","Evolution Alter",174
"Uptown Young","Sling Luke",84
"Uptown Young","Savannah Town",84
"Uptown Young","Pluto Oleander",84
"Uptown Young","Packer Madigan",84
"Uptown Young","Jeepers Wedding",84
"Uptown Young","Island Exorcist",84
"Uptown Young","Idols Snatchers",84
"Uptown Young","Honey Ties",84
"Uptown Young","High Encino",84
"Uptown Young","Guys Falcon",84
"Uptown Young","Gone Trouble",84
"Uptown Young","Daisy Menagerie",84
"Usual Untouchables","Wars Pluto",128
"Usual Untouchables","Papi Necklace",128
"Usual Untouchables","Notorious Reunion",128
"Usual Untouchables","Jedi Beneath",128
"Usual Untouchables","Holes Brannigan",128
"Usual Untouchables","Galaxy Sweethearts",128
"Vacation Boondock","Videotape Arsenic",145
"Vacation Boondock","Run Pacific",145
"Vacation Boondock","Rocky War",145
"Vacation Boondock","Paycheck Wait",145
"Vacation Boondock","Nuts Ties",145
"Vacation Boondock","Floats Garden",145
"Valentine Vanishing","Sunset Racer",48
"Valentine Vanishing","Stepmom Dream",48
"Valentine Vanishing","Pelican Comforts",48
"Valentine Vanishing","Paradise Sabrina",48
"Valentine Vanishing","Odds Boogie",48
"Valentine Vanishing","Notting Speakeasy",48
"Valentine Vanishing","Midsummer Groundhog",48
"Valentine Vanishing","Rush Goodfellas",48
"Valentine Vanishing","Heaven Freedom",48
"Valentine Vanishing","Ace Goldfinger",48
"Valley Packer","Wake Jaws",73
"Valley Packer","Streetcar Intentions",73
"Valley Packer","Salute Apollo",73
"Valley Packer","Rebel Airport",73
"Valley Packer","Random Go",73
"Valley Packer","Musketeers Wait",73
"Valley Packer","Godfather Diary",73
"Valley Packer","Frida Slipper",73
"Valley Packer","Brotherhood Blanket",73
"Valley Packer","Bedazzled Married",73
"Valley Packer","Bright Encounters",73
"Vampire Whale","Wonderful Drop",126
"Vampire Whale","Women Dorado",126
"Vampire Whale","Sinners Atlantis",126
"Vampire Whale","Pajama Jawbreaker",126
"Vampire Whale","Montezuma Command",126
"Vampire Whale","Freaky Pocus",126
"Vampire Whale","Elephant Trojan",126
"Vampire Whale","Alamo Videotape",126
"Vanilla Day","Mighty Luck",122
"Vanilla Day","Illusion Amelie",122
"Vanilla Day","Hours Rage",122
"Vanilla Day","Extraordinary Conquerer",122
"Vanilla Day","Dogma Family",122
"Vanilla Day","Deceiver Betrayed",122
"Vanilla Day","Confused Candles",122
"Vanilla Day","Chicken Hellfighters",122
"Vanilla Day","Betrayed Rear",122
"Vanilla Day","Beach Heartbreakers",122
"Vanished Garden","Tracy Cider",142
"Vanished Garden","Tomorrow Hustler",142
"Vanished Garden","Million Ace",142
"Vanished Garden","Ferris Mother",142
"Vanished Garden","Chill Luck",142
"Vanished Garden","Bikini Borrowers",142
"Vanishing Rocky","Swarm Gold",123
"Vanishing Rocky","Reef Salute",123
"Vanishing Rocky","Mask Peach",123
"Vanishing Rocky","Insects Stone",123
"Vanishing Rocky","Flash Wars",123
"Vanishing Rocky","Breakfast Goldfinger",123
"Varsity Trip","Wonka Sea",85
"Varsity Trip","Window Side",85
"Varsity Trip","Wasteland Divine",85
"Varsity Trip","Stage World",85
"Varsity Trip","Oz Liaisons",85
"Varsity Trip","Lola Agent",85
"Varsity Trip","Grail Frankenstein",85
"Varsity Trip","Ghost Groundhog",85
"Varsity Trip","Ending Crowds",85
"Varsity Trip","Egypt Tenenbaums",85
"Varsity Trip","Earth Vision",85
"Varsity Trip","Casablanca Super",85
"Varsity Trip","Canyon Stock",85
"Varsity Trip","Blackout Private",85
"Varsity Trip","Beverly Outlaw",85
"Varsity Trip","Amistad Midsummer",85
"Velvet Terminator","Talented Homicide",173
"Velvet Terminator","Pizza Jumanji",173
"Velvet Terminator","Gladiator Westward",173
"Velvet Terminator","Fire Wolves",173
"Velvet Terminator","Conquerer Nuts",173
"Velvet Terminator","Ballroom Mockingbird",173
"Vertigo Northwest","Secret Groundhog",90
"Vertigo Northwest","Forward Temple",90
"Vertigo Northwest","Circus Youth",90
"Vertigo Northwest","Basic Easy",90
"Victory Academy","Trip Newton",64
"Victory Academy","Taxi Kick",64
"Victory Academy","Sleepless Monsoon",64
"Victory Academy","Novocaine Flight",64
"Victory Academy","Mile Mulan",64
"Victory Academy","Metropolis Coma",64
"Victory Academy","Desert Poseidon",64
"Victory Academy","Craft Outfield",64
"Videotape Arsenic","Vacation Boondock",145
"Videotape Arsenic","Run Pacific",145
"Videotape Arsenic","Rocky War",145
"Videotape Arsenic","Paycheck Wait",145
"Videotape Arsenic","Nuts Ties",145
"Videotape Arsenic","Floats Garden",145
"Vietnam Smoochy","Uprising Uptown",174
"Vietnam Smoochy","Lights Deer",174
"Vietnam Smoochy","Jade Bunch",174
"Vietnam Smoochy","Italian African",174
"Vietnam Smoochy","Evolution Alter",174
"Villain Desperate","Orange Grapes",76
"Villain Desperate","Haunted Antitrust",76
"Villain Desperate","Destination Jerk",76
"Villain Desperate","Desire Alien",76
"Villain Desperate","Comforts Rush",76
"Villain Desperate","Boondock Ballroom",76
"Virgin Daisy","Youth Kick",179
"Virgin Daisy","Torque Bound",179
"Virgin Daisy","Texas Watch",179
"Virgin Daisy","Slacker Liaisons",179
"Virgin Daisy","Redemption Comforts",179
"Virgin Daisy","Potluck Mixed",179
"Virgin Daisy","Kick Savannah",179
"Virgin Daisy","Flight Lies",179
"Virgin Daisy","Cause Date",179
"Virgin Daisy","Born Spinal",179
"Virgin Daisy","Casualties Encino",179
"Virgin Daisy","Anonymous Human",179
"Virginian Pluto","United Pilot",164
"Virginian Pluto","Mission Zoolander",164
"Virginian Pluto","Clerks Angels",164
"Virtual Spoilers","Towers Hurricane",144
"Virtual Spoilers","Strictly Scarface",144
"Virtual Spoilers","President Bang",144
"Virtual Spoilers","Pacific Amistad",144
"Virtual Spoilers","Lambs Cincinatti",144
"Virtual Spoilers","Factory Dragon",144
"Virtual Spoilers","Dancing Fever",144
"Vision Torque","Whisperer Giant",59
"Vision Torque","Minority Kiss",59
"Vision Torque","Legend Jedi",59
"Vision Torque","Jet Neighbors",59
"Vision Torque","Interview Liaisons",59
"Vision Torque","Heartbreakers Bright",59
"Vision Torque","Daughter Madigan",59
"Vision Torque","Commandments Express",59
"Voice Peach","Worker Tarzan",139
"Voice Peach","Traffic Hobbit",139
"Voice Peach","Stranger Strangers",139
"Voice Peach","Shrunk Divine",139
"Voice Peach","Horror Reign",139
"Voice Peach","Hope Tootsie",139
"Voice Peach","Groundhog Uncut",139
"Voice Peach","Dorado Notting",139
"Voice Peach","Creatures Shakespeare",139
"Voice Peach","Clyde Theory",139
"Volcano Texas","Tootsie Pilot",157
"Volcano Texas","Past Suicides",157
"Volcano Texas","Mulholland Beast",157
"Volcano Texas","Independence Hotel",157
"Volcano Texas","Hobbit Alien",157
"Volume House","Trainspotting Strangers",132
"Volume House","Streak Ridgemont",132
"Volume House","Sky Miracle",132
"Volume House","Platoon Instinct",132
"Volume House","Necklace Outbreak",132
"Volume House","Dude Blindness",132
"Volume House","Chocolate Duck",132
"Voyage Legally","Watch Tracy",78
"Voyage Legally","Unfaithful Kill",78
"Voyage Legally","Language Cowboy",78
"Voyage Legally","Insider Arizona",78
"Voyage Legally","Holiday Games",78
"Wagon Jaws","Twisted Pirates",152
"Wagon Jaws","Tuxedo Mile",152
"Wagon Jaws","Tourist Pelican",152
"Wagon Jaws","Telemark Heartbreakers",152
"Wagon Jaws","Sister Freddy",152
"Wagon Jaws","Luck Opus",152
"Wagon Jaws","Elizabeth Shane",152
"Wagon Jaws","Center Dinosaur",152
"Wait Cider","Watership Frontier",112
"Wait Cider","Stagecoach Armageddon",112
"Wait Cider","Spy Mile",112
"Wait Cider","Seabiscuit Punk",112
"Wait Cider","Quills Bull",112
"Wait Cider","Jaws Harry",112
"Wait Cider","Forrester Comancheros",112
"Wait Cider","Crusade Honey",112
"Wait Cider","Crowds Telemark",112
"Wait Cider","Conversation Downhill",112
"Wait Cider","Coneheads Smoochy",112
"Wait Cider","Cat Coneheads",112
"Wake Jaws","Valley Packer",73
"Wake Jaws","Streetcar Intentions",73
"Wake Jaws","Salute Apollo",73
"Wake Jaws","Rebel Airport",73
"Wake Jaws","Random Go",73
"Wake Jaws","Musketeers Wait",73
"Wake Jaws","Godfather Diary",73
"Wake Jaws","Frida Slipper",73
"Wake Jaws","Brotherhood Blanket",73
"Wake Jaws","Bedazzled Married",73
"Wake Jaws","Bright Encounters",73
"Walls Artist","Thief Pelican",135
"Walls Artist","Sunrise League",135
"Walls Artist","Sierra Divide",135
"Walls Artist","Money Harold",135
"Walls Artist","Japanese Run",135
"Walls Artist","Indian Love",135
"Walls Artist","Grease Youth",135
"Walls Artist","Dream Pickup",135
"Walls Artist","Candles Grapes",135
"Wanda Chamber","Undefeated Dalmations",107
"Wanda Chamber","Party Knock",107
"Wanda Chamber","Monster Spartacus",107
"Wanda Chamber","Intentions Empire",107
"Wanda Chamber","Hate Handicap",107
"Wanda Chamber","Hanky October",107
"Wanda Chamber","Effect Gladiator",107
"Wanda Chamber","Diary Panic",107
"Wanda Chamber","Chitty Lock",107
"War Notting","Turn Star",80
"War Notting","Shawshank Bubble",80
"War Notting","Sea Virgin",80
"War Notting","Saddle Antitrust",80
"War Notting","Peak Forever",80
"War Notting","Meet Chocolate",80
"War Notting","Loser Hustler",80
"War Notting","Garden Island",80
"War Notting","Flamingos Connecticut",80
"Wardrobe Phantom","Wrong Behavior",178
"Wardrobe Phantom","Rocketeer Mother",178
"Wardrobe Phantom","Name Detective",178
"Wardrobe Phantom","Madness Attacks",178
"Wardrobe Phantom","Innocent Usual",178
"Wardrobe Phantom","Image Princess",178
"Wardrobe Phantom","Fury Murder",178
"Wardrobe Phantom","Express Lonely",178
"Wardrobe Phantom","Drop Waterfront",178
"Warlock Werewolf","None Spiking",83
"Warlock Werewolf","Moon Bunch",83
"Warlock Werewolf","Hustler Party",83
"Warlock Werewolf","Fugitive Maguire",83
"Warlock Werewolf","Attraction Newton",83
"Wars Pluto","Usual Untouchables",128
"Wars Pluto","Papi Necklace",128
"Wars Pluto","Notorious Reunion",128
"Wars Pluto","Jedi Beneath",128
"Wars Pluto","Holes Brannigan",128
"Wars Pluto","Galaxy Sweethearts",128
"Wash Heavenly","Oleander Clue",161
"Wash Heavenly","Neighbors Charade",161
"Wash Heavenly","Metal Armageddon",161
"Wash Heavenly","Massage Image",161
"Wash Heavenly","Killer Innocent",161
"Wash Heavenly","Gables Metropolis",161
"Wash Heavenly","Daddy Pittsburgh",161
"Wash Heavenly","Brooklyn Desert",161
"Wasteland Divine","Wonka Sea",85
"Wasteland Divine","Window Side",85
"Wasteland Divine","Varsity Trip",85
"Wasteland Divine","Stage World",85
"Wasteland Divine","Oz Liaisons",85
"Wasteland Divine","Lola Agent",85
"Wasteland Divine","Grail Frankenstein",85
"Wasteland Divine","Ghost Groundhog",85
"Wasteland Divine","Ending Crowds",85
"Wasteland Divine","Egypt Tenenbaums",85
"Wasteland Divine","Earth Vision",85
"Wasteland Divine","Casablanca Super",85
"Wasteland Divine","Canyon Stock",85
"Wasteland Divine","Blackout Private",85
"Wasteland Divine","Beverly Outlaw",85
"Wasteland Divine","Amistad Midsummer",85
"Watch Tracy","Voyage Legally",78
"Watch Tracy","Unfaithful Kill",78
"Watch Tracy","Language Cowboy",78
"Watch Tracy","Insider Arizona",78
"Watch Tracy","Holiday Games",78
"Waterfront Deliverance","Trouble Date",61
"Waterfront Deliverance","Reservoir Adaptation",61
"Waterfront Deliverance","Polish Brooklyn",61
"Waterfront Deliverance","Drifter Commandments",61
"Waterfront Deliverance","Chinatown Gladiator",61
"Waterfront Deliverance","Cassidy Wyoming",61
"Waterfront Deliverance","Camelot Vacation",61
"Waterfront Deliverance","Bulworth Commandments",61
"Waterfront Deliverance","Birds Perdition",61
"Watership Frontier","Wait Cider",112
"Watership Frontier","Stagecoach Armageddon",112
"Watership Frontier","Spy Mile",112
"Watership Frontier","Seabiscuit Punk",112
"Watership Frontier","Quills Bull",112
"Watership Frontier","Jaws Harry",112
"Watership Frontier","Forrester Comancheros",112
"Watership Frontier","Crusade Honey",112
"Watership Frontier","Crowds Telemark",112
"Watership Frontier","Conversation Downhill",112
"Watership Frontier","Coneheads Smoochy",112
"Watership Frontier","Cat Coneheads",112
"Wedding Apollo","Louisiana Harry",70
"Wedding Apollo","Gunfight Moon",70
"Wedding Apollo","Coldblooded Darling",70
"Wedding Apollo","Clue Grail",70
"Wedding Apollo","Chance Resurrection",70
"Wedding Apollo","Candidate Perdition",70
"Weekend Personal","Splendor Patton",134
"Weekend Personal","Robbery Bright",134
"Weekend Personal","Pittsburgh Hunchback",134
"Weekend Personal","Jungle Closer",134
"Werewolf Lola","Spiking Element",79
"Werewolf Lola","Shock Cabin",79
"Werewolf Lola","Moulin Wake",79
"Werewolf Lola","Ishtar Rocketeer",79
"Werewolf Lola","Amelie Hellfighters",79
"West Lion","Poseidon Forever",159
"West Lion","Newsies Story",159
"West Lion","Malkovich Pet",159
"West Lion","Frankenstein Stranger",159
"West Lion","Driver Annie",159
"Westward Seabiscuit","Trojan Tomorrow",52
"Westward Seabiscuit","Spartacus Cheaper",52
"Westward Seabiscuit","Side Ark",52
"Westward Seabiscuit","Lust Lock",52
"Westward Seabiscuit","Harper Dying",52
"Westward Seabiscuit","Caddyshack Jedi",52
"Whale Bikini","Secrets Paradise",109
"Whale Bikini","Rugrats Shakespeare",109
"Whale Bikini","Park Citizen",109
"Whale Bikini","Panther Reds",109
"Whale Bikini","House Dynamite",109
"Whale Bikini","Coma Head",109
"Whisperer Giant","Vision Torque",59
"Whisperer Giant","Minority Kiss",59
"Whisperer Giant","Legend Jedi",59
"Whisperer Giant","Jet Neighbors",59
"Whisperer Giant","Interview Liaisons",59
"Whisperer Giant","Heartbreakers Bright",59
"Whisperer Giant","Daughter Madigan",59
"Whisperer Giant","Commandments Express",59
"Wife Turn","Young Language",183
"Wife Turn","Scalawag Duck",183
"Wife Turn","Frontier Cabin",183
"Wife Turn","Catch Amistad",183
"Wild Apollo","Star Operation",181
"Wild Apollo","Runaway Tenenbaums",181
"Wild Apollo","Love Suicides",181
"Wild Apollo","Lawless Vision",181
"Wild Apollo","Jacket Frisco",181
"Wild Apollo","Intrigue Worst",181
"Wild Apollo","Hotel Happiness",181
"Wild Apollo","Haunting Pianist",181
"Wild Apollo","Analyze Hoosiers",181
"Willow Tracy","Sleepy Japanese",137
"Willow Tracy","Scorpion Apollo",137
"Willow Tracy","Pollock Deliverance",137
"Willow Tracy","Philadelphia Wife",137
"Willow Tracy","Lose Inch",137
"Willow Tracy","Life Twisted",137
"Willow Tracy","Grit Clockwork",137
"Willow Tracy","Arsenic Independence",137
"Wind Phantom","Wonderland Christmas",111
"Wind Phantom","Ties Hunger",111
"Wind Phantom","Suit Walls",111
"Wind Phantom","Siege Madre",111
"Wind Phantom","Groove Fiction",111
"Wind Phantom","Frogmen Breaking",111
"Window Side","Wonka Sea",85
"Window Side","Wasteland Divine",85
"Window Side","Varsity Trip",85
"Window Side","Stage World",85
"Window Side","Oz Liaisons",85
"Window Side","Lola Agent",85
"Window Side","Grail Frankenstein",85
"Window Side","Ghost Groundhog",85
"Window Side","Ending Crowds",85
"Window Side","Egypt Tenenbaums",85
"Window Side","Earth Vision",85
"Window Side","Casablanca Super",85
"Window Side","Canyon Stock",85
"Window Side","Blackout Private",85
"Window Side","Beverly Outlaw",85
"Window Side","Amistad Midsummer",85
"Wisdom Worker","Sensibility Rear",98
"Wisdom Worker","Prejudice Oleander",98
"Wisdom Worker","Madre Gables",98
"Wisdom Worker","Lost Bird",98
"Wisdom Worker","Feud Frogmen",98
"Wisdom Worker","Earring Instinct",98
"Wisdom Worker","Bound Cheaper",98
"Witches Panic","Wyoming Storm",100
"Witches Panic","Punk Divorce",100
"Witches Panic","Pirates Roxanne",100
"Witches Panic","Hyde Doctor",100
"Witches Panic","Happiness United",100
"Witches Panic","Gun Bonnie",100
"Witches Panic","Flatliners Killer",100
"Witches Panic","Divine Resurrection",100
"Witches Panic","Deliverance Mulholland",100
"Witches Panic","Bilko Anonymous",100
"Witches Panic","Behavior Runaway",100
"Wizard Coldblooded","Stampede Disturbing",75
"Wizard Coldblooded","Satisfaction Confidential",75
"Wizard Coldblooded","Newton Labyrinth",75
"Wizard Coldblooded","Network Peak",75
"Wizard Coldblooded","Lover Truman",75
"Wizard Coldblooded","Hellfighters Sierra",75
"Wizard Coldblooded","Fiddler Lost",75
"Wizard Coldblooded","California Birds",75
"Wizard Coldblooded","Balloon Homeward",75
"Wolves Desire","Coast Rainbow",55
"Women Dorado","Wonderful Drop",126
"Women Dorado","Vampire Whale",126
"Women Dorado","Sinners Atlantis",126
"Women Dorado","Pajama Jawbreaker",126
"Women Dorado","Montezuma Command",126
"Women Dorado","Freaky Pocus",126
"Women Dorado","Elephant Trojan",126
"Women Dorado","Alamo Videotape",126
"Won Dares","Zhivago Core",105
"Won Dares","Mob Duffel",105
"Won Dares","Microcosmos Paradise",105
"Won Dares","Joon Northwest",105
"Won Dares","Hunger Roof",105
"Wonderful Drop","Women Dorado",126
"Wonderful Drop","Vampire Whale",126
"Wonderful Drop","Sinners Atlantis",126
"Wonderful Drop","Pajama Jawbreaker",126
"Wonderful Drop","Montezuma Command",126
"Wonderful Drop","Freaky Pocus",126
"Wonderful Drop","Elephant Trojan",126
"Wonderful Drop","Alamo Videotape",126
"Wonderland Christmas","Wind Phantom",111
"Wonderland Christmas","Ties Hunger",111
"Wonderland Christmas","Suit Walls",111
"Wonderland Christmas","Siege Madre",111
"Wonderland Christmas","Groove Fiction",111
"Wonderland Christmas","Frogmen Breaking",111
"Wonka Sea","Window Side",85
"Wonka Sea","Wasteland Divine",85
"Wonka Sea","Varsity Trip",85
"Wonka Sea","Stage World",85
"Wonka Sea","Oz Liaisons",85
"Wonka Sea","Lola Agent",85
"Wonka Sea","Grail Frankenstein",85
"Wonka Sea","Ghost Groundhog",85
"Wonka Sea","Ending Crowds",85
"Wonka Sea","Egypt Tenenbaums",85
"Wonka Sea","Earth Vision",85
"Wonka Sea","Casablanca Super",85
"Wonka Sea","Canyon Stock",85
"Wonka Sea","Blackout Private",85
"Wonka Sea","Beverly Outlaw",85
"Wonka Sea","Amistad Midsummer",85
"Words Hunter","Madigan Dorado",116
"Words Hunter","Instinct Airport",116
"Words Hunter","Duck Racer",116
"Worker Tarzan","Voice Peach",139
"Worker Tarzan","Traffic Hobbit",139
"Worker Tarzan","Stranger Strangers",139
"Worker Tarzan","Shrunk Divine",139
"Worker Tarzan","Horror Reign",139
"Worker Tarzan","Hope Tootsie",139
"Worker Tarzan","Groundhog Uncut",139
"Worker Tarzan","Dorado Notting",139
"Worker Tarzan","Creatures Shakespeare",139
"Worker Tarzan","Clyde Theory",139
"Working Microcosmos","Teen Apollo",74
"Working Microcosmos","Snatchers Montezuma",74
"Working Microcosmos","Silverado Goldfinger",74
"Working Microcosmos","Rainbow Shock",74
"Working Microcosmos","Pearl Destiny",74
"Working Microcosmos","Modern Dorado",74
"Working Microcosmos","Maguire Apache",74
"Working Microcosmos","Luke Mummy",74
"Working Microcosmos","Jumping Wrath",74
"Working Microcosmos","Informer Double",74
"Working Microcosmos","Angels Life",74
"World Leathernecks","Tramp Others",171
"World Leathernecks","Roxanne Rebel",171
"World Leathernecks","Moonshine Cabin",171
"World Leathernecks","Magnolia Forrester",171
"World Leathernecks","Kramer Chocolate",171
"World Leathernecks","Jericho Mulan",171
"World Leathernecks","Duffel Apocalypse",171
"Worst Banger","Sweet Brotherhood",185
"Worst Banger","Soldiers Evolution",185
"Worst Banger","Pond Seattle",185
"Worst Banger","Muscle Bright",185
"Worst Banger","Home Pity",185
"Worst Banger","Gangs Pride",185
"Worst Banger","Darn Forrester",185
"Worst Banger","Control Anthem",185
"Worst Banger","Chicago North",185
"Wrath Mile","Sweden Shining",176
"Wrath Mile","Hoosiers Birdcage",176
"Wrath Mile","Greek Everyone",176
"Wrath Mile","Gathering Calendar",176
"Wrath Mile","Entrapment Satisfaction",176
"Wrath Mile","Dracula Crystal",176
"Wrath Mile","Cyclone Family",176
"Wrath Mile","Caper Motions",176
"Wrath Mile","Braveheart Human",176
"Wrong Behavior","Wardrobe Phantom",178
"Wrong Behavior","Rocketeer Mother",178
"Wrong Behavior","Name Detective",178
"Wrong Behavior","Madness Attacks",178
"Wrong Behavior","Innocent Usual",178
"Wrong Behavior","Image Princess",178
"Wrong Behavior","Fury Murder",178
"Wrong Behavior","Express Lonely",178
"Wrong Behavior","Drop Waterfront",178
"Wyoming Storm","Witches Panic",100
"Wyoming Storm","Punk Divorce",100
"Wyoming Storm","Pirates Roxanne",100
"Wyoming Storm","Hyde Doctor",100
"Wyoming Storm","Happiness United",100
"Wyoming Storm","Gun Bonnie",100
"Wyoming Storm","Flatliners Killer",100
"Wyoming Storm","Divine Resurrection",100
"Wyoming Storm","Deliverance Mulholland",100
"Wyoming Storm","Bilko Anonymous",100
"Wyoming Storm","Behavior Runaway",100
"Yentl Idaho","Midnight Westward",86
"Yentl Idaho","Gandhi Kwai",86
"Yentl Idaho","Annie Identity",86
"Yentl Idaho","Academy Dinosaur",86
"Young Language","Wife Turn",183
"Young Language","Scalawag Duck",183
"Young Language","Frontier Cabin",183
"Young Language","Catch Amistad",183
"Youth Kick","Virgin Daisy",179
"Youth Kick","Torque Bound",179
"Youth Kick","Texas Watch",179
"Youth Kick","Slacker Liaisons",179
"Youth Kick","Redemption Comforts",179
"Youth Kick","Potluck Mixed",179
"Youth Kick","Kick Savannah",179
"Youth Kick","Flight Lies",179
"Youth Kick","Cause Date",179
"Youth Kick","Born Spinal",179
"Youth Kick","Casualties Encino",179
"Youth Kick","Anonymous Human",179
"Zhivago Core","Won Dares",105
"Zhivago Core","Mob Duffel",105
"Zhivago Core","Microcosmos Paradise",105
"Zhivago Core","Joon Northwest",105
"Zhivago Core","Hunger Roof",105
"Zoolander Fiction","Runner Madigan",101
"Zoolander Fiction","Roof Champion",101
"Zoolander Fiction","Ghostbusters Elf",101
"Zoolander Fiction","Dwarfs Alter",101
"Zoolander Fiction","Cider Desire",101
"Zoolander Fiction","Chocolat Harry",101
"Zorro Ark","Smoking Barbarella",50
"Zorro Ark","Pilot Hoosiers",50
"Zorro Ark","Natural Stock",50
"Zorro Ark","Muppet Mile",50
"Zorro Ark","Lion Uncut",50
"Zorro Ark","Crossing Divorce",50
"Zorro Ark","Blues Instinct",50
"Zorro Ark","Adaptation Holes",50
