"payment_id","amount"
17506,2.99
17507,7.99
17508,5.99
17509,5.99
17510,5.99
17511,2.99
17512,4.99
17513,6.99
17514,0.99
17515,0.99
17516,6.99
17517,8.99
17518,0.99
17519,3.99
17520,4.99
17521,0.99
17522,0.99
17523,4.99
17524,0.99
17525,4.99
17526,5.99
17527,2.99
17528,2.99
17529,8.99
17530,0.99
17531,4.99
17532,8.99
17533,7.99
17534,2.99
17535,8.99
17536,0.99
17537,2.99
17538,0.99
17539,6.99
17540,8.99
17541,3.99
17542,0.99
17543,2.99
17544,0.99
17545,5.99
17546,0.99
17547,2.99
17548,0.99
17549,4.99
17550,4.99
17551,4.99
17552,4.99
17553,2.99
17554,7.99
17555,6.99
17556,0.99
17557,4.99
17558,6.99
17559,2.99
17560,0.99
17561,2.99
17562,0.99
17563,2.99
17564,4.99
17565,5.99
17566,1.99
17567,1.99
17568,6.99
17569,2.99
17570,0.99
17571,5.99
17572,2.99
17573,2.99
17574,2.99
17575,4.99
17576,1.99
17577,0.99
17578,4.99
17579,0.99
17580,6.99
17581,3.99
17582,6.99
17583,4.99
17584,1.99
17585,2.99
17586,2.99
17587,2.99
17588,2.99
17589,2.99
17590,2.99
17591,2.99
17592,4.99
17593,4.99
17594,4.99
17595,4.99
17596,2.99
17597,2.99
17598,2.99
17599,4.99
17600,4.99
17601,3.99
17602,1.99
17603,6.99
17604,4.99
17605,2.99
17606,0.99
17607,1.99
17608,0.99
17609,0.99
17610,0.99
17611,9.99
17612,4.99
17613,4.99
17614,4.99
17615,4.99
17616,0.99
17617,6.99
17618,2.99
17619,1.99
17620,6.99
17621,5.99
17622,0.99
17623,3.99
17624,0.99
17625,2.99
17626,4.99
17627,3.99
17628,6.99
17629,2.99
17630,1.99
17631,1.99
17632,4.99
17633,2.99
17634,2.99
17635,5.99
17636,4.99
17637,0.99
17638,0.99
17639,3.99
17640,1.99
17641,0.99
17642,2.99
17643,4.99
17644,4.99
17645,5.99
17646,7.99
17647,4.99
17648,8.99
17649,5.99
17650,2.99
17651,3.99
17652,2.99
17653,3.99
17654,2.99
17655,4.99
17656,1.99
17657,1.99
17658,4.99
17659,3.99
17660,1.99
17661,2.99
17662,4.99
17663,2.99
17664,0.99
17665,4.99
17666,1.99
17667,2.99
17668,4.99
17669,7.99
17670,2.99
17671,2.99
17672,2.99
17673,7.99
17674,2.99
17675,0.99
17676,0.99
17677,7.99
17678,5.99
17679,3.99
17680,9.99
17681,4.99
17682,2.99
17683,0.99
17684,0.99
17685,3.99
17686,2.99
17687,5.99
17688,0.99
17689,2.99
17690,0.99
17691,0.99
17692,0.99
17693,0.99
17694,5.99
17695,4.99
17696,6.99
17697,0.99
17698,5.99
17699,4.99
17700,7.99
17701,4.99
17702,4.99
17703,3.99
17704,5.99
17705,2.99
17706,2.99
17707,7.99
17708,5.99
17709,0.99
17710,0.99
17711,2.99
17712,2.99
17713,2.99
17714,6.99
17715,2.99
17716,2.99
17717,4.99
17718,6.99
17719,1.99
17720,2.99
17721,4.99
17722,2.99
17723,4.99
17724,0.99
17725,0.99
17726,0.99
17727,4.99
17728,0.99
17729,6.99
17730,1.99
17731,4.99
17732,6.99
17733,5.99
17734,1.99
17735,2.99
17736,6.99
17737,9.99
17738,2.99
17739,5.99
17740,0.99
17741,3.99
17742,6.99
17743,4.99
17744,4.99
17745,2.99
17746,4.99
17747,8.99
17748,3.99
17749,4.99
17750,6.99
17751,5.99
17752,2.99
17753,4.99
17754,4.99
17755,2.99
17756,4.99
17757,0.99
17758,5.99
17759,3.99
17760,4.99
17761,5.99
17762,4.99
17763,3.99
17764,2.99
17765,0.99
17766,0.99
17767,7.99
17768,4.99
17769,2.99
17770,0.99
17771,4.99
17772,2.99
17773,2.99
17774,5.99
17775,8.99
17776,2.99
17777,2.99
17778,4.99
17779,5.99
17780,0.99
17781,4.99
17782,0.99
17783,2.99
17784,0.99
17785,2.99
17786,5.99
17787,4.99
17788,4.99
17789,9.99
17790,5.99
17791,4.99
17792,2.99
17793,2.99
17794,4.99
17795,0.99
17796,2.99
17797,0.99
17798,3.99
17799,2.99
17800,2.99
17801,2.99
17802,2.99
17803,3.99
17804,0.99
17805,0.99
17806,4.99
17807,2.99
17808,4.99
17809,0.99
17810,4.99
17811,2.99
17812,5.99
17813,3.99
17814,0.99
17815,6.99
17816,6.99
17817,8.99
17818,4.99
17819,6.99
17820,0.99
17821,6.99
17822,6.99
17823,7.99
17824,2.99
17825,0.99
17826,0.99
17827,5.99
17828,3.99
17829,5.99
17830,1.99
17831,0.99
17832,3.99
17833,2.99
17834,3.99
17835,2.99
17836,0.99
17837,5.99
17838,2.99
17839,7.99
17840,2.99
17841,0.99
17842,2.99
17843,2.99
17844,6.99
17845,0.99
17846,0.99
17847,2.99
17848,4.99
17849,3.99
17850,4.99
17851,2.99
17852,6.99
17853,8.99
17854,5.99
17855,2.99
17856,4.99
17857,0.99
17858,5.99
17859,7.99
17860,3.99
17861,3.99
17862,2.99
17863,2.99
17864,0.99
17865,0.99
17866,9.99
17867,5.99
17868,2.99
17869,2.99
17870,4.99
17871,0.99
17872,0.99
17873,4.99
17874,4.99
17875,0.99
17876,4.99
17877,0.99
17878,4.99
17879,2.99
17880,2.99
17881,6.99
17882,4.99
17883,4.99
17884,5.99
17885,0.99
17886,8.99
17887,2.99
17888,2.99
17889,0.99
17890,3.99
17891,1.99
17892,4.99
17893,7.99
17894,5.99
17895,4.99
17896,3.99
17897,6.99
17898,0.99
17899,2.99
17900,0.99
17901,0.99
17902,2.99
17903,4.99
17904,4.99
17905,5.99
17906,7.99
17907,0.99
17908,3.99
17909,5.99
17910,4.99
17911,0.99
17912,2.99
17913,4.99
17914,0.99
17915,2.99
17916,0.99
17917,4.99
17918,2.99
17919,4.99
17920,0.99
17921,0.99
17922,6.99
17923,1.99
17924,3.99
17925,0.99
17926,6.99
17927,4.99
17928,5.99
17929,3.99
17930,0.99
17931,4.99
17932,0.99
17933,0.99
17934,5.99
17935,7.99
17936,4.99
17937,4.99
17938,7.99
17939,1.99
17940,4.99
17941,5.99
17942,5.99
17943,2.99
17944,9.99
17945,2.99
17946,4.99
17947,1.99
17948,1.99
17949,2.99
17950,0.99
17951,2.99
17952,0.99
17953,5.99
17954,6.99
17955,4.99
17956,0.99
17957,2.99
17958,4.99
17959,0.99
17960,0.99
17961,7.99
17962,4.99
17963,3.99
17964,0.99
17965,2.99
17966,2.99
17967,5.99
17968,0.99
17969,0.99
17970,2.99
17971,4.99
17972,0.99
17973,4.99
17974,0.99
17975,9.99
17976,0.99
17977,5.99
17978,4.99
17979,5.99
17980,9.99
17981,4.99
17982,2.99
17983,4.99
17984,2.99
17985,4.99
17986,4.99
17987,2.99
17988,2.99
17989,4.99
17990,8.99
17991,0.99
17992,7.99
17993,8.99
17994,3.99
17995,4.99
17996,2.99
17997,8.99
17998,4.99
17999,9.99
18000,6.99
18001,2.99
18002,8.99
18003,2.99
18004,2.99
18005,4.99
18006,0.99
18007,0.99
18008,9.99
18009,0.99
18010,0.99
18011,7.99
18012,4.99
18013,2.99
18014,2.99
18015,4.99
18016,4.99
18017,4.99
18018,6.99
18019,5.99
18020,0.99
18021,4.99
18022,0.99
18023,0.99
18024,2.99
18025,4.99
18026,4.99
18027,8.99
18028,7.99
18029,3.99
18030,0.99
18031,4.99
18032,2.99
18033,6.99
18034,2.99
18035,10.99
18036,4.99
18037,0.99
18038,4.99
18039,6.99
18040,8.99
18041,4.99
18042,4.99
18043,2.99
18044,3.99
18045,2.99
18046,3.99
18047,2.99
18048,6.99
18049,0.99
18050,0.99
18051,2.99
18052,4.99
18053,4.99
18054,0.99
18055,2.99
18056,0.99
18057,4.99
18058,0.99
18059,8.99
18060,3.99
18061,3.99
18062,4.99
18063,5.99
18064,2.99
18065,8.99
18066,4.99
18067,5.99
18068,2.99
18069,2.99
18070,3.99
18071,3.99
18072,5.99
18073,3.99
18074,0.99
18075,7.99
18076,4.99
18077,3.99
18078,2.99
18079,4.99
18080,4.99
18081,4.99
18082,4.99
18083,4.99
18084,3.99
18085,1.99
18086,4.99
18087,4.99
18088,9.99
18089,3.99
18090,4.99
18091,0.99
18092,2.99
18093,2.99
18094,2.99
18095,4.99
18096,7.99
18097,3.99
18098,2.99
18099,8.99
18100,5.99
18101,2.99
18102,4.99
18103,6.99
18104,2.99
18105,2.99
18106,4.99
18107,0.99
18108,0.99
18109,2.99
18110,4.99
18111,4.99
18112,1.99
18113,5.99
18114,5.99
18115,3.99
18116,6.99
18117,2.99
18118,5.99
18119,7.99
18120,7.99
18121,0.99
18122,0.99
18123,4.99
18124,2.99
18125,0.99
18126,1.99
18127,6.99
18128,5.99
18129,4.99
18130,7.99
18131,5.99
18132,6.99
18133,2.99
18134,0.99
18135,9.99
18136,6.99
18137,4.99
18138,4.99
18139,4.99
18140,4.99
18141,2.99
18142,4.99
18143,5.99
18144,0.99
18145,0.99
18146,8.99
18147,0.99
18148,0.99
18149,8.99
18150,5.99
18151,2.99
18152,2.99
18153,10.99
18154,4.99
18155,6.99
18156,4.99
18157,2.99
18158,2.99
18159,7.99
18160,1.99
18161,4.99
18162,3.99
18163,0.99
18164,0.99
18165,2.99
18166,0.99
18167,4.99
18168,5.99
18169,4.99
18170,4.99
18171,0.99
18172,3.99
18173,4.99
18174,1.99
18175,10.99
18176,0.99
18177,0.99
18178,2.99
18179,4.99
18180,8.99
18181,4.99
18182,2.99
18183,0.99
18184,5.99
18185,0.99
18186,2.99
18187,8.99
18188,5.99
18189,0.99
18190,6.99
18191,4.99
18192,0.99
18193,0.99
18194,3.99
18195,8.99
18196,2.99
18197,0.99
18198,6.99
18199,8.99
18200,7.99
18201,0.99
18202,1.99
18203,4.99
18204,2.99
18205,2.99
18206,4.99
18207,0.99
18208,7.99
18209,2.99
18210,2.99
18211,4.99
18212,2.99
18213,6.99
18214,6.99
18215,2.99
18216,0.99
18217,0.99
18218,2.99
18219,2.99
18220,4.99
18221,1.99
18222,0.99
18223,0.99
18224,1.99
18225,0.99
18226,2.99
18227,2.99
18228,4.99
18229,3.99
18230,5.99
18231,0.99
18232,0.99
18233,2.99
18234,6.99
18235,0.99
18236,4.99
18237,2.99
18238,0.99
18239,1.99
18240,4.99
18241,4.99
18242,4.99
18243,4.99
18244,2.99
18245,2.99
18246,2.99
18247,2.99
18248,8.99
18249,8.99
18250,5.99
18251,4.99
18252,4.99
18253,2.99
18254,3.99
18255,0.99
18256,4.99
18257,2.99
18258,4.99
18259,2.99
18260,3.99
18261,3.99
18262,2.99
18263,6.99
18264,4.99
18265,10.99
18266,4.99
18267,2.99
18268,4.99
18269,2.99
18270,5.99
18271,1.99
18272,10.99
18273,0.99
18274,2.99
18275,2.99
18276,1.99
18277,0.99
18278,3.99
18279,5.99
18280,8.99
18281,1.99
18282,2.99
18283,0.99
18284,2.99
18285,6.99
18286,3.99
18287,4.99
18288,2.99
18289,9.99
18290,10.99
18291,4.99
18292,3.99
18293,0.99
18294,4.99
18295,3.99
18296,8.99
18297,6.99
18298,4.99
18299,6.99
18300,2.99
18301,6.99
18302,1.99
18303,6.99
18304,5.99
18305,0.99
18306,4.99
18307,6.99
18308,0.99
18309,6.99
18310,3.99
18311,4.99
18312,1.99
18313,4.99
18314,4.99
18315,10.99
18316,4.99
18317,0.99
18318,4.99
18319,1.99
18320,4.99
18321,1.99
18322,2.99
18323,2.99
18324,4.99
18325,4.99
18326,5.99
18327,0.99
18328,4.99
18329,4.99
18330,0.99
18331,3.99
18332,4.99
18333,3.99
18334,4.99
18335,4.99
18336,0.99
18337,2.99
18338,4.99
18339,5.99
18340,5.99
18341,5.99
18342,4.99
18343,0.99
18344,4.99
18345,4.99
18346,2.99
18347,4.99
18348,4.99
18349,0.99
18350,4.99
18351,1.99
18352,6.99
18353,5.99
18354,4.99
18355,4.99
18356,2.99
18357,5.99
18358,6.99
18359,3.99
18360,2.99
18361,4.99
18362,3.99
18363,4.99
18364,4.99
18365,2.99
18366,10.99
18367,10.99
18368,0.99
18369,0.99
18370,4.99
18371,5.99
18372,1.99
18373,7.99
18374,0.99
18375,5.99
18376,0.99
18377,0.99
18378,6.99
18379,2.99
18380,2.99
18381,4.99
18382,4.99
18383,2.99
18384,0.99
18385,8.99
18386,3.99
18387,4.99
18388,6.99
18389,3.99
18390,2.99
18391,6.99
18392,6.99
18393,4.99
18394,2.99
18395,5.99
18396,3.99
18397,2.99
18398,0.99
18399,3.99
18400,2.99
18401,4.99
18402,2.99
18403,7.99
18404,0.99
18405,3.99
18406,9.99
18407,4.99
18408,5.99
18409,3.99
18410,0.99
18411,3.99
18412,6.99
18413,0.99
18414,7.99
18415,0.99
18416,3.99
18417,2.99
18418,0.99
18419,2.99
18420,4.99
18421,2.99
18422,4.99
18423,2.99
18424,6.99
18425,7.99
18426,2.99
18427,3.99
18428,4.99
18429,4.99
18430,8.99
18431,8.99
18432,2.99
18433,7.99
18434,2.99
18435,2.99
18436,6.99
18437,9.99
18438,0.99
18439,2.99
18440,4.99
18441,6.99
18442,5.99
18443,2.99
18444,0.99
18445,7.99
18446,5.99
18447,4.99
18448,4.99
18449,4.99
18450,5.99
18451,4.99
18452,2.99
18453,6.99
18454,0.99
18455,1.99
18456,2.99
18457,4.99
18458,1.99
18459,1.99
18460,0.99
18461,4.99
18462,1.99
18463,2.99
18464,1.99
18465,6.99
18466,4.99
18467,6.99
18468,2.99
18469,4.99
18470,0.99
18471,0.99
18472,4.99
18473,2.99
18474,7.99
18475,2.99
18476,2.99
18477,7.99
18478,4.99
18479,7.99
18480,2.99
18481,4.99
18482,2.99
18483,4.99
18484,0.99
18485,5.99
18486,0.99
18487,5.99
18488,4.99
18489,3.99
18490,0.99
18491,5.99
18492,0.99
18493,2.99
18494,0.99
18495,5.99
18496,0.99
18497,9.99
18498,4.99
18499,4.99
18500,0.99
18501,3.99
18502,2.99
18503,8.99
18504,6.99
18505,6.99
18506,2.99
18507,4.99
18508,0.99
18509,2.99
18510,0.99
18511,0.99
18512,5.99
18513,3.99
18514,2.99
18515,4.99
18516,2.99
18517,4.99
18518,3.99
18519,2.99
18520,0.99
18521,0.99
18522,0.99
18523,2.99
18524,0.99
18525,4.99
18526,0.99
18527,2.99
18528,5.99
18529,4.99
18530,7.99
18531,4.99
18532,4.99
18533,4.99
18534,3.99
18535,0.99
18536,0.99
18537,6.99
18538,7.99
18539,0.99
18540,5.99
18541,5.99
18542,5.99
18543,4.99
18544,2.99
18545,0.99
18546,2.99
18547,4.99
18548,2.99
18549,8.99
18550,4.99
18551,2.99
18552,5.99
18553,0.99
18554,6.99
18555,7.99
18556,7.99
18557,0.99
18558,5.99
18559,8.99
18560,5.99
18561,5.99
18562,4.99
18563,5.99
18564,8.99
18565,2.99
18566,2.99
18567,2.99
18568,0.99
18569,3.99
18570,4.99
18571,4.99
18572,7.99
18573,4.99
18574,2.99
18575,4.99
18576,10.99
18577,2.99
18578,1.99
18579,0.99
18580,5.99
18581,4.99
18582,2.99
18583,2.99
18584,2.99
18585,4.99
18586,5.99
18587,7.99
18588,4.99
18589,2.99
18590,6.99
18591,8.99
18592,4.99
18593,4.99
18594,5.99
18595,4.99
18596,9.99
18597,3.99
18598,6.99
18599,4.99
18600,4.99
18601,4.99
18602,4.99
18603,2.99
18604,3.99
18605,2.99
18606,4.99
18607,1.99
18608,3.99
18609,2.99
18610,4.99
18611,3.99
18612,0.99
18613,0.99
18614,0.99
18615,0.99
18616,7.99
18617,2.99
18618,2.99
18619,2.99
18620,2.99
18621,1.99
18622,2.99
18623,4.99
18624,2.99
18625,4.99
18626,1.99
18627,0.99
18628,6.99
18629,7.99
18630,0.99
18631,0.99
18632,4.99
18633,2.99
18634,1.99
18635,0.99
18636,6.99
18637,0.99
18638,5.99
18639,1.99
18640,10.99
18641,8.99
18642,4.99
18643,5.99
18644,0.99
18645,0.99
18646,2.99
18647,4.99
18648,0.99
18649,2.99
18650,4.99
18651,0.99
18652,4.99
18653,1.99
18654,3.99
18655,2.99
18656,1.99
18657,1.99
18658,4.99
18659,3.99
18660,5.99
18661,4.99
18662,0.99
18663,4.99
18664,4.99
18665,4.99
18666,7.99
18667,2.99
18668,4.99
18669,0.99
18670,4.99
18671,7.99
18672,0.99
18673,2.99
18674,3.99
18675,4.99
18676,4.99
18677,3.99
18678,2.99
18679,3.99
18680,4.99
18681,4.99
18682,2.99
18683,4.99
18684,3.99
18685,0.99
18686,4.99
18687,4.99
18688,0.99
18689,2.99
18690,8.99
18691,4.99
18692,4.99
18693,4.99
18694,6.99
18695,5.99
18696,9.99
18697,0.99
18698,0.99
18699,9.99
18700,0.99
18701,6.99
18702,4.99
18703,2.99
18704,4.99
18705,0.99
18706,2.99
18707,1.99
18708,0.99
18709,4.99
18710,0.99
18711,2.99
18712,4.99
18713,0.99
18714,2.99
18715,2.99
18716,2.99
18717,0.99
18718,4.99
18719,2.99
18720,6.99
18721,4.99
18722,2.99
18723,2.99
18724,2.99
18725,4.99
18726,4.99
18727,6.99
18728,0.99
18729,4.99
18730,0.99
18731,5.99
18732,0.99
18733,4.99
18734,7.99
18735,0.99
18736,4.99
18737,0.99
18738,0.99
18739,2.99
18740,3.99
18741,3.99
18742,4.99
18743,4.99
18744,6.99
18745,0.99
18746,0.99
18747,4.99
18748,5.99
18749,0.99
18750,3.99
18751,0.99
18752,0.99
18753,2.99
18754,7.99
18755,4.99
18756,2.99
18757,2.99
18758,4.99
18759,2.99
18760,4.99
18761,3.99
18762,6.99
18763,3.99
18764,3.99
18765,0.99
18766,4.99
18767,5.99
18768,8.99
18769,2.99
18770,4.99
18771,2.99
18772,2.99
18773,4.99
18774,4.99
18775,2.99
18776,4.99
18777,5.99
18778,4.99
18779,0.99
18780,4.99
18781,1.99
18782,0.99
18783,1.99
18784,7.99
18785,4.99
18786,7.99
18787,4.99
18788,6.99
18789,4.99
18790,0.99
18791,6.99
18792,0.99
18793,1.99
18794,0.99
18795,0.99
18796,4.99
18797,3.99
18798,8.99
18799,2.99
18800,0.99
18801,2.99
18802,6.99
18803,7.99
18804,4.99
18805,2.99
18806,2.99
18807,8.99
18808,3.99
18809,1.99
18810,5.99
18811,4.99
18812,0.99
18813,0.99
18814,8.99
18815,8.99
18816,0.99
18817,5.99
18818,5.99
18819,3.99
18820,4.99
18821,0.99
18822,4.99
18823,0.99
18824,5.99
18825,0.99
18826,0.99
18827,1.99
18828,5.99
18829,0.99
18830,4.99
18831,1.99
18832,3.99
18833,4.99
18834,0.99
18835,2.99
18836,4.99
18837,4.99
18838,0.99
18839,4.99
18840,4.99
18841,2.99
18842,2.99
18843,4.99
18844,9.99
18845,2.99
18846,7.99
18847,2.99
18848,8.99
18849,7.99
18850,4.99
18851,0.99
18852,7.99
18853,0.99
18854,6.99
18855,0.99
18856,4.99
18857,3.99
18858,0.99
18859,2.99
18860,4.99
18861,0.99
18862,8.99
18863,4.99
18864,0.99
18865,2.99
18866,4.99
18867,3.99
18868,4.99
18869,2.99
18870,2.99
18871,1.99
18872,2.99
18873,0.99
18874,3.99
18875,7.99
18876,0.99
18877,0.99
18878,5.99
18879,0.99
18880,0.99
18881,2.99
18882,4.99
18883,0.99
18884,3.99
18885,5.99
18886,4.99
18887,0.99
18888,4.99
18889,4.99
18890,4.99
18891,2.99
18892,4.99
18893,3.99
18894,2.99
18895,6.99
18896,2.99
18897,8.99
18898,4.99
18899,0.99
18900,0.99
18901,0.99
18902,3.99
18903,0.99
18904,0.99
18905,2.99
18906,3.99
18907,3.99
18908,3.99
18909,4.99
18910,4.99
18911,2.99
18912,6.99
18913,4.99
18914,3.99
18915,3.99
18916,0.99
18917,0.99
18918,4.99
18919,2.99
18920,8.99
18921,2.99
18922,4.99
18923,2.99
18924,3.99
18925,6.99
18926,5.99
18927,5.99
18928,8.99
18929,6.99
18930,2.99
18931,1.99
18932,4.99
18933,2.99
18934,2.99
18935,4.99
18936,2.99
18937,4.99
18938,2.99
18939,4.99
18940,2.99
18941,2.99
18942,0.99
18943,8.99
18944,6.99
18945,2.99
18946,7.99
18947,2.99
18948,5.99
18949,0.99
18950,2.99
18951,6.99
18952,0.99
18953,0.99
18954,4.99
18955,4.99
18956,4.99
18957,3.99
18958,2.99
18959,2.99
18960,4.99
18961,0.99
18962,4.99
18963,7.99
18964,2.99
18965,5.99
18966,3.99
18967,4.99
18968,2.99
18969,4.99
18970,9.99
18971,2.99
18972,2.99
18973,1.99
18974,0.99
18975,7.99
18976,3.99
18977,0.99
18978,4.99
18979,4.99
18980,1.99
18981,4.99
18982,0.99
18983,4.99
18984,0.99
18985,2.99
18986,1.99
18987,2.99
18988,3.99
18989,7.99
18990,4.99
18991,2.99
18992,4.99
18993,2.99
18994,3.99
18995,7.99
18996,0.99
18997,0.99
18998,3.99
18999,0.99
19000,4.99
19001,4.99
19002,3.99
19003,2.99
19004,2.99
19005,2.99
19006,2.99
19007,2.99
19008,6.99
19009,9.99
19010,4.99
19011,0.99
19012,4.99
19013,0.99
19014,2.99
19015,4.99
19016,4.99
19017,3.99
19018,7.99
19019,0.99
19020,0.99
19021,9.99
19022,0.99
19023,0.99
19024,5.99
19025,0.99
19026,1.99
19027,2.99
19028,2.99
19029,6.99
19030,2.99
19031,3.99
19032,5.99
19033,0.99
19034,0.99
19035,7.99
19036,2.99
19037,2.99
19038,0.99
19039,7.99
19040,4.99
19041,2.99
19042,6.99
19043,0.99
19044,7.99
19045,7.99
19046,4.99
19047,1.99
19048,2.99
19049,1.99
19050,4.99
19051,3.99
19052,0.99
19053,4.99
19054,5.99
19055,0.99
19056,4.99
19057,4.99
19058,2.99
19059,2.99
19060,4.99
19061,0.99
19062,7.99
19063,1.99
19064,2.99
19065,3.99
19066,2.99
19067,0.99
19068,4.99
19069,0.99
19070,6.99
19071,2.99
19072,5.99
19073,1.99
19074,6.99
19075,3.99
19076,3.99
19077,5.99
19078,2.99
19079,2.99
19080,6.99
19081,4.99
19082,5.99
19083,7.99
19084,0.99
19085,1.99
19086,5.99
19087,2.99
19088,2.99
19089,3.99
19090,0.99
19091,2.99
19092,4.99
19093,0.99
19094,0.99
19095,4.99
19096,5.99
19097,0.99
19098,4.99
19099,2.99
19100,1.99
19101,7.99
19102,7.99
19103,4.99
19104,4.99
19105,9.99
19106,0.99
19107,4.99
19108,0.99
19109,0.99
19110,0.99
19111,4.99
19112,6.99
19113,8.99
19114,0.99
19115,0.99
19116,4.99
19117,2.99
19118,2.99
19119,2.99
19120,3.99
19121,4.99
19122,0.99
19123,4.99
19124,0.99
19125,0.99
19126,4.99
19127,2.99
19128,7.99
19129,5.99
19130,6.99
19131,0.99
19132,4.99
19133,2.99
19134,8.99
19135,3.99
19136,2.99
19137,2.99
19138,3.99
19139,5.99
19140,0.99
19141,3.99
19142,5.99
19143,5.99
19144,4.99
19145,4.99
19146,2.99
19147,0.99
19148,8.99
19149,0.99
19150,4.99
19151,5.99
19152,4.99
19153,5.99
19154,2.99
19155,6.99
19156,0.99
19157,0.99
19158,1.99
19159,2.99
19160,4.99
19161,2.99
19162,0.99
19163,4.99
19164,7.99
19165,0.99
19166,5.99
19167,1.99
19168,0.99
19169,4.99
19170,5.99
19171,7.99
19172,6.99
19173,8.99
19174,2.99
19175,2.99
19176,1.99
19177,4.99
19178,2.99
19179,2.99
19180,4.99
19181,0.99
19182,2.99
19183,6.99
19184,6.99
19185,2.99
19186,3.99
19187,1.99
19188,4.99
19189,6.99
19190,9.99
19191,7.99
19192,4.99
19193,2.99
19194,2.99
19195,2.99
19196,5.99
19197,5.99
19198,4.99
19199,3.99
19200,2.99
19201,5.99
19202,0.99
19203,0.99
19204,1.99
19205,5.99
19206,5.99
19207,2.99
19208,0.99
19209,4.99
19210,4.99
19211,4.99
19212,4.99
19213,2.99
19214,2.99
19215,4.99
19216,4.99
19217,4.99
19218,6.99
19219,4.99
19220,0.99
19221,0.99
19222,0.99
19223,5.99
19224,2.99
19225,2.99
19226,0.99
19227,4.99
19228,4.99
19229,0.99
19230,0.99
19231,1.99
19232,6.99
19233,2.99
19234,2.99
19235,2.99
19236,4.99
19237,3.99
19238,4.99
19239,2.99
19240,0.99
19241,2.99
19242,2.99
19243,4.99
19244,2.99
19245,3.99
19246,4.99
19247,6.99
19248,6.99
19249,4.99
19250,2.99
19251,8.99
19252,0.99
19253,7.99
19254,2.99
19255,3.99
19256,3.99
19257,5.99
19258,2.99
19259,0.99
19260,0.99
19261,4.99
19262,4.99
19263,5.99
19264,4.99
19265,2.99
19266,0.99
19267,2.99
19268,8.99
19269,4.99
19270,2.99
19271,4.99
19272,2.99
19273,0.99
19274,4.99
19275,2.99
19276,0.99
19277,1.99
19278,4.99
19279,6.99
19280,4.99
19281,3.99
19282,4.99
19283,3.99
19284,1.99
19285,3.99
19286,6.99
19287,4.99
19288,7.99
19289,4.99
19290,4.99
19291,4.99
19292,4.99
19293,2.99
19294,0.99
19295,8.99
19296,6.99
19297,0.99
19298,0.99
19299,2.99
19300,9.99
19301,0.99
19302,4.99
19303,5.99
19304,0.99
19305,6.99
19306,4.99
19307,4.99
19308,2.99
19309,2.99
19310,4.99
19311,2.99
19312,2.99
19313,4.99
19314,4.99
19315,4.99
19316,2.99
19317,2.99
19318,2.99
19319,6.99
19320,0.99
19321,3.99
19322,0.99
19323,2.99
19324,2.99
19325,6.99
19326,4.99
19327,2.99
19328,0.99
19329,0.99
19330,3.99
19331,0.99
19332,0.99
19333,0.99
19334,2.99
19335,2.99
19336,10.99
19337,5.99
19338,8.99
19339,6.99
19340,5.99
19341,4.99
19342,7.99
19343,2.99
19344,4.99
19345,7.99
19346,2.99
19347,4.99
19348,2.99
19349,1.99
19350,6.99
19351,0.99
19352,3.99
19353,2.99
19354,2.99
19355,3.99
19356,4.99
19357,0.99
19358,7.99
19359,0.99
19360,3.99
19361,4.99
19362,0.99
19363,8.99
19364,0.99
19365,0.99
19366,0.99
19367,0.99
19368,8.99
19369,2.99
19370,2.99
19371,2.99
19372,4.99
19373,3.99
19374,0.99
19375,2.99
19376,5.99
19377,4.99
19378,5.99
19379,6.99
19380,4.99
19381,4.99
19382,0.99
19383,0.99
19384,5.99
19385,8.99
19386,6.99
19387,2.99
19388,3.99
19389,4.99
19390,2.99
19391,0.99
19392,0.99
19393,4.99
19394,2.99
19395,2.99
19396,2.99
19397,4.99
19398,2.99
19399,4.99
19400,4.99
19401,2.99
19402,4.99
19403,5.99
19404,3.99
19405,4.99
19406,5.99
19407,0.99
19408,0.99
19409,5.99
19410,2.99
19411,0.99
19412,4.99
19413,4.99
19414,4.99
19415,4.99
19416,4.99
19417,4.99
19418,5.99
19419,0.99
19420,5.99
19421,6.99
19422,5.99
19423,3.99
19424,2.99
19425,2.99
19426,2.99
19427,1.99
19428,2.99
19429,1.99
19430,0.99
19431,4.99
19432,5.99
19433,3.99
19434,0.99
19435,0.99
19436,5.99
19437,2.99
19438,1.99
19439,7.99
19440,4.99
19441,6.99
19442,7.99
19443,2.99
19444,5.99
19445,4.99
19446,0.99
19447,1.99
19448,6.99
19449,5.99
19450,4.99
19451,4.99
19452,4.99
19453,2.99
19454,0.99
19455,2.99
19456,2.99
19457,3.99
19458,2.99
19459,6.99
19460,2.99
19461,2.99
19462,2.99
19463,0.99
19464,4.99
19465,4.99
19466,6.99
19467,4.99
19468,4.99
19469,0.99
19470,4.99
19471,2.99
19472,0.99
19473,8.99
19474,7.99
19475,7.99
19476,2.99
19477,5.99
19478,3.99
19479,2.99
19480,2.99
19481,10.99
19482,0.99
19483,7.99
19484,3.99
19485,0.99
19486,2.99
19487,5.99
19488,8.99
19489,3.99
19490,0.99
19491,0.99
19492,2.99
19493,6.99
19494,8.99
19495,1.99
19496,8.99
19497,1.99
19498,3.99
19499,4.99
19500,0.99
19501,3.99
19502,7.99
19503,4.99
19504,2.99
19505,5.99
19506,4.99
19507,4.99
19508,4.99
19509,4.99
19510,4.99
19511,2.99
19512,7.99
19513,6.99
19514,2.99
19515,4.99
19516,1.99
19517,0.99
19518,1.99
19519,2.99
19520,0.99
19521,6.99
19522,4.99
19523,4.99
19524,9.99
19525,5.99
19526,3.99
19527,3.99
19528,0.99
19529,3.99
19530,7.99
19531,6.99
19532,2.99
19533,4.99
19534,5.99
19535,4.99
19536,4.99
19537,0.99
19538,2.99
19539,2.99
19540,4.99
19541,4.99
19542,3.99
19543,4.99
19544,5.99
19545,2.99
19546,4.99
19547,6.99
19548,2.99
19549,7.99
19550,5.99
19551,4.99
19552,2.99
19553,0.99
19554,2.99
19555,2.99
19556,2.99
19557,2.99
19558,1.99
19559,0.99
19560,6.99
19561,4.99
19562,3.99
19563,2.99
19564,4.99
19565,0.99
19566,4.99
19567,2.99
19568,2.99
19569,2.99
19570,8.99
19571,0.99
19572,6.99
19573,2.99
19574,2.99
19575,8.99
19576,3.99
19577,6.99
19578,4.99
19579,4.99
19580,0.99
19581,4.99
19582,5.99
19583,4.99
19584,2.99
19585,2.99
19586,2.99
19587,6.99
19588,1.99
19589,0.99
19590,3.99
19591,2.99
19592,3.99
19593,2.99
19594,8.99
19595,8.99
19596,0.99
19597,7.99
19598,7.99
19599,4.99
19600,2.99
19601,2.99
19602,2.99
19603,3.99
19604,6.99
19605,1.99
19606,4.99
19607,5.99
19608,1.99
19609,3.99
19610,2.99
19611,1.99
19612,0.99
19613,0.99
19614,5.99
19615,2.99
19616,5.99
19617,4.99
19618,2.99
19619,3.99
19620,0.99
19621,2.99
19622,2.99
19623,4.99
19624,3.99
19625,5.99
19626,4.99
19627,4.99
19628,4.99
19629,2.99
19630,3.99
19631,4.99
19632,3.99
19633,4.99
19634,0.99
19635,3.99
19636,5.99
19637,4.99
19638,4.99
19639,4.99
19640,4.99
19641,4.99
19642,10.99
19643,5.99
19644,2.99
19645,2.99
19646,3.99
19647,5.99
19648,0.99
19649,0.99
19650,0.99
19651,0.99
19652,2.99
19653,0.99
19654,4.99
19655,4.99
19656,6.99
19657,2.99
19658,4.99
19659,2.99
19660,4.99
19661,7.99
19662,2.99
19663,4.99
19664,2.99
19665,3.99
19666,5.99
19667,4.99
19668,6.99
19669,2.99
19670,9.99
19671,4.99
19672,2.99
19673,4.99
19674,5.99
19675,9.99
19676,4.99
19677,4.99
19678,2.99
19679,4.99
19680,5.99
19681,5.99
19682,2.99
19683,1.99
19684,2.99
19685,2.99
19686,2.99
19687,4.99
19688,0.99
19689,2.99
19690,0.99
19691,6.99
19692,2.99
19693,2.99
19694,7.99
19695,4.99
19696,3.99
19697,5.99
19698,4.99
19699,4.99
19700,4.99
19701,3.99
19702,5.99
19703,2.99
19704,4.99
19705,8.99
19706,0.99
19707,0.99
19708,9.99
19709,7.99
19710,0.99
19711,4.99
19712,0.99
19713,0.99
19714,0.99
19715,5.99
19716,4.99
19717,0.99
19718,4.99
19719,2.99
19720,4.99
19721,4.99
19722,4.99
19723,2.99
19724,6.99
19725,1.99
19726,4.99
19727,0.99
19728,2.99
19729,9.99
19730,2.99
19731,1.99
19732,2.99
19733,0.99
19734,2.99
19735,0.99
19736,0.99
19737,2.99
19738,2.99
19739,7.99
19740,1.99
19741,0.99
19742,7.99
19743,0.99
19744,0.99
19745,9.99
19746,5.99
19747,6.99
19748,0.99
19749,4.99
19750,4.99
19751,2.99
19752,6.99
19753,3.99
19754,4.99
19755,1.99
19756,2.99
19757,2.99
19758,4.99
19759,0.99
19760,5.99
19761,4.99
19762,3.99
19763,4.99
19764,10.99
19765,2.99
19766,0.99
19767,4.99
19768,2.99
19769,1.99
19770,2.99
19771,6.99
19772,2.99
19773,5.99
19774,4.99
19775,6.99
19776,4.99
19777,8.99
19778,7.99
19779,5.99
19780,6.99
19781,2.99
19782,4.99
19783,2.99
19784,2.99
19785,4.99
19786,2.99
19787,5.99
19788,2.99
19789,7.99
19790,5.99
19791,3.99
19792,4.99
19793,5.99
19794,4.99
19795,0.99
19796,0.99
19797,6.99
19798,6.99
19799,4.99
19800,4.99
19801,3.99
19802,2.99
19803,2.99
19804,4.99
19805,1.99
19806,7.99
19807,2.99
19808,7.99
19809,4.99
19810,0.99
19811,0.99
19812,4.99
19813,2.99
19814,0.99
19815,10.99
19816,2.99
19817,4.99
19818,1.99
19819,5.99
19820,2.99
19821,4.99
19822,6.99
19823,0.99
19824,6.99
19825,0.99
19826,8.99
19827,0.99
19828,4.99
19829,0.99
19830,3.99
19831,4.99
19832,4.99
19833,2.99
19834,6.99
19835,5.99
19836,0.99
19837,4.99
19838,0.99
19839,3.99
19840,4.99
19841,6.99
19842,4.99
19843,2.99
19844,5.99
19845,3.99
19846,0.99
19847,6.99
19848,5.99
19849,7.99
19850,9.99
19851,2.99
19852,5.99
19853,0.99
19854,5.99
19855,2.99
19856,10.99
19857,1.99
19858,0.99
19859,7.99
19860,4.99
19861,2.99
19862,2.99
19863,4.99
19864,3.99
19865,2.99
19866,5.99
19867,0.99
19868,6.99
19869,4.99
19870,2.99
19871,2.99
19872,0.99
19873,0.99
19874,2.99
19875,5.99
19876,4.99
19877,3.99
19878,0.99
19879,4.99
19880,5.99
19881,3.99
19882,0.99
19883,4.99
19884,4.99
19885,4.99
19886,4.99
19887,2.99
19888,5.99
19889,3.99
19890,3.99
19891,0.99
19892,4.99
19893,2.99
19894,6.99
19895,5.99
19896,4.99
19897,0.99
19898,6.99
19899,0.99
19900,7.99
19901,2.99
19902,4.99
19903,5.99
19904,0.99
19905,4.99
19906,2.99
19907,7.99
19908,0.99
19909,2.99
19910,7.99
19911,4.99
19912,6.99
19913,0.99
19914,4.99
19915,2.99
19916,0.99
19917,4.99
19918,2.99
19919,4.99
19920,3.99
19921,6.99
19922,6.99
19923,2.99
19924,2.99
19925,4.99
19926,4.99
19927,2.99
19928,2.99
19929,0.99
19930,2.99
19931,6.99
19932,5.99
19933,0.99
19934,4.99
19935,5.99
19936,4.99
19937,2.99
19938,4.99
19939,7.99
19940,4.99
19941,5.99
19942,4.99
19943,2.99
19944,0.99
19945,1.99
19946,4.99
19947,9.99
19948,8.99
19949,2.99
19950,0.99
19951,5.99
19952,2.99
19953,0.99
19954,2.99
19955,3.99
19956,4.99
19957,6.99
19958,5.99
19959,7.99
19960,2.99
19961,2.99
19962,2.99
19963,4.99
19964,2.99
19965,0.99
19966,6.99
19967,3.99
19968,0.99
19969,3.99
19970,2.99
19971,3.99
19972,4.99
19973,4.99
19974,4.99
19975,4.99
19976,5.99
19977,3.99
19978,0.99
19979,2.99
19980,2.99
19981,2.99
19982,6.99
19983,7.99
19984,0.99
19985,0.99
19986,2.99
19987,5.99
19988,2.99
19989,2.99
19990,2.99
19991,2.99
19992,7.99
19993,2.99
19994,4.99
19995,5.99
19996,0.99
19997,2.99
19998,4.99
19999,2.99
20000,4.99
20001,2.99
20002,0.99
20003,0.99
20004,6.99
20005,2.99
20006,4.99
20007,8.99
20008,3.99
20009,4.99
20010,5.99
20011,0.99
20012,2.99
20013,0.99
20014,2.99
20015,2.99
20016,6.99
20017,7.99
20018,4.99
20019,6.99
20020,6.99
20021,5.99
20022,4.99
20023,0.99
20024,4.99
20025,9.99
20026,4.99
20027,0.99
20028,8.99
20029,0.99
20030,3.99
20031,0.99
20032,4.99
20033,2.99
20034,5.99
20035,2.99
20036,3.99
20037,4.99
20038,0.99
20039,2.99
20040,6.99
20041,2.99
20042,0.99
20043,2.99
20044,8.99
20045,7.99
20046,4.99
20047,4.99
20048,0.99
20049,4.99
20050,3.99
20051,4.99
20052,3.99
20053,5.99
20054,0.99
20055,0.99
20056,4.99
20057,0.99
20058,2.99
20059,4.99
20060,2.99
20061,0.99
20062,4.99
20063,6.99
20064,0.99
20065,2.99
20066,4.99
20067,0.99
20068,4.99
20069,3.99
20070,2.99
20071,5.99
20072,9.99
20073,7.99
20074,2.99
20075,4.99
20076,0.99
20077,2.99
20078,7.99
20079,3.99
20080,3.99
20081,3.99
20082,2.99
20083,4.99
20084,0.99
20085,7.99
20086,0.99
20087,2.99
20088,3.99
20089,0.99
20090,6.99
20091,8.99
20092,4.99
20093,4.99
20094,2.99
20095,3.99
20096,2.99
20097,2.99
20098,4.99
20099,0.99
20100,5.99
20101,2.99
20102,4.99
20103,0.99
20104,7.99
20105,1.99
20106,2.99
20107,3.99
20108,2.99
20109,0.99
20110,0.99
20111,5.99
20112,2.99
20113,4.99
20114,2.99
20115,4.99
20116,0.99
20117,3.99
20118,4.99
20119,6.99
20120,0.99
20121,3.99
20122,4.99
20123,4.99
20124,2.99
20125,2.99
20126,4.99
20127,4.99
20128,2.99
20129,1.99
20130,7.99
20131,4.99
20132,4.99
20133,2.99
20134,0.99
20135,7.99
20136,0.99
20137,4.99
20138,3.99
20139,4.99
20140,0.99
20141,1.99
20142,2.99
20143,4.99
20144,0.99
20145,2.99
20146,8.99
20147,0.99
20148,3.99
20149,0.99
20150,4.99
20151,2.99
20152,10.99
20153,2.99
20154,0.99
20155,0.99
20156,2.99
20157,3.99
20158,6.99
20159,6.99
20160,4.99
20161,3.99
20162,5.99
20163,4.99
20164,4.99
20165,2.99
20166,0.99
20167,4.99
20168,4.99
20169,5.99
20170,2.99
20171,3.99
20172,2.99
20173,0.99
20174,6.99
20175,3.99
20176,4.99
20177,2.99
20178,3.99
20179,5.99
20180,0.99
20181,3.99
20182,5.99
20183,0.99
20184,4.99
20185,3.99
20186,2.99
20187,8.99
20188,3.99
20189,0.99
20190,0.99
20191,4.99
20192,1.99
20193,2.99
20194,2.99
20195,4.99
20196,0.99
20197,2.99
20198,2.99
20199,9.99
20200,0.99
20201,6.99
20202,2.99
20203,0.99
20204,8.99
20205,4.99
20206,4.99
20207,0.99
20208,6.99
20209,4.99
20210,2.99
20211,0.99
20212,0.99
20213,6.99
20214,4.99
20215,2.99
20216,4.99
20217,4.99
20218,4.99
20219,2.99
20220,4.99
20221,2.99
20222,0.99
20223,8.99
20224,4.99
20225,3.99
20226,0.99
20227,0.99
20228,2.99
20229,4.99
20230,3.99
20231,0.99
20232,5.99
20233,5.99
20234,5.99
20235,4.99
20236,3.99
20237,0.99
20238,0.99
20239,2.99
20240,4.99
20241,2.99
20242,4.99
20243,4.99
20244,10.99
20245,4.99
20246,5.99
20247,3.99
20248,0.99
20249,4.99
20250,4.99
20251,2.99
20252,5.99
20253,2.99
20254,0.99
20255,8.99
20256,5.99
20257,0.99
20258,8.99
20259,2.99
20260,10.99
20261,5.99
20262,4.99
20263,2.99
20264,2.99
20265,4.99
20266,2.99
20267,2.99
20268,2.99
20269,7.99
20270,2.99
20271,5.99
20272,4.99
20273,2.99
20274,5.99
20275,0.99
20276,1.99
20277,3.99
20278,7.99
20279,0.99
20280,4.99
20281,4.99
20282,4.99
20283,8.99
20284,3.99
20285,4.99
20286,4.99
20287,6.99
20288,6.99
20289,4.99
20290,6.99
20291,5.99
20292,0.99
20293,6.99
20294,6.99
20295,0.99
20296,6.99
20297,2.99
20298,0.99
20299,1.99
20300,0.99
20301,2.99
20302,0.99
20303,6.99
20304,4.99
20305,4.99
20306,2.99
20307,2.99
20308,5.99
20309,6.99
20310,0.99
20311,5.99
20312,2.99
20313,4.99
20314,0.99
20315,0.99
20316,4.99
20317,4.99
20318,5.99
20319,0.99
20320,4.99
20321,1.99
20322,0.99
20323,2.99
20324,6.99
20325,6.99
20326,3.99
20327,4.99
20328,2.99
20329,0.99
20330,5.99
20331,0.99
20332,0.99
20333,0.99
20334,1.99
20335,3.99
20336,2.99
20337,3.99
20338,4.99
20339,3.99
20340,2.99
20341,4.99
20342,2.99
20343,0.99
20344,4.99
20345,5.99
20346,6.99
20347,4.99
20348,5.99
20349,2.99
20350,2.99
20351,2.99
20352,6.99
20353,0.99
20354,2.99
20355,0.99
20356,2.99
20357,4.99
20358,5.99
20359,4.99
20360,6.99
20361,2.99
20362,7.99
20363,4.99
20364,1.99
20365,2.99
20366,1.99
20367,5.99
20368,2.99
20369,4.99
20370,1.99
20371,2.99
20372,6.99
20373,4.99
20374,5.99
20375,5.99
20376,0.99
20377,6.99
20378,4.99
20379,7.99
20380,4.99
20381,2.99
20382,0.99
20383,0.99
20384,5.99
20385,5.99
20386,2.99
20387,3.99
20388,5.99
20389,2.99
20390,0.99
20391,0.99
20392,0.99
20393,6.99
20394,2.99
20395,3.99
20396,4.99
20397,6.99
20398,6.99
20399,6.99
20400,2.99
20401,4.99
20402,5.99
20403,11.99
20404,4.99
20405,2.99
20406,6.99
20407,5.99
20408,4.99
20409,9.99
20410,2.99
20411,5.99
20412,4.99
20413,4.99
20414,5.99
20415,4.99
20416,4.99
20417,1.99
20418,3.99
20419,4.99
20420,0.99
20421,4.99
20422,0.99
20423,2.99
20424,2.99
20425,4.99
20426,8.99
20427,2.99
20428,6.99
20429,4.99
20430,2.99
20431,5.99
20432,2.99
20433,4.99
20434,0.99
20435,2.99
20436,4.99
20437,4.99
20438,2.99
20439,2.99
20440,6.99
20441,2.99
20442,4.99
20443,4.99
20444,0.99
20445,8.99
20446,6.99
20447,4.99
20448,6.99
20449,10.99
20450,8.99
20451,1.99
20452,0.99
20453,2.99
20454,4.99
20455,8.99
20456,2.99
20457,0.99
20458,7.99
20459,1.99
20460,7.99
20461,2.99
20462,2.99
20463,0.99
20464,3.99
20465,2.99
20466,4.99
20467,1.99
20468,0.99
20469,5.99
20470,4.99
20471,1.99
20472,0.99
20473,4.99
20474,0.99
20475,3.99
20476,2.99
20477,3.99
20478,4.99
20479,5.99
20480,10.99
20481,9.99
20482,7.99
20483,2.99
20484,3.99
20485,4.99
20486,4.99
20487,2.99
20488,0.99
20489,2.99
20490,10.99
20491,3.99
20492,4.99
20493,0.99
20494,3.99
20495,4.99
20496,8.99
20497,9.99
20498,4.99
20499,2.99
20500,1.99
20501,0.99
20502,2.99
20503,5.99
20504,7.99
20505,7.99
20506,3.99
20507,3.99
20508,5.99
20509,5.99
20510,7.99
20511,0.99
20512,2.99
20513,3.99
20514,2.99
20515,6.99
20516,3.99
20517,2.99
20518,0.99
20519,2.99
20520,2.99
20521,4.99
20522,8.99
20523,5.99
20524,2.99
20525,4.99
20526,6.99
20527,0.99
20528,1.99
20529,0.99
20530,4.99
20531,5.99
20532,6.99
20533,5.99
20534,9.99
20535,0.99
20536,4.99
20537,2.99
20538,4.99
20539,3.99
20540,3.99
20541,4.99
20542,4.99
20543,4.99
20544,0.99
20545,0.99
20546,4.99
20547,4.99
20548,2.99
20549,3.99
20550,2.99
20551,1.99
20552,4.99
20553,2.99
20554,0.99
20555,0.99
20556,0.99
20557,7.99
20558,4.99
20559,4.99
20560,2.99
20561,4.99
20562,4.99
20563,2.99
20564,3.99
20565,4.99
20566,0.99
20567,7.99
20568,0.99
20569,5.99
20570,2.99
20571,0.99
20572,4.99
20573,4.99
20574,4.99
20575,3.99
20576,1.99
20577,3.99
20578,0.99
20579,0.99
20580,3.99
20581,6.99
20582,6.99
20583,1.99
20584,5.99
20585,2.99
20586,2.99
20587,2.99
20588,2.99
20589,0.99
20590,0.99
20591,2.99
20592,2.99
20593,4.99
20594,2.99
20595,8.99
20596,0.99
20597,0.99
20598,2.99
20599,4.99
20600,4.99
20601,4.99
20602,3.99
20603,0.99
20604,0.99
20605,4.99
20606,4.99
20607,5.99
20608,7.99
20609,4.99
20610,4.99
20611,0.99
20612,0.99
20613,2.99
20614,4.99
20615,4.99
20616,4.99
20617,1.99
20618,6.99
20619,5.99
20620,2.99
20621,2.99
20622,0.99
20623,5.99
20624,4.99
20625,0.99
20626,3.99
20627,4.99
20628,2.99
20629,2.99
20630,2.99
20631,8.99
20632,7.99
20633,0.99
20634,6.99
20635,4.99
20636,3.99
20637,2.99
20638,2.99
20639,4.99
20640,2.99
20641,3.99
20642,2.99
20643,6.99
20644,0.99
20645,0.99
20646,4.99
20647,2.99
20648,4.99
20649,6.99
20650,2.99
20651,5.99
20652,0.99
20653,4.99
20654,5.99
20655,0.99
20656,0.99
20657,0.99
20658,2.99
20659,6.99
20660,4.99
20661,2.99
20662,2.99
20663,4.99
20664,10.99
20665,5.99
20666,5.99
20667,2.99
20668,4.99
20669,2.99
20670,3.99
20671,4.99
20672,7.99
20673,2.99
20674,2.99
20675,5.99
20676,9.99
20677,5.99
20678,2.99
20679,3.99
20680,4.99
20681,0.99
20682,3.99
20683,3.99
20684,7.99
20685,5.99
20686,4.99
20687,8.99
20688,4.99
20689,2.99
20690,4.99
20691,2.99
20692,4.99
20693,0.99
20694,1.99
20695,2.99
20696,0.99
20697,4.99
20698,0.99
20699,2.99
20700,6.99
20701,6.99
20702,0.99
20703,4.99
20704,7.99
20705,5.99
20706,0.99
20707,5.99
20708,2.99
20709,1.99
20710,4.99
20711,0.99
20712,4.99
20713,4.99
20714,1.99
20715,2.99
20716,3.99
20717,0.99
20718,3.99
20719,4.99
20720,0.99
20721,0.99
20722,4.99
20723,4.99
20724,9.99
20725,0.99
20726,0.99
20727,0.99
20728,5.99
20729,0.99
20730,2.99
20731,0.99
20732,4.99
20733,0.99
20734,5.99
20735,4.99
20736,4.99
20737,3.99
20738,4.99
20739,2.99
20740,5.99
20741,1.99
20742,7.99
20743,0.99
20744,4.99
20745,1.99
20746,4.99
20747,2.99
20748,0.99
20749,1.99
20750,0.99
20751,2.99
20752,4.99
20753,3.99
20754,6.99
20755,6.99
20756,2.99
20757,4.99
20758,2.99
20759,4.99
20760,3.99
20761,2.99
20762,5.99
20763,4.99
20764,3.99
20765,4.99
20766,4.99
20767,0.99
20768,4.99
20769,2.99
20770,0.99
20771,6.99
20772,2.99
20773,5.99
20774,2.99
20775,2.99
20776,2.99
20777,4.99
20778,4.99
20779,2.99
20780,4.99
20781,4.99
20782,2.99
20783,4.99
20784,0.99
20785,1.99
20786,0.99
20787,0.99
20788,0.99
20789,4.99
20790,0.99
20791,4.99
20792,2.99
20793,6.99
20794,2.99
20795,7.99
20796,9.99
20797,2.99
20798,0.99
20799,0.99
20800,5.99
20801,2.99
20802,5.99
20803,2.99
20804,0.99
20805,4.99
20806,4.99
20807,2.99
20808,5.99
20809,8.99
20810,5.99
20811,4.99
20812,0.99
20813,5.99
20814,4.99
20815,4.99
20816,0.99
20817,10.99
20818,4.99
20819,4.99
20820,7.99
20821,0.99
20822,5.99
20823,1.99
20824,0.99
20825,4.99
20826,0.99
20827,1.99
20828,2.99
20829,4.99
20830,1.99
20831,4.99
20832,5.99
20833,6.99
20834,2.99
20835,2.99
20836,4.99
20837,8.99
20838,2.99
20839,5.99
20840,4.99
20841,0.99
20842,0.99
20843,2.99
20844,0.99
20845,6.99
20846,6.99
20847,0.99
20848,1.99
20849,2.99
20850,2.99
20851,4.99
20852,2.99
20853,0.99
20854,7.99
20855,3.99
20856,2.99
20857,4.99
20858,2.99
20859,1.99
20860,6.99
20861,0.99
20862,8.99
20863,6.99
20864,1.99
20865,4.99
20866,4.99
20867,2.99
20868,0.99
20869,10.99
20870,6.99
20871,6.99
20872,8.99
20873,4.99
20874,2.99
20875,6.99
20876,3.99
20877,4.99
20878,4.99
20879,2.99
20880,2.99
20881,3.99
20882,4.99
20883,2.99
20884,5.99
20885,0.99
20886,7.99
20887,2.99
20888,5.99
20889,2.99
20890,0.99
20891,2.99
20892,5.99
20893,4.99
20894,3.99
20895,6.99
20896,4.99
20897,4.99
20898,8.99
20899,2.99
20900,2.99
20901,0.99
20902,0.99
20903,2.99
20904,3.99
20905,2.99
20906,4.99
20907,4.99
20908,2.99
20909,2.99
20910,0.99
20911,4.99
20912,0.99
20913,2.99
20914,7.99
20915,0.99
20916,2.99
20917,4.99
20918,6.99
20919,0.99
20920,5.99
20921,2.99
20922,1.99
20923,5.99
20924,2.99
20925,8.99
20926,4.99
20927,4.99
20928,0.99
20929,3.99
20930,2.99
20931,6.99
20932,6.99
20933,5.99
20934,6.99
20935,8.99
20936,4.99
20937,4.99
20938,1.99
20939,4.99
20940,2.99
20941,0.99
20942,0.99
20943,7.99
20944,6.99
20945,0.99
20946,0.99
20947,4.99
20948,4.99
20949,1.99
20950,4.99
20951,6.99
20952,2.99
20953,2.99
20954,0.99
20955,5.99
20956,0.99
20957,2.99
20958,2.99
20959,3.99
20960,1.99
20961,4.99
20962,2.99
20963,0.99
20964,0.99
20965,2.99
20966,0.99
20967,0.99
20968,4.99
20969,2.99
20970,4.99
20971,5.99
20972,2.99
20973,4.99
20974,2.99
20975,2.99
20976,2.99
20977,6.99
20978,7.99
20979,5.99
20980,0.99
20981,4.99
20982,4.99
20983,10.99
20984,4.99
20985,5.99
20986,0.99
20987,0.99
20988,2.99
20989,4.99
20990,3.99
20991,4.99
20992,9.99
20993,4.99
20994,4.99
20995,3.99
20996,6.99
20997,6.99
20998,2.99
20999,4.99
21000,9.99
21001,1.99
21002,1.99
21003,0.99
21004,4.99
21005,4.99
21006,3.99
21007,2.99
21008,2.99
21009,2.99
21010,2.99
21011,4.99
21012,4.99
21013,6.99
21014,4.99
21015,0.99
21016,4.99
21017,4.99
21018,2.99
21019,2.99
21020,6.99
21021,2.99
21022,0.99
21023,3.99
21024,0.99
21025,9.99
21026,0.99
21027,0.99
21028,5.99
21029,4.99
21030,0.99
21031,6.99
21032,2.99
21033,1.99
21034,0.99
21035,0.99
21036,6.99
21037,5.99
21038,4.99
21039,4.99
21040,2.99
21041,6.99
21042,2.99
21043,4.99
21044,5.99
21045,4.99
21046,5.99
21047,1.99
21048,6.99
21049,3.99
21050,3.99
21051,4.99
21052,2.99
21053,0.99
21054,2.99
21055,4.99
21056,4.99
21057,0.99
21058,4.99
21059,0.99
21060,0.99
21061,2.99
21062,5.99
21063,4.99
21064,0.99
21065,4.99
21066,6.99
21067,2.99
21068,6.99
21069,1.99
21070,4.99
21071,2.99
21072,2.99
21073,0.99
21074,6.99
21075,2.99
21076,4.99
21077,6.99
21078,4.99
21079,2.99
21080,6.99
21081,4.99
21082,4.99
21083,4.99
21084,6.99
21085,4.99
21086,5.99
21087,3.99
21088,2.99
21089,2.99
21090,2.99
21091,7.99
21092,9.99
21093,7.99
21094,4.99
21095,3.99
21096,4.99
21097,6.99
21098,2.99
21099,3.99
21100,0.99
21101,0.99
21102,4.99
21103,0.99
21104,4.99
21105,1.99
21106,0.99
21107,2.99
21108,0.99
21109,2.99
21110,4.99
21111,5.99
21112,0.99
21113,6.99
21114,9.99
21115,7.99
21116,3.99
21117,5.99
21118,0.99
21119,2.99
21120,4.99
21121,0.99
21122,3.99
21123,8.99
21124,7.99
21125,2.99
21126,1.99
21127,1.99
21128,6.99
21129,4.99
21130,4.99
21131,4.99
21132,0.99
21133,7.99
21134,4.99
21135,5.99
21136,5.99
21137,1.99
21138,2.99
21139,6.99
21140,5.99
21141,2.99
21142,2.99
21143,5.99
21144,3.99
21145,4.99
21146,5.99
21147,9.99
21148,4.99
21149,4.99
21150,1.99
21151,0.99
21152,6.99
21153,0.99
21154,4.99
21155,2.99
21156,0.99
21157,7.99
21158,0.99
21159,4.99
21160,1.99
21161,1.99
21162,2.99
21163,4.99
21164,4.99
21165,4.99
21166,3.99
21167,6.99
21168,0.99
21169,0.99
21170,0.99
21171,7.99
21172,0.99
21173,1.99
21174,0.99
21175,2.99
21176,0.99
21177,4.99
21178,4.99
21179,4.99
21180,2.99
21181,2.99
21182,6.99
21183,0.99
21184,4.99
21185,0.99
21186,4.99
21187,4.99
21188,0.99
21189,6.99
21190,4.99
21191,6.99
21192,2.99
21193,2.99
21194,0.99
21195,2.99
21196,0.99
21197,4.99
21198,0.99
21199,4.99
21200,1.99
21201,0.99
21202,9.99
21203,7.99
21204,4.99
21205,3.99
21206,0.99
21207,6.99
21208,2.99
21209,6.99
21210,4.99
21211,3.99
21212,6.99
21213,2.99
21214,3.99
21215,0.99
21216,8.99
21217,1.99
21218,0.99
21219,2.99
21220,5.99
21221,0.99
21222,5.99
21223,0.99
21224,2.99
21225,0.99
21226,4.99
21227,5.99
21228,2.99
21229,4.99
21230,4.99
21231,8.99
21232,9.99
21233,2.99
21234,2.99
21235,3.99
21236,3.99
21237,3.99
21238,2.99
21239,9.99
21240,4.99
21241,2.99
21242,4.99
21243,6.99
21244,6.99
21245,4.99
21246,7.99
21247,2.99
21248,3.99
21249,0.99
21250,4.99
21251,0.99
21252,4.99
21253,4.99
21254,0.99
21255,4.99
21256,4.99
21257,8.99
21258,2.99
21259,2.99
21260,6.99
21261,6.99
21262,2.99
21263,2.99
21264,4.99
21265,1.99
21266,2.99
21267,2.99
21268,0.99
21269,2.99
21270,2.99
21271,0.99
21272,4.99
21273,4.99
21274,3.99
21275,0.99
21276,4.99
21277,4.99
21278,3.99
21279,0.99
21280,0.99
21281,4.99
21282,2.99
21283,7.99
21284,4.99
21285,2.99
21286,5.99
21287,4.99
21288,4.99
21289,0.99
21290,4.99
21291,0.99
21292,0.99
21293,8.99
21294,2.99
21295,8.99
21296,6.99
21297,0.99
21298,2.99
21299,4.99
21300,3.99
21301,1.99
21302,0.99
21303,4.99
21304,2.99
21305,4.99
21306,2.99
21307,4.99
21308,2.99
21309,4.99
21310,1.99
21311,5.99
21312,2.99
21313,4.99
21314,8.99
21315,4.99
21316,4.99
21317,2.99
21318,1.99
21319,3.99
21320,2.99
21321,6.99
21322,4.99
21323,4.99
21324,0.99
21325,2.99
21326,0.99
21327,10.99
21328,6.99
21329,3.99
21330,2.99
21331,2.99
21332,0.99
21333,2.99
21334,2.99
21335,4.99
21336,4.99
21337,4.99
21338,6.99
21339,4.99
21340,7.99
21341,2.99
21342,6.99
21343,7.99
21344,10.99
21345,4.99
21346,3.99
21347,5.99
21348,2.99
21349,0.99
21350,10.99
21351,1.99
21352,2.99
21353,5.99
21354,4.99
21355,0.99
21356,8.99
21357,3.99
21358,5.99
21359,0.99
21360,3.99
21361,2.99
21362,2.99
21363,0.99
21364,0.99
21365,2.99
21366,2.99
21367,2.99
21368,4.99
21369,4.99
21370,2.99
21371,4.99
21372,6.99
21373,2.99
21374,2.99
21375,7.99
21376,2.99
21377,6.99
21378,2.99
21379,4.99
21380,0.99
21381,8.99
21382,8.99
21383,4.99
21384,7.99
21385,2.99
21386,2.99
21387,0.99
21388,3.99
21389,0.99
21390,2.99
21391,7.99
21392,6.99
21393,2.99
21394,4.99
21395,0.99
21396,2.99
21397,7.99
21398,1.99
21399,8.99
21400,2.99
21401,6.99
21402,0.99
21403,4.99
21404,3.99
21405,2.99
21406,4.99
21407,6.99
21408,4.99
21409,4.99
21410,4.99
21411,3.99
21412,4.99
21413,4.99
21414,0.99
21415,4.99
21416,7.99
21417,2.99
21418,5.99
21419,4.99
21420,2.99
21421,4.99
21422,7.99
21423,0.99
21424,2.99
21425,4.99
21426,2.99
21427,9.99
21428,2.99
21429,2.99
21430,0.99
21431,3.99
21432,0.99
21433,2.99
21434,10.99
21435,4.99
21436,6.99
21437,3.99
21438,0.99
21439,4.99
21440,4.99
21441,9.99
21442,2.99
21443,9.99
21444,4.99
21445,1.99
21446,2.99
21447,0.99
21448,4.99
21449,4.99
21450,2.99
21451,2.99
21452,0.99
21453,0.99
21454,4.99
21455,6.99
21456,4.99
21457,2.99
21458,7.99
21459,2.99
21460,4.99
21461,9.99
21462,2.99
21463,0.99
21464,4.99
21465,1.99
21466,2.99
21467,0.99
21468,3.99
21469,8.99
21470,10.99
21471,4.99
21472,4.99
21473,4.99
21474,2.99
21475,3.99
21476,4.99
21477,4.99
21478,5.99
21479,7.99
21480,4.99
21481,5.99
21482,2.99
21483,7.99
21484,0.99
21485,1.99
21486,6.99
21487,0.99
21488,6.99
21489,4.99
21490,8.99
21491,4.99
21492,4.99
21493,4.99
21494,5.99
21495,2.99
21496,2.99
21497,2.99
21498,4.99
21499,0.99
21500,7.99
21501,0.99
21502,4.99
21503,0.99
21504,0.99
21505,4.99
21506,4.99
21507,4.99
21508,2.99
21509,4.99
21510,5.99
21511,0.99
21512,2.99
21513,2.99
21514,2.99
21515,4.99
21516,0.99
21517,2.99
21518,4.99
21519,0.99
21520,4.99
21521,6.99
21522,0.99
21523,3.99
21524,5.99
21525,4.99
21526,2.99
21527,1.99
21528,4.99
21529,4.99
21530,9.99
21531,6.99
21532,4.99
21533,5.99
21534,0.99
21535,4.99
21536,0.99
21537,4.99
21538,0.99
21539,3.99
21540,2.99
21541,2.99
21542,2.99
21543,2.99
21544,4.99
21545,4.99
21546,4.99
21547,4.99
21548,4.99
21549,4.99
21550,1.99
21551,4.99
21552,0.99
21553,8.99
21554,2.99
21555,1.99
21556,0.99
21557,5.99
21558,4.99
21559,0.99
21560,9.99
21561,4.99
21562,2.99
21563,4.99
21564,0.99
21565,2.99
21566,4.99
21567,4.99
21568,2.99
21569,4.99
21570,2.99
21571,4.99
21572,1.99
21573,4.99
21574,0.99
21575,4.99
21576,2.99
21577,6.99
21578,4.99
21579,4.99
21580,0.99
21581,6.99
21582,4.99
21583,0.99
21584,5.99
21585,2.99
21586,3.99
21587,0.99
21588,6.99
21589,3.99
21590,2.99
21591,2.99
21592,4.99
21593,0.99
21594,4.99
21595,7.99
21596,0.99
21597,3.99
21598,2.99
21599,4.99
21600,4.99
21601,6.99
21602,3.99
21603,4.99
21604,2.99
21605,8.99
21606,0.99
21607,2.99
21608,4.99
21609,0.99
21610,2.99
21611,4.99
21612,0.99
21613,4.99
21614,4.99
21615,2.99
21616,6.99
21617,6.99
21618,5.99
21619,9.99
21620,5.99
21621,5.99
21622,7.99
21623,4.99
21624,7.99
21625,2.99
21626,5.99
21627,0.99
21628,3.99
21629,5.99
21630,4.99
21631,5.99
21632,0.99
21633,2.99
21634,2.99
21635,9.99
21636,4.99
21637,6.99
21638,6.99
21639,4.99
21640,5.99
21641,2.99
21642,6.99
21643,0.99
21644,4.99
21645,7.99
21646,7.99
21647,2.99
21648,4.99
21649,6.99
21650,2.99
21651,2.99
21652,6.99
21653,4.99
21654,0.99
21655,4.99
21656,2.99
21657,0.99
21658,5.99
21659,4.99
21660,2.99
21661,0.99
21662,4.99
21663,6.99
21664,7.99
21665,2.99
21666,6.99
21667,4.99
21668,4.99
21669,0.99
21670,6.99
21671,2.99
21672,0.99
21673,2.99
21674,3.99
21675,5.99
21676,0.99
21677,3.99
21678,5.99
21679,4.99
21680,6.99
21681,9.99
21682,4.99
21683,5.99
21684,4.99
21685,5.99
21686,0.99
21687,3.99
21688,2.99
21689,4.99
21690,2.99
21691,7.99
21692,4.99
21693,3.99
21694,4.99
21695,5.99
21696,6.99
21697,7.99
21698,0.99
21699,2.99
21700,7.99
21701,0.99
21702,4.99
21703,2.99
21704,0.99
21705,5.99
21706,0.99
21707,0.99
21708,0.99
21709,6.99
21710,2.99
21711,0.99
21712,2.99
21713,7.99
21714,0.99
21715,4.99
21716,8.99
21717,7.99
21718,3.99
21719,1.99
21720,4.99
21721,3.99
21722,3.99
21723,7.99
21724,6.99
21725,1.99
21726,2.99
21727,2.99
21728,4.99
21729,0.99
21730,4.99
21731,2.99
21732,2.99
21733,4.99
21734,4.99
21735,1.99
21736,6.99
21737,4.99
21738,0.99
21739,4.99
21740,5.99
21741,4.99
21742,0.99
21743,4.99
21744,0.99
21745,4.99
21746,0.99
21747,0.99
21748,4.99
21749,9.99
21750,4.99
21751,3.99
21752,3.99
21753,2.99
21754,1.99
21755,4.99
21756,2.99
21757,4.99
21758,2.99
21759,2.99
21760,0.99
21761,2.99
21762,4.99
21763,2.99
21764,3.99
21765,4.99
21766,2.99
21767,0.99
21768,0.99
21769,3.99
21770,2.99
21771,1.99
21772,2.99
21773,2.99
21774,2.99
21775,5.99
21776,4.99
21777,6.99
21778,8.99
21779,4.99
21780,2.99
21781,0.99
21782,2.99
21783,3.99
21784,2.99
21785,2.99
21786,4.99
21787,2.99
21788,4.99
21789,0.99
21790,4.99
21791,0.99
21792,2.99
21793,0.99
21794,1.99
21795,2.99
21796,6.99
21797,5.99
21798,1.99
21799,9.99
21800,6.99
21801,4.99
21802,4.99
21803,4.99
21804,2.99
21805,8.99
21806,2.99
21807,6.99
21808,6.99
21809,2.99
21810,6.99
21811,4.99
21812,5.99
21813,6.99
21814,4.99
21815,4.99
21816,5.99
21817,2.99
21818,7.99
21819,4.99
21820,0.99
21821,2.99
21822,4.99
21823,2.99
21824,2.99
21825,6.99
21826,4.99
21827,4.99
21828,6.99
21829,4.99
21830,4.99
21831,3.99
21832,9.99
21833,8.99
21834,4.99
21835,0.99
21836,4.99
21837,2.99
21838,2.99
21839,3.99
21840,3.99
21841,4.99
21842,4.99
21843,2.99
21844,2.99
21845,3.99
21846,3.99
21847,5.99
21848,2.99
21849,4.99
21850,5.99
21851,4.99
21852,7.99
21853,4.99
21854,4.99
21855,6.99
21856,5.99
21857,1.99
21858,4.99
21859,4.99
21860,4.99
21861,0.99
21862,2.99
21863,3.99
21864,0.99
21865,1.99
21866,2.99
21867,5.99
21868,0.99
21869,3.99
21870,4.99
21871,3.99
21872,6.99
21873,2.99
21874,8.99
21875,5.99
21876,4.99
21877,3.99
21878,0.99
21879,4.99
21880,0.99
21881,1.99
21882,1.99
21883,8.99
21884,0.99
21885,0.99
21886,0.99
21887,4.99
21888,4.99
21889,3.99
21890,0.99
21891,0.99
21892,4.99
21893,5.99
21894,5.99
21895,3.99
21896,2.99
21897,2.99
21898,4.99
21899,6.99
21900,6.99
21901,4.99
21902,0.99
21903,4.99
21904,4.99
21905,7.99
21906,2.99
21907,7.99
21908,2.99
21909,2.99
21910,4.99
21911,0.99
21912,4.99
21913,5.99
21914,5.99
21915,0.99
21916,2.99
21917,2.99
21918,5.99
21919,4.99
21920,0.99
21921,0.99
21922,2.99
21923,7.99
21924,2.99
21925,2.99
21926,3.99
21927,4.99
21928,4.99
21929,2.99
21930,0.99
21931,3.99
21932,5.99
21933,4.99
21934,2.99
21935,3.99
21936,7.99
21937,5.99
21938,2.99
21939,1.99
21940,6.99
21941,6.99
21942,2.99
21943,6.99
21944,1.99
21945,4.99
21946,2.99
21947,2.99
21948,4.99
21949,2.99
21950,2.99
21951,4.99
21952,2.99
21953,2.99
21954,1.99
21955,6.99
21956,2.99
21957,2.99
21958,1.99
21959,0.99
21960,3.99
21961,4.99
21962,10.99
21963,2.99
21964,4.99
21965,0.99
21966,8.99
21967,0.99
21968,8.99
21969,6.99
21970,7.99
21971,2.99
21972,4.99
21973,9.99
21974,3.99
21975,0.99
21976,5.99
21977,2.99
21978,0.99
21979,7.99
21980,6.99
21981,6.99
21982,2.99
21983,3.99
21984,0.99
21985,2.99
21986,3.99
21987,2.99
21988,7.99
21989,2.99
21990,6.99
21991,10.99
21992,2.99
21993,2.99
21994,3.99
21995,4.99
21996,3.99
21997,2.99
21998,9.99
21999,4.99
22000,0.99
22001,5.99
22002,2.99
22003,4.99
22004,0.99
22005,4.99
22006,2.99
22007,4.99
22008,5.99
22009,5.99
22010,0.99
22011,4.99
22012,5.99
22013,4.99
22014,10.99
22015,2.99
22016,2.99
22017,8.99
22018,0.99
22019,6.99
22020,5.99
22021,5.99
22022,2.99
22023,4.99
22024,3.99
22025,5.99
22026,4.99
22027,8.99
22028,4.99
22029,4.99
22030,0.99
22031,1.99
22032,5.99
22033,2.99
22034,6.99
22035,7.99
22036,8.99
22037,2.99
22038,0.99
22039,6.99
22040,7.99
22041,4.99
22042,0.99
22043,5.99
22044,6.99
22045,0.99
22046,5.99
22047,2.99
22048,5.99
22049,4.99
22050,0.99
22051,1.99
22052,5.99
22053,3.99
22054,8.99
22055,7.99
22056,2.99
22057,0.99
22058,4.99
22059,0.99
22060,1.99
22061,4.99
22062,0.99
22063,4.99
22064,5.99
22065,6.99
22066,0.99
22067,6.99
22068,2.99
22069,4.99
22070,8.99
22071,4.99
22072,7.99
22073,8.99
22074,0.99
22075,4.99
22076,4.99
22077,4.99
22078,0.99
22079,0.99
22080,2.99
22081,8.99
22082,3.99
22083,5.99
22084,4.99
22085,5.99
22086,1.99
22087,4.99
22088,2.99
22089,0.99
22090,6.99
22091,3.99
22092,2.99
22093,2.99
22094,5.99
22095,2.99
22096,8.99
22097,3.99
22098,4.99
22099,6.99
22100,8.99
22101,4.99
22102,6.99
22103,0.99
22104,2.99
22105,3.99
22106,5.99
22107,0.99
22108,4.99
22109,4.99
22110,7.99
22111,4.99
22112,0.99
22113,6.99
22114,4.99
22115,3.99
22116,1.99
22117,0.99
22118,1.99
22119,4.99
22120,0.99
22121,2.99
22122,0.99
22123,0.99
22124,9.99
22125,0.99
22126,4.99
22127,9.99
22128,2.99
22129,0.99
22130,1.99
22131,1.99
22132,0.99
22133,3.99
22134,2.99
22135,3.99
22136,4.99
22137,4.99
22138,8.99
22139,2.99
22140,6.99
22141,4.99
22142,2.99
22143,2.99
22144,4.99
22145,2.99
22146,10.99
22147,2.99
22148,4.99
22149,0.99
22150,4.99
22151,0.99
22152,5.99
22153,4.99
22154,2.99
22155,5.99
22156,4.99
22157,2.99
22158,3.99
22159,4.99
22160,2.99
22161,4.99
22162,5.99
22163,0.99
22164,0.99
22165,2.99
22166,2.99
22167,9.99
22168,4.99
22169,0.99
22170,5.99
22171,3.99
22172,7.99
22173,0.99
22174,6.99
22175,0.99
22176,4.99
22177,2.99
22178,2.99
22179,4.99
22180,0.99
22181,2.99
22182,0.99
22183,4.99
22184,2.99
22185,4.99
22186,10.99
22187,2.99
22188,4.99
22189,6.99
22190,4.99
22191,9.99
22192,0.99
22193,4.99
22194,0.99
22195,2.99
22196,4.99
22197,0.99
22198,3.99
22199,0.99
22200,4.99
22201,2.99
22202,2.99
22203,4.99
22204,6.99
22205,1.99
22206,4.99
22207,7.99
22208,4.99
22209,2.99
22210,2.99
22211,0.99
22212,4.99
22213,2.99
22214,4.99
22215,2.99
22216,4.99
22217,0.99
22218,6.99
22219,7.99
22220,9.99
22221,0.99
22222,8.99
22223,0.99
22224,4.99
22225,2.99
22226,3.99
22227,0.99
22228,2.99
22229,4.99
22230,3.99
22231,4.99
22232,4.99
22233,2.99
22234,4.99
22235,2.99
22236,2.99
22237,2.99
22238,4.99
22239,6.99
22240,6.99
22241,1.99
22242,3.99
22243,4.99
22244,2.99
22245,2.99
22246,0.99
22247,1.99
22248,2.99
22249,2.99
22250,2.99
22251,0.99
22252,5.99
22253,0.99
22254,0.99
22255,0.99
22256,5.99
22257,6.99
22258,1.99
22259,5.99
22260,7.99
22261,5.99
22262,3.99
22263,8.99
22264,0.99
22265,1.99
22266,1.99
22267,6.99
22268,4.99
22269,5.99
22270,4.99
22271,4.99
22272,4.99
22273,4.99
22274,4.99
22275,4.99
22276,7.99
22277,7.99
22278,4.99
22279,5.99
22280,1.99
22281,4.99
22282,2.99
22283,2.99
22284,6.99
22285,2.99
22286,4.99
22287,2.99
22288,2.99
22289,2.99
22290,0.99
22291,0.99
22292,2.99
22293,6.99
22294,4.99
22295,5.99
22296,2.99
22297,10.99
22298,0.99
22299,2.99
22300,2.99
22301,1.99
22302,0.99
22303,1.99
22304,1.99
22305,2.99
22306,9.99
22307,4.99
22308,0.99
22309,3.99
22310,4.99
22311,1.99
22312,4.99
22313,2.99
22314,2.99
22315,6.99
22316,2.99
22317,0.99
22318,0.99
22319,0.99
22320,5.99
22321,0.99
22322,8.99
22323,10.99
22324,3.99
22325,6.99
22326,3.99
22327,4.99
22328,3.99
22329,2.99
22330,5.99
22331,4.99
22332,4.99
22333,0.99
22334,8.99
22335,2.99
22336,2.99
22337,6.99
22338,2.99
22339,0.99
22340,1.99
22341,8.99
22342,4.99
22343,4.99
22344,3.99
22345,2.99
22346,7.99
22347,2.99
22348,2.99
22349,2.99
22350,2.99
22351,5.99
22352,10.99
22353,2.99
22354,0.99
22355,0.99
22356,2.99
22357,4.99
22358,5.99
22359,2.99
22360,0.99
22361,1.99
22362,4.99
22363,6.99
22364,4.99
22365,2.99
22366,0.99
22367,3.99
22368,2.99
22369,7.99
22370,9.99
22371,4.99
22372,0.99
22373,8.99
22374,2.99
22375,0.99
22376,4.99
22377,3.99
22378,4.99
22379,3.99
22380,2.99
22381,2.99
22382,7.99
22383,2.99
22384,2.99
22385,0.99
22386,4.99
22387,0.99
22388,4.99
22389,2.99
22390,4.99
22391,4.99
22392,1.99
22393,1.99
22394,6.99
22395,5.99
22396,0.99
22397,2.99
22398,0.99
22399,5.99
22400,1.99
22401,1.99
22402,6.99
22403,0.99
22404,2.99
22405,4.99
22406,3.99
22407,2.99
22408,4.99
22409,4.99
22410,2.99
22411,2.99
22412,4.99
22413,7.99
22414,3.99
22415,4.99
22416,7.99
22417,8.99
22418,5.99
22419,4.99
22420,2.99
22421,2.99
22422,4.99
22423,0.99
22424,3.99
22425,5.99
22426,4.99
22427,4.99
22428,4.99
22429,4.99
22430,0.99
22431,0.99
22432,4.99
22433,0.99
22434,4.99
22435,7.99
22436,0.99
22437,4.99
22438,0.99
22439,3.99
22440,3.99
22441,2.99
22442,2.99
22443,4.99
22444,7.99
22445,7.99
22446,5.99
22447,5.99
22448,2.99
22449,0.99
22450,3.99
22451,6.99
22452,5.99
22453,2.99
22454,0.99
22455,1.99
22456,2.99
22457,0.99
22458,4.99
22459,3.99
22460,3.99
22461,8.99
22462,2.99
22463,2.99
22464,2.99
22465,2.99
22466,6.99
22467,6.99
22468,4.99
22469,2.99
22470,2.99
22471,0.99
22472,2.99
22473,8.99
22474,2.99
22475,0.99
22476,4.99
22477,7.99
22478,5.99
22479,2.99
22480,5.99
22481,4.99
22482,0.99
22483,5.99
22484,2.99
22485,0.99
22486,4.99
22487,4.99
22488,2.99
22489,4.99
22490,4.99
22491,0.99
22492,4.99
22493,0.99
22494,4.99
22495,6.99
22496,8.99
22497,2.99
22498,5.99
22499,2.99
22500,5.99
22501,5.99
22502,4.99
22503,1.99
22504,0.99
22505,0.99
22506,9.99
22507,3.99
22508,0.99
22509,4.99
22510,6.99
22511,2.99
22512,0.99
22513,4.99
22514,0.99
22515,2.99
22516,1.99
22517,2.99
22518,3.99
22519,0.99
22520,4.99
22521,2.99
22522,2.99
22523,4.99
22524,4.99
22525,6.99
22526,4.99
22527,2.99
22528,0.99
22529,4.99
22530,2.99
22531,4.99
22532,4.99
22533,1.99
22534,1.99
22535,2.99
22536,4.99
22537,4.99
22538,4.99
22539,7.99
22540,8.99
22541,6.99
22542,6.99
22543,0.99
22544,0.99
22545,5.99
22546,0.99
22547,4.99
22548,5.99
22549,3.99
22550,2.99
22551,4.99
22552,5.99
22553,4.99
22554,4.99
22555,5.99
22556,5.99
22557,2.99
22558,3.99
22559,9.99
22560,0.99
22561,2.99
22562,8.99
22563,0.99
22564,0.99
22565,1.99
22566,2.99
22567,3.99
22568,3.99
22569,3.99
22570,5.99
22571,4.99
22572,2.99
22573,6.99
22574,5.99
22575,0.99
22576,8.99
22577,4.99
22578,4.99
22579,2.99
22580,2.99
22581,0.99
22582,0.99
22583,0.99
22584,2.99
22585,0.99
22586,2.99
22587,4.99
22588,2.99
22589,0.99
22590,4.99
22591,3.99
22592,0.99
22593,4.99
22594,4.99
22595,4.99
22596,3.99
22597,0.99
22598,0.99
22599,6.99
22600,5.99
22601,4.99
22602,2.99
22603,2.99
22604,5.99
22605,4.99
22606,0.99
22607,2.99
22608,6.99
22609,2.99
22610,4.99
22611,0.99
22612,2.99
22613,0.99
22614,2.99
22615,7.99
22616,3.99
22617,1.99
22618,4.99
22619,1.99
22620,8.99
22621,2.99
22622,2.99
22623,2.99
22624,4.99
22625,4.99
22626,8.99
22627,4.99
22628,3.99
22629,3.99
22630,0.99
22631,4.99
22632,3.99
22633,2.99
22634,2.99
22635,0.99
22636,4.99
22637,5.99
22638,2.99
22639,2.99
22640,5.99
22641,7.99
22642,0.99
22643,6.99
22644,0.99
22645,4.99
22646,2.99
22647,4.99
22648,0.99
22649,4.99
22650,11.99
22651,2.99
22652,0.99
22653,4.99
22654,2.99
22655,6.99
22656,0.99
22657,3.99
22658,2.99
22659,2.99
22660,4.99
22661,2.99
22662,10.99
22663,9.99
22664,0.99
22665,0.99
22666,7.99
22667,4.99
22668,3.99
22669,0.99
22670,2.99
22671,0.99
22672,5.99
22673,6.99
22674,6.99
22675,2.99
22676,8.99
22677,9.99
22678,3.99
22679,1.99
22680,4.99
22681,3.99
22682,0.99
22683,4.99
22684,0.99
22685,0.99
22686,2.99
22687,0.99
22688,1.99
22689,2.99
22690,5.99
22691,0.99
22692,0.99
22693,5.99
22694,6.99
22695,2.99
22696,2.99
22697,2.99
22698,4.99
22699,5.99
22700,4.99
22701,4.99
22702,5.99
22703,4.99
22704,8.99
22705,2.99
22706,8.99
22707,0.99
22708,2.99
22709,0.99
22710,2.99
22711,4.99
22712,2.99
22713,8.99
22714,1.99
22715,2.99
22716,6.99
22717,4.99
22718,2.99
22719,1.99
22720,4.99
22721,0.99
22722,4.99
22723,4.99
22724,3.99
22725,9.99
22726,2.99
22727,1.99
22728,0.99
22729,6.99
22730,6.99
22731,2.99
22732,0.99
22733,2.99
22734,2.99
22735,3.99
22736,6.99
22737,0.99
22738,0.99
22739,2.99
22740,6.99
22741,7.99
22742,4.99
22743,5.99
22744,0.99
22745,6.99
22746,5.99
22747,4.99
22748,4.99
22749,3.99
22750,7.99
22751,8.99
22752,2.99
22753,2.99
22754,2.99
22755,0.99
22756,5.99
22757,2.99
22758,9.99
22759,2.99
22760,2.99
22761,0.99
22762,7.99
22763,2.99
22764,4.99
22765,0.99
22766,4.99
22767,5.99
22768,0.99
22769,2.99
22770,2.99
22771,4.99
22772,7.99
22773,8.99
22774,2.99
22775,0.99
22776,2.99
22777,2.99
22778,4.99
22779,2.99
22780,5.99
22781,4.99
22782,6.99
22783,0.99
22784,5.99
22785,0.99
22786,4.99
22787,0.99
22788,2.99
22789,10.99
22790,0.99
22791,4.99
22792,0.99
22793,2.99
22794,4.99
22795,0.99
22796,4.99
22797,0.99
22798,5.99
22799,7.99
22800,4.99
22801,0.99
22802,0.99
22803,9.99
22804,7.99
22805,4.99
22806,2.99
22807,6.99
22808,4.99
22809,3.99
22810,2.99
22811,4.99
22812,6.99
22813,0.99
22814,0.99
22815,2.99
22816,2.99
22817,2.99
22818,2.99
22819,7.99
22820,2.99
22821,2.99
22822,2.99
22823,8.99
22824,5.99
22825,5.99
22826,4.99
22827,3.99
22828,0.99
22829,4.99
22830,8.99
22831,0.99
22832,4.99
22833,2.99
22834,2.99
22835,0.99
22836,2.99
22837,4.99
22838,7.99
22839,4.99
22840,4.99
22841,6.99
22842,8.99
22843,4.99
22844,2.99
22845,2.99
22846,2.99
22847,2.99
22848,5.99
22849,4.99
22850,1.99
22851,4.99
22852,4.99
22853,0.99
22854,0.99
22855,8.99
22856,5.99
22857,9.99
22858,2.99
22859,8.99
22860,8.99
22861,4.99
22862,2.99
22863,0.99
22864,4.99
22865,7.99
22866,1.99
22867,0.99
22868,0.99
22869,4.99
22870,4.99
22871,2.99
22872,2.99
22873,6.99
22874,1.99
22875,0.99
22876,2.99
22877,4.99
22878,0.99
22879,0.99
22880,0.99
22881,2.99
22882,4.99
22883,6.99
22884,2.99
22885,4.99
22886,4.99
22887,8.99
22888,9.99
22889,4.99
22890,8.99
22891,2.99
22892,2.99
22893,4.99
22894,5.99
22895,2.99
22896,0.99
22897,9.99
22898,2.99
22899,6.99
22900,7.99
22901,6.99
22902,4.99
22903,4.99
22904,2.99
22905,2.99
22906,2.99
22907,4.99
22908,6.99
22909,0.99
22910,0.99
22911,2.99
22912,2.99
22913,2.99
22914,2.99
22915,8.99
22916,2.99
22917,1.99
22918,4.99
22919,0.99
22920,4.99
22921,5.99
22922,2.99
22923,2.99
22924,0.99
22925,0.99
22926,4.99
22927,4.99
22928,0.99
22929,5.99
22930,3.99
22931,3.99
22932,2.99
22933,0.99
22934,5.99
22935,4.99
22936,4.99
22937,8.99
22938,1.99
22939,7.99
22940,2.99
22941,7.99
22942,7.99
22943,4.99
22944,0.99
22945,8.99
22946,6.99
22947,5.99
22948,0.99
22949,2.99
22950,4.99
22951,0.99
22952,6.99
22953,2.99
22954,3.99
22955,2.99
22956,0.99
22957,2.99
22958,4.99
22959,2.99
22960,4.99
22961,2.99
22962,5.99
22963,1.99
22964,4.99
22965,2.99
22966,4.99
22967,2.99
22968,6.99
22969,6.99
22970,2.99
22971,0.99
22972,2.99
22973,3.99
22974,0.99
22975,4.99
22976,7.99
22977,5.99
22978,6.99
22979,2.99
22980,2.99
22981,0.99
22982,0.99
22983,4.99
22984,0.99
22985,2.99
22986,4.99
22987,4.99
22988,2.99
22989,4.99
22990,0.99
22991,6.99
22992,6.99
22993,4.99
22994,4.99
22995,9.99
22996,8.99
22997,1.99
22998,0.99
22999,5.99
23000,2.99
23001,4.99
23002,7.99
23003,2.99
23004,7.99
23005,0.99
23006,0.99
23007,5.99
23008,2.99
23009,0.99
23010,4.99
23011,0.99
23012,2.99
23013,4.99
23014,2.99
23015,2.99
23016,0.99
23017,4.99
23018,2.99
23019,5.99
23020,7.99
23021,1.99
23022,7.99
23023,4.99
23024,4.99
23025,2.99
23026,0.99
23027,2.99
23028,4.99
23029,2.99
23030,2.99
23031,0.99
23032,6.99
23033,4.99
23034,4.99
23035,2.99
23036,1.99
23037,4.99
23038,9.99
23039,4.99
23040,2.99
23041,3.99
23042,7.99
23043,4.99
23044,0.99
23045,3.99
23046,8.99
23047,0.99
23048,2.99
23049,3.99
23050,0.99
23051,0.99
23052,6.99
23053,3.99
23054,2.99
23055,4.99
23056,0.99
23057,1.99
23058,4.99
23059,2.99
23060,6.99
23061,2.99
23062,5.99
23063,4.99
23064,4.99
23065,0.99
23066,9.99
23067,0.99
23068,4.99
23069,7.99
23070,5.99
23071,2.99
23072,0.99
23073,3.99
23074,9.99
23075,2.99
23076,6.99
23077,0.99
23078,5.99
23079,2.99
23080,6.99
23081,2.99
23082,4.99
23083,5.99
23084,2.99
23085,3.99
23086,0.99
23087,7.99
23088,4.99
23089,2.99
23090,2.99
23091,5.99
23092,4.99
23093,2.99
23094,7.99
23095,2.99
23096,4.99
23097,2.99
23098,4.99
23099,4.99
23100,4.99
23101,6.99
23102,2.99
23103,2.99
23104,3.99
23105,4.99
23106,6.99
23107,4.99
23108,2.99
23109,2.99
23110,6.99
23111,8.99
23112,4.99
23113,2.99
23114,3.99
23115,2.99
23116,3.99
23117,4.99
23118,6.99
23119,10.99
23120,7.99
23121,4.99
23122,4.99
23123,5.99
23124,0.99
23125,4.99
23126,2.99
23127,4.99
23128,2.99
23129,4.99
23130,0.99
23131,4.99
23132,6.99
23133,4.99
23134,2.99
23135,0.99
23136,5.99
23137,0.99
23138,5.99
23139,7.99
23140,7.99
23141,0.99
23142,2.99
23143,2.99
23144,1.99
23145,2.99
23146,3.99
23147,0.99
23148,2.99
23149,2.99
23150,5.99
23151,6.99
23152,2.99
23153,4.99
23154,7.99
23155,3.99
23156,6.99
23157,7.99
23158,4.99
23159,2.99
23160,6.99
23161,4.99
23162,4.99
23163,2.99
23164,0.99
23165,2.99
23166,4.99
23167,6.99
23168,0.99
23169,4.99
23170,2.99
23171,2.99
23172,0.99
23173,2.99
23174,6.99
23175,4.99
23176,4.99
23177,4.99
23178,0.99
23179,0.99
23180,0.99
23181,3.99
23182,2.99
23183,0.99
23184,5.99
23185,2.99
23186,5.99
23187,6.99
23188,5.99
23189,3.99
23190,5.99
23191,2.99
23192,5.99
23193,2.99
23194,2.99
23195,0.99
23196,5.99
23197,4.99
23198,0.99
23199,5.99
23200,5.99
23201,4.99
23202,4.99
23203,2.99
23204,2.99
23205,5.99
23206,4.99
23207,0.99
23208,2.99
23209,0.99
23210,4.99
23211,10.99
23212,4.99
23213,1.99
23214,4.99
23215,4.99
23216,1.99
23217,6.99
23218,2.99
23219,4.99
23220,6.99
23221,0.99
23222,4.99
23223,5.99
23224,4.99
23225,1.99
23226,4.99
23227,8.99
23228,5.99
23229,3.99
23230,0.99
23231,7.99
23232,5.99
23233,0.99
23234,0.99
23235,9.99
23236,0.99
23237,9.99
23238,4.99
23239,0.99
23240,6.99
23241,8.99
23242,6.99
23243,3.99
23244,2.99
23245,4.99
23246,5.99
23247,6.99
23248,4.99
23249,4.99
23250,5.99
23251,2.99
23252,2.99
23253,4.99
23254,5.99
23255,5.99
23256,5.99
23257,4.99
23258,2.99
23259,0.99
23260,4.99
23261,8.99
23262,1.99
23263,7.99
23264,2.99
23265,2.99
23266,5.99
23267,0.99
23268,2.99
23269,0.99
23270,2.99
23271,9.99
23272,0.99
23273,0.99
23274,6.99
23275,1.99
23276,2.99
23277,5.99
23278,0.99
23279,8.99
23280,1.99
23281,2.99
23282,4.99
23283,6.99
23284,0.99
23285,6.99
23286,4.99
23287,2.99
23288,0.99
23289,7.99
23290,0.99
23291,8.99
23292,3.99
23293,5.99
23294,2.99
23295,4.99
23296,4.99
23297,0.99
23298,2.99
23299,0.99
23300,5.99
23301,0.99
23302,5.99
23303,8.99
23304,4.99
23305,2.99
23306,7.99
23307,6.99
23308,0.99
23309,6.99
23310,0.99
23311,0.99
23312,5.99
23313,2.99
23314,5.99
23315,0.99
23316,0.99
23317,2.99
23318,2.99
23319,6.99
23320,2.99
23321,0.99
23322,4.99
23323,8.99
23324,8.99
23325,8.99
23326,4.99
23327,2.99
23328,4.99
23329,2.99
23330,4.99
23331,2.99
23332,2.99
23333,2.99
23334,4.99
23335,0.99
23336,5.99
23337,1.99
23338,4.99
23339,3.99
23340,2.99
23341,2.99
23342,5.99
23343,5.99
23344,3.99
23345,0.99
23346,2.99
23347,2.99
23348,9.99
23349,2.99
23350,4.99
23351,4.99
23352,6.99
23353,3.99
23354,4.99
23355,0.99
23356,3.99
23357,4.99
23358,7.99
23359,3.99
23360,4.99
23361,3.99
23362,4.99
23363,0.99
23364,0.99
23365,6.99
23366,5.99
23367,2.99
23368,4.99
23369,2.99
23370,2.99
23371,0.99
23372,0.99
23373,0.99
23374,4.99
23375,0.99
23376,4.99
23377,0.99
23378,0.99
23379,2.99
23380,4.99
23381,4.99
23382,0.99
23383,4.99
23384,3.99
23385,4.99
23386,4.99
23387,0.99
23388,2.99
23389,0.99
23390,3.99
23391,3.99
23392,0.99
23393,0.99
23394,1.99
23395,5.99
23396,4.99
23397,4.99
23398,0.99
23399,4.99
23400,0.99
23401,5.99
23402,3.99
23403,4.99
23404,0.99
23405,2.99
23406,0.99
23407,1.99
23408,5.99
23409,4.99
23410,0.99
23411,5.99
23412,4.99
23413,7.99
23414,3.99
23415,2.99
23416,4.99
23417,10.99
23418,2.99
23419,0.99
23420,0.99
23421,2.99
23422,7.99
23423,6.99
23424,1.99
23425,9.99
23426,4.99
23427,2.99
23428,3.99
23429,2.99
23430,7.99
23431,10.99
23432,8.99
23433,4.99
23434,5.99
23435,0.99
23436,5.99
23437,2.99
23438,0.99
23439,2.99
23440,7.99
23441,2.99
23442,2.99
23443,4.99
23444,2.99
23445,0.99
23446,0.99
23447,6.99
23448,8.99
23449,5.99
23450,0.99
23451,1.99
23452,2.99
23453,4.99
23454,0.99
23455,4.99
23456,0.99
23457,0.99
23458,8.99
23459,5.99
23460,0.99
23461,5.99
23462,4.99
23463,5.99
23464,4.99
23465,3.99
23466,7.99
23467,5.99
23468,4.99
23469,4.99
23470,2.99
23471,1.99
23472,4.99
23473,5.99
23474,3.99
23475,0.99
23476,6.99
23477,0.99
23478,4.99
23479,3.99
23480,0.99
23481,5.99
23482,4.99
23483,4.99
23484,5.99
23485,4.99
23486,4.99
23487,5.99
23488,0.99
23489,2.99
23490,4.99
23491,3.99
23492,7.99
23493,0.99
23494,4.99
23495,4.99
23496,2.99
23497,5.99
23498,4.99
23499,2.99
23500,4.99
23501,0.99
23502,8.99
23503,0.99
23504,4.99
23505,3.99
23506,0.99
23507,8.99
23508,4.99
23509,6.99
23510,0.99
23511,2.99
23512,3.99
23513,4.99
23514,4.99
23515,2.99
23516,1.99
23517,4.99
23518,1.99
23519,5.99
23520,4.99
23521,0.99
23522,8.99
23523,5.99
23524,0.99
23525,0.99
23526,10.99
23527,2.99
23528,2.99
23529,4.99
23530,0.99
23531,6.99
23532,2.99
23533,5.99
23534,3.99
23535,4.99
23536,4.99
23537,3.99
23538,3.99
23539,2.99
23540,2.99
23541,2.99
23542,2.99
23543,4.99
23544,4.99
23545,4.99
23546,0.99
23547,0.99
23548,2.99
23549,4.99
23550,1.99
23551,4.99
23552,0.99
23553,0.99
23554,7.99
23555,0.99
23556,0.99
23557,4.99
23558,4.99
23559,0.99
23560,2.99
23561,1.99
23562,4.99
23563,1.99
23564,4.99
23565,4.99
23566,2.99
23567,4.99
23568,5.99
23569,0.99
23570,2.99
23571,0.99
23572,4.99
23573,5.99
23574,4.99
23575,2.99
23576,2.99
23577,8.99
23578,4.99
23579,0.99
23580,4.99
23581,5.99
23582,2.99
23583,0.99
23584,1.99
23585,2.99
23586,5.99
23587,1.99
23588,4.99
23589,0.99
23590,0.99
23591,0.99
23592,5.99
23593,7.99
23594,4.99
23595,4.99
23596,3.99
23597,4.99
23598,4.99
23599,0.99
23600,4.99
23601,3.99
23602,4.99
23603,2.99
23604,4.99
23605,0.99
23606,3.99
23607,2.99
23608,0.99
23609,2.99
23610,5.99
23611,2.99
23612,5.99
23613,1.99
23614,7.99
23615,7.99
23616,1.99
23617,4.99
23618,0.99
23619,8.99
23620,0.99
23621,4.99
23622,0.99
23623,0.99
23624,3.99
23625,6.99
23626,0.99
23627,4.99
23628,2.99
23629,4.99
23630,1.99
23631,0.99
23632,3.99
23633,2.99
23634,1.99
23635,4.99
23636,4.99
23637,4.99
23638,9.99
23639,1.99
23640,3.99
23641,7.99
23642,0.99
23643,2.99
23644,4.99
23645,8.99
23646,5.99
23647,3.99
23648,5.99
23649,0.99
23650,8.99
23651,2.99
23652,3.99
23653,0.99
23654,1.99
23655,4.99
23656,3.99
23657,3.99
23658,0.99
23659,4.99
23660,0.99
23661,2.99
23662,6.99
23663,2.99
23664,0.99
23665,4.99
23666,4.99
23667,2.99
23668,2.99
23669,8.99
23670,0.99
23671,7.99
23672,2.99
23673,2.99
23674,0.99
23675,6.99
23676,4.99
23677,4.99
23678,6.99
23679,4.99
23680,3.99
23681,5.99
23682,6.99
23683,2.99
23684,2.99
23685,6.99
23686,2.99
23687,3.99
23688,8.99
23689,2.99
23690,0.99
23691,3.99
23692,6.99
23693,3.99
23694,7.99
23695,2.99
23696,7.99
23697,3.99
23698,2.99
23699,2.99
23700,4.99
23701,4.99
23702,4.99
23703,2.99
23704,3.99
23705,2.99
23706,5.99
23707,0.99
23708,6.99
23709,5.99
23710,2.99
23711,7.99
23712,4.99
23713,3.99
23714,8.99
23715,2.99
23716,5.99
23717,0.99
23718,4.99
23719,0.99
23720,8.99
23721,2.99
23722,0.99
23723,1.99
23724,7.99
23725,5.99
23726,5.99
23727,3.99
23728,2.99
23729,1.99
23730,2.99
23731,4.99
23732,0.99
23733,6.99
23734,6.99
23735,5.99
23736,4.99
23737,0.99
23738,2.99
23739,3.99
23740,0.99
23741,4.99
23742,2.99
23743,0.99
23744,2.99
23745,0.99
23746,0.99
23747,6.99
23748,0.99
23749,1.99
23750,1.99
23751,4.99
23752,2.99
23753,7.99
23754,0.99
23755,0.99
23756,6.99
23757,11.99
23758,2.99
23759,2.99
23760,4.99
23761,3.99
23762,2.99
23763,2.99
23764,6.99
23765,4.99
23766,0.99
23767,2.99
23768,2.99
23769,2.99
23770,6.99
23771,5.99
23772,7.99
23773,2.99
23774,0.99
23775,3.99
23776,2.99
23777,4.99
23778,2.99
23779,5.99
23780,2.99
23781,3.99
23782,6.99
23783,4.99
23784,3.99
23785,2.99
23786,6.99
23787,0.99
23788,4.99
23789,3.99
23790,6.99
23791,2.99
23792,3.99
23793,4.99
23794,3.99
23795,0.99
23796,2.99
23797,7.99
23798,2.99
23799,4.99
23800,4.99
23801,9.99
23802,6.99
23803,5.99
23804,8.99
23805,1.99
23806,3.99
23807,1.99
23808,5.99
23809,0.99
23810,7.99
23811,4.99
23812,9.99
23813,2.99
23814,7.99
23815,0.99
23816,2.99
23817,1.99
23818,3.99
23819,2.99
23820,4.99
23821,4.99
23822,2.99
23823,4.99
23824,5.99
23825,8.99
23826,2.99
23827,3.99
23828,2.99
23829,7.99
23830,4.99
23831,1.99
23832,2.99
23833,5.99
23834,4.99
23835,0.99
23836,4.99
23837,0.99
23838,2.99
23839,2.99
23840,7.99
23841,4.99
23842,4.99
23843,0.99
23844,4.99
23845,2.99
23846,6.99
23847,2.99
23848,2.99
23849,9.99
23850,4.99
23851,3.99
23852,0.99
23853,2.99
23854,7.99
23855,0.99
23856,2.99
23857,2.99
23858,4.99
23859,7.99
23860,10.99
23861,7.99
23862,0.99
23863,4.99
23864,2.99
23865,4.99
23866,2.99
23867,2.99
23868,2.99
23869,5.99
23870,5.99
23871,2.99
23872,2.99
23873,2.99
23874,0.99
23875,0.99
23876,5.99
23877,0.99
23878,2.99
23879,0.99
23880,8.99
23881,3.99
23882,8.99
23883,2.99
23884,0.99
23885,2.99
23886,2.99
23887,4.99
23888,3.99
23889,4.99
23890,10.99
23891,4.99
23892,4.99
23893,0.99
23894,0.99
23895,1.99
23896,2.99
23897,5.99
23898,2.99
23899,2.99
23900,6.99
23901,0.99
23902,5.99
23903,4.99
23904,4.99
23905,1.99
23906,0.99
23907,2.99
23908,0.99
23909,0.99
23910,9.99
23911,6.99
23912,7.99
23913,2.99
23914,0.99
23915,2.99
23916,2.99
23917,4.99
23918,6.99
23919,3.99
23920,6.99
23921,0.99
23922,0.99
23923,0.99
23924,4.99
23925,0.99
23926,4.99
23927,4.99
23928,2.99
23929,1.99
23930,2.99
23931,0.99
23932,6.99
23933,6.99
23934,3.99
23935,4.99
23936,4.99
23937,7.99
23938,2.99
23939,2.99
23940,2.99
23941,2.99
23942,0.99
23943,2.99
23944,3.99
23945,5.99
23946,7.99
23947,2.99
23948,0.99
23949,0.99
23950,5.99
23951,2.99
23952,10.99
23953,5.99
23954,0.99
23955,4.99
23956,0.99
23957,2.99
23958,4.99
23959,4.99
23960,5.99
23961,4.99
23962,3.99
23963,3.99
23964,2.99
23965,0.99
23966,5.99
23967,5.99
23968,7.99
23969,7.99
23970,0.99
23971,2.99
23972,4.99
23973,9.99
23974,3.99
23975,5.99
23976,4.99
23977,0.99
23978,0.99
23979,2.99
23980,2.99
23981,1.99
23982,4.99
23983,4.99
23984,4.99
23985,2.99
23986,0.99
23987,2.99
23988,6.99
23989,3.99
23990,5.99
23991,2.99
23992,2.99
23993,2.99
23994,2.99
23995,9.99
23996,3.99
23997,0.99
23998,6.99
23999,3.99
24000,4.99
24001,4.99
24002,10.99
24003,2.99
24004,2.99
24005,3.99
24006,1.99
24007,4.99
24008,2.99
24009,5.99
24010,5.99
24011,2.99
24012,3.99
24013,2.99
24014,0.99
24015,2.99
24016,4.99
24017,7.99
24018,2.99
24019,4.99
24020,0.99
24021,2.99
24022,5.99
24023,5.99
24024,0.99
24025,0.99
24026,0.99
24027,0.99
24028,4.99
24029,0.99
24030,2.99
24031,1.99
24032,6.99
24033,6.99
24034,2.99
24035,4.99
24036,5.99
24037,4.99
24038,0.99
24039,4.99
24040,5.99
24041,4.99
24042,2.99
24043,6.99
24044,7.99
24045,4.99
24046,2.99
24047,2.99
24048,3.99
24049,6.99
24050,2.99
24051,2.99
24052,1.99
24053,7.99
24054,4.99
24055,5.99
24056,2.99
24057,2.99
24058,2.99
24059,7.99
24060,3.99
24061,0.99
24062,5.99
24063,6.99
24064,7.99
24065,2.99
24066,0.99
24067,5.99
24068,4.99
24069,4.99
24070,7.99
24071,2.99
24072,4.99
24073,4.99
24074,4.99
24075,2.99
24076,6.99
24077,7.99
24078,8.99
24079,4.99
24080,4.99
24081,4.99
24082,3.99
24083,4.99
24084,0.99
24085,0.99
24086,4.99
24087,2.99
24088,4.99
24089,4.99
24090,8.99
24091,6.99
24092,6.99
24093,10.99
24094,2.99
24095,0.99
24096,3.99
24097,6.99
24098,6.99
24099,0.99
24100,4.99
24101,6.99
24102,2.99
24103,0.99
24104,5.99
24105,2.99
24106,4.99
24107,8.99
24108,3.99
24109,3.99
24110,7.99
24111,0.99
24112,2.99
24113,4.99
24114,3.99
24115,4.99
24116,2.99
24117,2.99
24118,2.99
24119,6.99
24120,6.99
24121,2.99
24122,2.99
24123,1.99
24124,0.99
24125,6.99
24126,8.99
24127,2.99
24128,5.99
24129,0.99
24130,2.99
24131,9.99
24132,0.99
24133,4.99
24134,2.99
24135,2.99
24136,0.99
24137,5.99
24138,4.99
24139,3.99
24140,4.99
24141,2.99
24142,2.99
24143,6.99
24144,6.99
24145,0.99
24146,2.99
24147,4.99
24148,1.99
24149,4.99
24150,0.99
24151,0.99
24152,0.99
24153,4.99
24154,4.99
24155,1.99
24156,3.99
24157,4.99
24158,4.99
24159,4.99
24160,4.99
24161,0.99
24162,7.99
24163,1.99
24164,6.99
24165,4.99
24166,5.99
24167,0.99
24168,4.99
24169,2.99
24170,7.99
24171,6.99
24172,0.99
24173,2.99
24174,4.99
24175,5.99
24176,8.99
24177,2.99
24178,2.99
24179,0.99
24180,0.99
24181,6.99
24182,2.99
24183,5.99
24184,0.99
24185,2.99
24186,2.99
24187,1.99
24188,4.99
24189,0.99
24190,6.99
24191,4.99
24192,4.99
24193,5.99
24194,6.99
24195,0.99
24196,4.99
24197,4.99
24198,6.99
24199,2.99
24200,4.99
24201,4.99
24202,6.99
24203,0.99
24204,2.99
24205,1.99
24206,5.99
24207,1.99
24208,2.99
24209,2.99
24210,0.99
24211,2.99
24212,5.99
24213,5.99
24214,4.99
24215,1.99
24216,0.99
24217,8.99
24218,0.99
24219,2.99
24220,0.99
24221,4.99
24222,5.99
24223,2.99
24224,2.99
24225,7.99
24226,2.99
24227,7.99
24228,6.99
24229,4.99
24230,2.99
24231,2.99
24232,4.99
24233,3.99
24234,5.99
24235,0.99
24236,2.99
24237,6.99
24238,0.99
24239,2.99
24240,0.99
24241,7.99
24242,0.99
24243,5.99
24244,2.99
24245,5.99
24246,0.99
24247,4.99
24248,1.99
24249,4.99
24250,0.99
24251,2.99
24252,4.99
24253,2.99
24254,2.99
24255,7.99
24256,4.99
24257,5.99
24258,8.99
24259,0.99
24260,2.99
24261,5.99
24262,4.99
24263,2.99
24264,4.99
24265,1.99
24266,3.99
24267,5.99
24268,7.99
24269,4.99
24270,4.99
24271,4.99
24272,7.99
24273,5.99
24274,2.99
24275,5.99
24276,2.99
24277,1.99
24278,3.99
24279,4.99
24280,4.99
24281,4.99
24282,6.99
24283,1.99
24284,3.99
24285,0.99
24286,0.99
24287,4.99
24288,4.99
24289,0.99
24290,0.99
24291,10.99
24292,1.99
24293,6.99
24294,2.99
24295,8.99
24296,4.99
24297,0.99
24298,2.99
24299,3.99
24300,2.99
24301,2.99
24302,5.99
24303,5.99
24304,2.99
24305,1.99
24306,0.99
24307,4.99
24308,0.99
24309,4.99
24310,5.99
24311,0.99
24312,3.99
24313,3.99
24314,0.99
24315,6.99
24316,8.99
24317,2.99
24318,7.99
24319,4.99
24320,4.99
24321,5.99
24322,6.99
24323,0.99
24324,0.99
24325,1.99
24326,9.99
24327,0.99
24328,3.99
24329,0.99
24330,6.99
24331,4.99
24332,8.99
24333,5.99
24334,4.99
24335,0.99
24336,4.99
24337,4.99
24338,2.99
24339,3.99
24340,3.99
24341,5.99
24342,2.99
24343,6.99
24344,4.99
24345,2.99
24346,0.99
24347,8.99
24348,2.99
24349,2.99
24350,4.99
24351,8.99
24352,0.99
24353,5.99
24354,0.99
24355,1.99
24356,4.99
24357,7.99
24358,0.99
24359,4.99
24360,0.99
24361,4.99
24362,6.99
24363,6.99
24364,4.99
24365,2.99
24366,2.99
24367,0.99
24368,2.99
24369,5.99
24370,2.99
24371,2.99
24372,7.99
24373,5.99
24374,7.99
24375,1.99
24376,4.99
24377,4.99
24378,4.99
24379,2.99
24380,0.99
24381,0.99
24382,5.99
24383,6.99
24384,4.99
24385,0.99
24386,0.99
24387,2.99
24388,0.99
24389,0.99
24390,5.99
24391,6.99
24392,6.99
24393,3.99
24394,6.99
24395,2.99
24396,2.99
24397,4.99
24398,7.99
24399,2.99
24400,4.99
24401,4.99
24402,3.99
24403,0.99
24404,0.99
24405,4.99
24406,7.99
24407,0.99
24408,7.99
24409,0.99
24410,4.99
24411,5.99
24412,8.99
24413,8.99
24414,2.99
24415,4.99
24416,2.99
24417,0.99
24418,2.99
24419,4.99
24420,4.99
24421,6.99
24422,2.99
24423,4.99
24424,6.99
24425,4.99
24426,7.99
24427,0.99
24428,2.99
24429,2.99
24430,4.99
24431,4.99
24432,2.99
24433,3.99
24434,2.99
24435,4.99
24436,4.99
24437,3.99
24438,4.99
24439,6.99
24440,2.99
24441,5.99
24442,6.99
24443,1.99
24444,5.99
24445,2.99
24446,0.99
24447,3.99
24448,3.99
24449,2.99
24450,4.99
24451,9.99
24452,2.99
24453,2.99
24454,0.99
24455,5.99
24456,4.99
24457,4.99
24458,5.99
24459,0.99
24460,0.99
24461,2.99
24462,5.99
24463,0.99
24464,2.99
24465,0.99
24466,0.99
24467,5.99
24468,8.99
24469,6.99
24470,4.99
24471,3.99
24472,2.99
24473,4.99
24474,4.99
24475,3.99
24476,0.99
24477,3.99
24478,0.99
24479,2.99
24480,8.99
24481,9.99
24482,7.99
24483,8.99
24484,8.99
24485,4.99
24486,2.99
24487,7.99
24488,5.99
24489,0.99
24490,4.99
24491,4.99
24492,2.99
24493,2.99
24494,5.99
24495,2.99
24496,2.99
24497,2.99
24498,0.99
24499,4.99
24500,9.99
24501,6.99
24502,6.99
24503,3.99
24504,1.99
24505,5.99
24506,5.99
24507,6.99
24508,4.99
24509,6.99
24510,0.99
24511,9.99
24512,2.99
24513,0.99
24514,0.99
24515,4.99
24516,2.99
24517,0.99
24518,2.99
24519,4.99
24520,0.99
24521,7.99
24522,4.99
24523,4.99
24524,5.99
24525,4.99
24526,7.99
24527,4.99
24528,6.99
24529,2.99
24530,2.99
24531,0.99
24532,4.99
24533,2.99
24534,0.99
24535,2.99
24536,4.99
24537,4.99
24538,6.99
24539,5.99
24540,5.99
24541,3.99
24542,0.99
24543,7.99
24544,4.99
24545,4.99
24546,4.99
24547,7.99
24548,2.99
24549,0.99
24550,0.99
24551,0.99
24552,7.99
24553,11.99
24554,2.99
24555,0.99
24556,0.99
24557,0.99
24558,8.99
24559,5.99
24560,5.99
24561,0.99
24562,3.99
24563,0.99
24564,4.99
24565,2.99
24566,4.99
24567,4.99
24568,4.99
24569,2.99
24570,1.99
24571,0.99
24572,3.99
24573,9.99
24574,4.99
24575,2.99
24576,0.99
24577,8.99
24578,0.99
24579,3.99
24580,6.99
24581,2.99
24582,4.99
24583,2.99
24584,1.99
24585,2.99
24586,4.99
24587,5.99
24588,5.99
24589,5.99
24590,2.99
24591,4.99
24592,6.99
24593,4.99
24594,4.99
24595,8.99
24596,2.99
24597,0.99
24598,4.99
24599,0.99
24600,3.99
24601,2.99
24602,8.99
24603,5.99
24604,10.99
24605,6.99
24606,4.99
24607,5.99
24608,6.99
24609,5.99
24610,3.99
24611,0.99
24612,0.99
24613,4.99
24614,9.99
24615,3.99
24616,2.99
24617,2.99
24618,2.99
24619,2.99
24620,5.99
24621,4.99
24622,5.99
24623,2.99
24624,6.99
24625,0.99
24626,2.99
24627,4.99
24628,6.99
24629,0.99
24630,8.99
24631,6.99
24632,2.99
24633,9.99
24634,4.99
24635,8.99
24636,4.99
24637,2.99
24638,4.99
24639,7.99
24640,6.99
24641,4.99
24642,0.99
24643,8.99
24644,2.99
24645,4.99
24646,8.99
24647,3.99
24648,0.99
24649,4.99
24650,5.99
24651,2.99
24652,2.99
24653,0.99
24654,1.99
24655,7.99
24656,6.99
24657,5.99
24658,4.99
24659,0.99
24660,7.99
24661,0.99
24662,3.99
24663,2.99
24664,5.99
24665,4.99
24666,2.99
24667,2.99
24668,3.99
24669,4.99
24670,0.99
24671,6.99
24672,3.99
24673,4.99
24674,2.99
24675,4.99
24676,4.99
24677,2.99
24678,9.99
24679,2.99
24680,0.99
24681,0.99
24682,4.99
24683,4.99
24684,0.99
24685,2.99
24686,2.99
24687,2.99
24688,1.99
24689,0.99
24690,0.99
24691,4.99
24692,2.99
24693,2.99
24694,2.99
24695,0.99
24696,4.99
24697,0.99
24698,7.99
24699,0.99
24700,2.99
24701,4.99
24702,4.99
24703,2.99
24704,4.99
24705,5.99
24706,6.99
24707,2.99
24708,2.99
24709,4.99
24710,4.99
24711,4.99
24712,0.99
24713,2.99
24714,2.99
24715,2.99
24716,0.99
24717,5.99
24718,5.99
24719,4.99
24720,0.99
24721,2.99
24722,0.99
24723,4.99
24724,0.99
24725,5.99
24726,4.99
24727,4.99
24728,4.99
24729,4.99
24730,0.99
24731,3.99
24732,4.99
24733,2.99
24734,4.99
24735,4.99
24736,2.99
24737,2.99
24738,4.99
24739,4.99
24740,4.99
24741,4.99
24742,2.99
24743,0.99
24744,3.99
24745,2.99
24746,5.99
24747,0.99
24748,7.99
24749,8.99
24750,2.99
24751,2.99
24752,2.99
24753,4.99
24754,5.99
24755,0.99
24756,4.99
24757,7.99
24758,5.99
24759,2.99
24760,0.99
24761,4.99
24762,2.99
24763,4.99
24764,0.99
24765,5.99
24766,5.99
24767,2.99
24768,0.99
24769,1.99
24770,2.99
24771,1.99
24772,0.99
24773,5.99
24774,4.99
24775,5.99
24776,1.99
24777,6.99
24778,4.99
24779,0.99
24780,0.99
24781,4.99
24782,2.99
24783,4.99
24784,2.99
24785,5.99
24786,3.99
24787,0.99
24788,4.99
24789,0.99
24790,4.99
24791,4.99
24792,0.99
24793,2.99
24794,4.99
24795,4.99
24796,2.99
24797,0.99
24798,4.99
24799,5.99
24800,4.99
24801,2.99
24802,2.99
24803,5.99
24804,5.99
24805,2.99
24806,1.99
24807,7.99
24808,0.99
24809,0.99
24810,5.99
24811,2.99
24812,2.99
24813,7.99
24814,5.99
24815,0.99
24816,8.99
24817,3.99
24818,6.99
24819,0.99
24820,4.99
24821,2.99
24822,3.99
24823,6.99
24824,0.99
24825,2.99
24826,2.99
24827,0.99
24828,0.99
24829,2.99
24830,4.99
24831,5.99
24832,2.99
24833,2.99
24834,1.99
24835,0.99
24836,0.99
24837,6.99
24838,7.99
24839,4.99
24840,0.99
24841,3.99
24842,3.99
24843,0.99
24844,4.99
24845,5.99
24846,2.99
24847,5.99
24848,2.99
24849,2.99
24850,4.99
24851,0.99
24852,0.99
24853,3.99
24854,6.99
24855,6.99
24856,3.99
24857,5.99
24858,4.99
24859,2.99
24860,2.99
24861,7.99
24862,4.99
24863,7.99
24864,4.99
24865,4.99
24866,11.99
24867,5.99
24868,0.99
24869,6.99
24870,6.99
24871,6.99
24872,3.99
24873,8.99
24874,0.99
24875,1.99
24876,5.99
24877,5.99
24878,2.99
24879,2.99
24880,4.99
24881,8.99
24882,0.99
24883,0.99
24884,2.99
24885,2.99
24886,4.99
24887,0.99
24888,4.99
24889,1.99
24890,4.99
24891,4.99
24892,3.99
24893,1.99
24894,7.99
24895,3.99
24896,6.99
24897,2.99
24898,4.99
24899,8.99
24900,2.99
24901,0.99
24902,3.99
24903,2.99
24904,1.99
24905,4.99
24906,4.99
24907,2.99
24908,7.99
24909,2.99
24910,0.99
24911,2.99
24912,2.99
24913,4.99
24914,0.99
24915,4.99
24916,9.99
24917,0.99
24918,4.99
24919,0.99
24920,4.99
24921,7.99
24922,4.99
24923,9.99
24924,0.99
24925,5.99
24926,0.99
24927,0.99
24928,2.99
24929,2.99
24930,2.99
24931,0.99
24932,3.99
24933,1.99
24934,2.99
24935,6.99
24936,2.99
24937,0.99
24938,9.99
24939,9.99
24940,4.99
24941,0.99
24942,0.99
24943,0.99
24944,0.99
24945,1.99
24946,3.99
24947,0.99
24948,0.99
24949,0.99
24950,7.99
24951,0.99
24952,6.99
24953,2.99
24954,5.99
24955,6.99
24956,4.99
24957,6.99
24958,2.99
24959,1.99
24960,6.99
24961,2.99
24962,2.99
24963,0.99
24964,4.99
24965,7.99
24966,4.99
24967,4.99
24968,4.99
24969,4.99
24970,4.99
24971,0.99
24972,0.99
24973,0.99
24974,5.99
24975,1.99
24976,4.99
24977,0.99
24978,4.99
24979,0.99
24980,6.99
24981,4.99
24982,0.99
24983,0.99
24984,4.99
24985,5.99
24986,4.99
24987,6.99
24988,7.99
24989,0.99
24990,3.99
24991,4.99
24992,2.99
24993,2.99
24994,6.99
24995,0.99
24996,2.99
24997,4.99
24998,0.99
24999,2.99
25000,0.99
25001,4.99
25002,5.99
25003,4.99
25004,4.99
25005,2.99
25006,6.99
25007,0.99
25008,5.99
25009,5.99
25010,3.99
25011,4.99
25012,7.99
25013,4.99
25014,2.99
25015,4.99
25016,0.99
25017,6.99
25018,0.99
25019,0.99
25020,2.99
25021,0.99
25022,4.99
25023,4.99
25024,2.99
25025,4.99
25026,0.99
25027,4.99
25028,7.99
25029,2.99
25030,0.99
25031,0.99
25032,8.99
25033,3.99
25034,4.99
25035,2.99
25036,8.99
25037,0.99
25038,0.99
25039,6.99
25040,4.99
25041,2.99
25042,3.99
25043,2.99
25044,4.99
25045,7.99
25046,4.99
25047,0.99
25048,6.99
25049,1.99
25050,2.99
25051,5.99
25052,7.99
25053,0.99
25054,2.99
25055,5.99
25056,0.99
25057,0.99
25058,2.99
25059,0.99
25060,1.99
25061,4.99
25062,5.99
25063,6.99
25064,0.99
25065,5.99
25066,3.99
25067,4.99
25068,6.99
25069,2.99
25070,6.99
25071,3.99
25072,2.99
25073,3.99
25074,6.99
25075,4.99
25076,2.99
25077,4.99
25078,5.99
25079,4.99
25080,6.99
25081,4.99
25082,2.99
25083,10.99
25084,2.99
25085,2.99
25086,8.99
25087,0.99
25088,2.99
25089,3.99
25090,2.99
25091,0.99
25092,2.99
25093,2.99
25094,7.99
25095,6.99
25096,1.99
25097,1.99
25098,2.99
25099,6.99
25100,4.99
25101,5.99
25102,2.99
25103,4.99
25104,4.99
25105,0.99
25106,0.99
25107,2.99
25108,5.99
25109,4.99
25110,3.99
25111,6.99
25112,3.99
25113,0.99
25114,4.99
25115,4.99
25116,3.99
25117,6.99
25118,2.99
25119,2.99
25120,0.99
25121,9.99
25122,5.99
25123,6.99
25124,3.99
25125,6.99
25126,4.99
25127,7.99
25128,2.99
25129,3.99
25130,0.99
25131,2.99
25132,4.99
25133,2.99
25134,5.99
25135,4.99
25136,3.99
25137,3.99
25138,1.99
25139,4.99
25140,8.99
25141,4.99
25142,6.99
25143,6.99
25144,2.99
25145,4.99
25146,5.99
25147,5.99
25148,4.99
25149,0.99
25150,0.99
25151,4.99
25152,0.99
25153,6.99
25154,4.99
25155,8.99
25156,6.99
25157,1.99
25158,2.99
25159,0.99
25160,2.99
25161,4.99
25162,1.99
25163,2.99
25164,4.99
25165,4.99
25166,4.99
25167,7.99
25168,2.99
25169,2.99
25170,6.99
25171,3.99
25172,1.99
25173,2.99
25174,7.99
25175,3.99
25176,1.99
25177,9.99
25178,0.99
25179,6.99
25180,2.99
25181,5.99
25182,4.99
25183,4.99
25184,6.99
25185,2.99
25186,3.99
25187,9.99
25188,0.99
25189,4.99
25190,2.99
25191,3.99
25192,3.99
25193,1.99
25194,2.99
25195,1.99
25196,2.99
25197,2.99
25198,3.99
25199,0.99
25200,4.99
25201,7.99
25202,3.99
25203,2.99
25204,7.99
25205,2.99
25206,7.99
25207,10.99
25208,2.99
25209,5.99
25210,7.99
25211,7.99
25212,2.99
25213,8.99
25214,1.99
25215,2.99
25216,5.99
25217,2.99
25218,4.99
25219,5.99
25220,0.99
25221,3.99
25222,0.99
25223,5.99
25224,2.99
25225,2.99
25226,3.99
25227,0.99
25228,5.99
25229,7.99
25230,4.99
25231,4.99
25232,4.99
25233,0.99
25234,0.99
25235,9.99
25236,5.99
25237,0.99
25238,2.99
25239,4.99
25240,2.99
25241,2.99
25242,2.99
25243,0.99
25244,4.99
25245,4.99
25246,5.99
25247,2.99
25248,0.99
25249,1.99
25250,4.99
25251,8.99
25252,5.99
25253,5.99
25254,2.99
25255,4.99
25256,5.99
25257,0.99
25258,2.99
25259,2.99
25260,5.99
25261,4.99
25262,2.99
25263,4.99
25264,0.99
25265,2.99
25266,4.99
25267,8.99
25268,4.99
25269,0.99
25270,0.99
25271,5.99
25272,4.99
25273,2.99
25274,4.99
25275,7.99
25276,2.99
25277,9.99
25278,0.99
25279,2.99
25280,3.99
25281,5.99
25282,2.99
25283,4.99
25284,0.99
25285,4.99
25286,0.99
25287,0.99
25288,0.99
25289,7.99
25290,6.99
25291,3.99
25292,0.99
25293,0.99
25294,0.99
25295,6.99
25296,5.99
25297,0.99
25298,2.99
25299,3.99
25300,0.99
25301,4.99
25302,2.99
25303,2.99
25304,2.99
25305,4.99
25306,0.99
25307,8.99
25308,6.99
25309,2.99
25310,3.99
25311,6.99
25312,4.99
25313,1.99
25314,0.99
25315,1.99
25316,9.99
25317,4.99
25318,6.99
25319,4.99
25320,0.99
25321,2.99
25322,1.99
25323,2.99
25324,0.99
25325,1.99
25326,0.99
25327,4.99
25328,0.99
25329,0.99
25330,4.99
25331,2.99
25332,2.99
25333,2.99
25334,0.99
25335,2.99
25336,7.99
25337,7.99
25338,6.99
25339,5.99
25340,2.99
25341,6.99
25342,4.99
25343,8.99
25344,2.99
25345,0.99
25346,6.99
25347,2.99
25348,9.99
25349,0.99
25350,3.99
25351,4.99
25352,4.99
25353,0.99
25354,6.99
25355,9.99
25356,9.99
25357,4.99
25358,0.99
25359,4.99
25360,3.99
25361,6.99
25362,9.99
25363,4.99
25364,2.99
25365,4.99
25366,2.99
25367,2.99
25368,2.99
25369,0.99
25370,2.99
25371,6.99
25372,0.99
25373,6.99
25374,3.99
25375,5.99
25376,4.99
25377,1.99
25378,3.99
25379,0.99
25380,3.99
25381,2.99
25382,2.99
25383,2.99
25384,6.99
25385,1.99
25386,6.99
25387,3.99
25388,2.99
25389,0.99
25390,2.99
25391,3.99
25392,0.99
25393,2.99
25394,2.99
25395,0.99
25396,2.99
25397,0.99
25398,4.99
25399,8.99
25400,4.99
25401,0.99
25402,3.99
25403,7.99
25404,4.99
25405,4.99
25406,0.99
25407,2.99
25408,4.99
25409,0.99
25410,0.99
25411,2.99
25412,5.99
25413,2.99
25414,4.99
25415,4.99
25416,2.99
25417,1.99
25418,4.99
25419,7.99
25420,0.99
25421,3.99
25422,1.99
25423,4.99
25424,3.99
25425,2.99
25426,4.99
25427,2.99
25428,5.99
25429,0.99
25430,0.99
25431,4.99
25432,5.99
25433,5.99
25434,7.99
25435,0.99
25436,4.99
25437,4.99
25438,0.99
25439,4.99
25440,8.99
25441,6.99
25442,5.99
25443,2.99
25444,2.99
25445,4.99
25446,2.99
25447,4.99
25448,8.99
25449,5.99
25450,1.99
25451,3.99
25452,0.99
25453,4.99
25454,6.99
25455,3.99
25456,9.99
25457,4.99
25458,4.99
25459,2.99
25460,2.99
25461,4.99
25462,4.99
25463,7.99
25464,5.99
25465,6.99
25466,4.99
25467,4.99
25468,2.99
25469,2.99
25470,0.99
25471,0.99
25472,4.99
25473,1.99
25474,9.99
25475,1.99
25476,1.99
25477,2.99
25478,4.99
25479,2.99
25480,4.99
25481,2.99
25482,3.99
25483,0.99
25484,7.99
25485,9.99
25486,2.99
25487,7.99
25488,8.99
25489,4.99
25490,4.99
25491,0.99
25492,7.99
25493,2.99
25494,4.99
25495,0.99
25496,4.99
25497,4.99
25498,5.99
25499,6.99
25500,4.99
25501,0.99
25502,5.99
25503,2.99
25504,0.99
25505,2.99
25506,5.99
25507,8.99
25508,2.99
25509,6.99
25510,4.99
25511,2.99
25512,0.99
25513,0.99
25514,2.99
25515,5.99
25516,0.99
25517,0.99
25518,2.99
25519,2.99
25520,3.99
25521,2.99
25522,2.99
25523,0.99
25524,0.99
25525,7.99
25526,5.99
25527,0.99
25528,5.99
25529,2.99
25530,1.99
25531,2.99
25532,0.99
25533,7.99
25534,4.99
25535,2.99
25536,9.99
25537,2.99
25538,0.99
25539,0.99
25540,0.99
25541,2.99
25542,10.99
25543,4.99
25544,5.99
25545,4.99
25546,4.99
25547,6.99
25548,6.99
25549,3.99
25550,0.99
25551,2.99
25552,0.99
25553,4.99
25554,3.99
25555,6.99
25556,4.99
25557,2.99
25558,2.99
25559,6.99
25560,4.99
25561,4.99
25562,4.99
25563,4.99
25564,0.99
25565,2.99
25566,0.99
25567,4.99
25568,7.99
25569,0.99
25570,6.99
25571,6.99
25572,0.99
25573,2.99
25574,7.99
25575,2.99
25576,8.99
25577,5.99
25578,4.99
25579,4.99
25580,4.99
25581,4.99
25582,4.99
25583,2.99
25584,0.99
25585,6.99
25586,0.99
25587,2.99
25588,6.99
25589,8.99
25590,2.99
25591,4.99
25592,3.99
25593,0.99
25594,0.99
25595,4.99
25596,4.99
25597,4.99
25598,0.99
25599,6.99
25600,4.99
25601,2.99
25602,0.99
25603,2.99
25604,4.99
25605,8.99
25606,7.99
25607,0.99
25608,4.99
25609,4.99
25610,6.99
25611,5.99
25612,1.99
25613,2.99
25614,2.99
25615,4.99
25616,6.99
25617,4.99
25618,2.99
25619,0.99
25620,0.99
25621,4.99
25622,4.99
25623,0.99
25624,6.99
25625,6.99
25626,4.99
25627,2.99
25628,4.99
25629,3.99
25630,6.99
25631,0.99
25632,10.99
25633,2.99
25634,3.99
25635,0.99
25636,6.99
25637,4.99
25638,3.99
25639,8.99
25640,2.99
25641,0.99
25642,2.99
25643,7.99
25644,4.99
25645,7.99
25646,4.99
25647,4.99
25648,8.99
25649,4.99
25650,4.99
25651,5.99
25652,4.99
25653,5.99
25654,4.99
25655,2.99
25656,2.99
25657,2.99
25658,2.99
25659,0.99
25660,10.99
25661,0.99
25662,5.99
25663,0.99
25664,5.99
25665,5.99
25666,7.99
25667,2.99
25668,3.99
25669,5.99
25670,4.99
25671,6.99
25672,2.99
25673,6.99
25674,8.99
25675,4.99
25676,2.99
25677,1.99
25678,3.99
25679,5.99
25680,2.99
25681,2.99
25682,4.99
25683,6.99
25684,4.99
25685,6.99
25686,3.99
25687,2.99
25688,5.99
25689,2.99
25690,0.99
25691,4.99
25692,3.99
25693,2.99
25694,0.99
25695,2.99
25696,0.99
25697,0.99
25698,4.99
25699,0.99
25700,5.99
25701,2.99
25702,3.99
25703,4.99
25704,2.99
25705,6.99
25706,3.99
25707,0.99
25708,6.99
25709,4.99
25710,3.99
25711,6.99
25712,2.99
25713,4.99
25714,6.99
25715,4.99
25716,4.99
25717,5.99
25718,6.99
25719,9.99
25720,2.99
25721,3.99
25722,7.99
25723,5.99
25724,4.99
25725,2.99
25726,2.99
25727,4.99
25728,1.99
25729,4.99
25730,4.99
25731,6.99
25732,0.99
25733,8.99
25734,0.99
25735,0.99
25736,7.99
25737,2.99
25738,2.99
25739,2.99
25740,4.99
25741,2.99
25742,4.99
25743,8.99
25744,4.99
25745,2.99
25746,8.99
25747,0.99
25748,0.99
25749,5.99
25750,3.99
25751,2.99
25752,4.99
25753,8.99
25754,2.99
25755,2.99
25756,4.99
25757,4.99
25758,6.99
25759,2.99
25760,4.99
25761,0.99
25762,0.99
25763,4.99
25764,2.99
25765,4.99
25766,3.99
25767,4.99
25768,4.99
25769,4.99
25770,0.99
25771,4.99
25772,0.99
25773,5.99
25774,4.99
25775,4.99
25776,5.99
25777,2.99
25778,8.99
25779,2.99
25780,5.99
25781,6.99
25782,0.99
25783,0.99
25784,1.99
25785,4.99
25786,2.99
25787,3.99
25788,0.99
25789,4.99
25790,4.99
25791,4.99
25792,7.99
25793,4.99
25794,1.99
25795,6.99
25796,1.99
25797,4.99
25798,1.99
25799,3.99
25800,7.99
25801,2.99
25802,5.99
25803,1.99
25804,4.99
25805,0.99
25806,0.99
25807,2.99
25808,4.99
25809,4.99
25810,4.99
25811,0.99
25812,4.99
25813,2.99
25814,0.99
25815,2.99
25816,4.99
25817,3.99
25818,7.99
25819,6.99
25820,3.99
25821,4.99
25822,2.99
25823,5.99
25824,2.99
25825,4.99
25826,4.99
25827,0.99
25828,9.99
25829,2.99
25830,0.99
25831,2.99
25832,4.99
25833,0.99
25834,7.99
25835,5.99
25836,2.99
25837,2.99
25838,4.99
25839,5.99
25840,4.99
25841,2.99
25842,0.99
25843,0.99
25844,4.99
25845,4.99
25846,0.99
25847,2.99
25848,1.99
25849,1.99
25850,4.99
25851,1.99
25852,6.99
25853,4.99
25854,2.99
25855,2.99
25856,2.99
25857,4.99
25858,4.99
25859,1.99
25860,2.99
25861,4.99
25862,7.99
25863,6.99
25864,0.99
25865,4.99
25866,0.99
25867,0.99
25868,6.99
25869,4.99
25870,2.99
25871,2.99
25872,1.99
25873,2.99
25874,5.99
25875,0.99
25876,2.99
25877,2.99
25878,2.99
25879,4.99
25880,4.99
25881,4.99
25882,4.99
25883,8.99
25884,4.99
25885,5.99
25886,10.99
25887,2.99
25888,1.99
25889,5.99
25890,0.99
25891,4.99
25892,5.99
25893,6.99
25894,6.99
25895,6.99
25896,2.99
25897,1.99
25898,2.99
25899,0.99
25900,0.99
25901,7.99
25902,2.99
25903,8.99
25904,4.99
25905,8.99
25906,6.99
25907,1.99
25908,5.99
25909,0.99
25910,4.99
25911,0.99
25912,1.99
25913,4.99
25914,0.99
25915,4.99
25916,0.99
25917,6.99
25918,0.99
25919,4.99
25920,4.99
25921,10.99
25922,4.99
25923,2.99
25924,4.99
25925,6.99
25926,4.99
25927,0.99
25928,5.99
25929,4.99
25930,5.99
25931,4.99
25932,2.99
25933,7.99
25934,2.99
25935,3.99
25936,0.99
25937,0.99
25938,2.99
25939,4.99
25940,8.99
25941,4.99
25942,0.99
25943,2.99
25944,7.99
25945,0.99
25946,3.99
25947,2.99
25948,5.99
25949,4.99
25950,0.99
25951,5.99
25952,2.99
25953,2.99
25954,0.99
25955,4.99
25956,6.99
25957,4.99
25958,6.99
25959,4.99
25960,8.99
25961,0.99
25962,0.99
25963,5.99
25964,6.99
25965,4.99
25966,4.99
25967,2.99
25968,0.99
25969,7.99
25970,2.99
25971,4.99
25972,4.99
25973,8.99
25974,5.99
25975,0.99
25976,2.99
25977,5.99
25978,4.99
25979,4.99
25980,2.99
25981,4.99
25982,3.99
25983,0.99
25984,7.99
25985,2.99
25986,4.99
25987,0.99
25988,3.99
25989,3.99
25990,6.99
25991,0.99
25992,7.99
25993,2.99
25994,4.99
25995,0.99
25996,5.99
25997,4.99
25998,2.99
25999,0.99
26000,4.99
26001,2.99
26002,4.99
26003,0.99
26004,4.99
26005,4.99
26006,2.99
26007,4.99
26008,2.99
26009,4.99
26010,0.99
26011,2.99
26012,2.99
26013,9.99
26014,0.99
26015,4.99
26016,8.99
26017,2.99
26018,7.99
26019,0.99
26020,2.99
26021,2.99
26022,0.99
26023,5.99
26024,0.99
26025,4.99
26026,5.99
26027,7.99
26028,4.99
26029,3.99
26030,6.99
26031,5.99
26032,9.99
26033,5.99
26034,2.99
26035,5.99
26036,3.99
26037,5.99
26038,4.99
26039,2.99
26040,4.99
26041,2.99
26042,2.99
26043,4.99
26044,3.99
26045,7.99
26046,6.99
26047,2.99
26048,8.99
26049,4.99
26050,2.99
26051,8.99
26052,4.99
26053,8.99
26054,4.99
26055,4.99
26056,4.99
26057,2.99
26058,8.99
26059,6.99
26060,5.99
26061,6.99
26062,0.99
26063,8.99
26064,4.99
26065,4.99
26066,2.99
26067,0.99
26068,4.99
26069,5.99
26070,6.99
26071,0.99
26072,2.99
26073,1.99
26074,0.99
26075,4.99
26076,4.99
26077,4.99
26078,4.99
26079,2.99
26080,4.99
26081,4.99
26082,3.99
26083,2.99
26084,4.99
26085,4.99
26086,9.99
26087,0.99
26088,0.99
26089,8.99
26090,4.99
26091,0.99
26092,2.99
26093,2.99
26094,6.99
26095,4.99
26096,2.99
26097,4.99
26098,4.99
26099,2.99
26100,3.99
26101,2.99
26102,5.99
26103,0.99
26104,4.99
26105,4.99
26106,4.99
26107,2.99
26108,4.99
26109,1.99
26110,5.99
26111,0.99
26112,0.99
26113,5.99
26114,2.99
26115,0.99
26116,2.99
26117,1.99
26118,3.99
26119,4.99
26120,2.99
26121,0.99
26122,1.99
26123,5.99
26124,0.99
26125,3.99
26126,3.99
26127,4.99
26128,5.99
26129,4.99
26130,4.99
26131,7.99
26132,0.99
26133,4.99
26134,5.99
26135,2.99
26136,7.99
26137,6.99
26138,4.99
26139,5.99
26140,2.99
26141,0.99
26142,5.99
26143,1.99
26144,3.99
26145,3.99
26146,2.99
26147,2.99
26148,0.99
26149,5.99
26150,2.99
26151,4.99
26152,4.99
26153,3.99
26154,0.99
26155,4.99
26156,0.99
26157,5.99
26158,0.99
26159,2.99
26160,0.99
26161,4.99
26162,8.99
26163,4.99
26164,0.99
26165,2.99
26166,5.99
26167,6.99
26168,4.99
26169,5.99
26170,0.99
26171,6.99
26172,2.99
26173,4.99
26174,4.99
26175,5.99
26176,1.99
26177,6.99
26178,4.99
26179,0.99
26180,4.99
26181,0.99
26182,2.99
26183,1.99
26184,0.99
26185,3.99
26186,5.99
26187,4.99
26188,3.99
26189,6.99
26190,3.99
26191,0.99
26192,0.99
26193,8.99
26194,4.99
26195,2.99
26196,0.99
26197,2.99
26198,5.99
26199,2.99
26200,2.99
26201,3.99
26202,2.99
26203,2.99
26204,5.99
26205,2.99
26206,2.99
26207,0.99
26208,0.99
26209,2.99
26210,7.99
26211,9.99
26212,2.99
26213,0.99
26214,0.99
26215,0.99
26216,4.99
26217,4.99
26218,5.99
26219,4.99
26220,7.99
26221,2.99
26222,1.99
26223,3.99
26224,0.99
26225,5.99
26226,2.99
26227,9.99
26228,4.99
26229,3.99
26230,2.99
26231,2.99
26232,4.99
26233,0.99
26234,2.99
26235,3.99
26236,2.99
26237,0.99
26238,4.99
26239,0.99
26240,1.99
26241,2.99
26242,2.99
26243,4.99
26244,1.99
26245,4.99
26246,8.99
26247,4.99
26248,1.99
26249,5.99
26250,4.99
26251,4.99
26252,4.99
26253,1.99
26254,2.99
26255,2.99
26256,2.99
26257,4.99
26258,0.99
26259,2.99
26260,4.99
26261,3.99
26262,3.99
26263,6.99
26264,4.99
26265,4.99
26266,2.99
26267,4.99
26268,2.99
26269,4.99
26270,2.99
26271,3.99
26272,2.99
26273,4.99
26274,4.99
26275,8.99
26276,4.99
26277,4.99
26278,0.99
26279,4.99
26280,10.99
26281,2.99
26282,4.99
26283,0.99
26284,1.99
26285,4.99
26286,7.99
26287,4.99
26288,4.99
26289,4.99
26290,3.99
26291,2.99
26292,4.99
26293,2.99
26294,4.99
26295,2.99
26296,2.99
26297,5.99
26298,0.99
26299,6.99
26300,4.99
26301,6.99
26302,5.99
26303,0.99
26304,4.99
26305,1.99
26306,2.99
26307,4.99
26308,6.99
26309,4.99
26310,1.99
26311,2.99
26312,6.99
26313,2.99
26314,8.99
26315,4.99
26316,4.99
26317,2.99
26318,2.99
26319,0.99
26320,5.99
26321,0.99
26322,3.99
26323,4.99
26324,4.99
26325,4.99
26326,0.99
26327,0.99
26328,8.99
26329,4.99
26330,5.99
26331,2.99
26332,4.99
26333,0.99
26334,2.99
26335,5.99
26336,6.99
26337,6.99
26338,2.99
26339,4.99
26340,1.99
26341,7.99
26342,2.99
26343,2.99
26344,2.99
26345,4.99
26346,0.99
26347,0.99
26348,4.99
26349,7.99
26350,0.99
26351,0.99
26352,7.99
26353,6.99
26354,0.99
26355,0.99
26356,0.99
26357,8.99
26358,1.99
26359,4.99
26360,0.99
26361,2.99
26362,1.99
26363,0.99
26364,3.99
26365,4.99
26366,4.99
26367,8.99
26368,0.99
26369,4.99
26370,2.99
26371,2.99
26372,6.99
26373,7.99
26374,4.99
26375,4.99
26376,5.99
26377,4.99
26378,7.99
26379,2.99
26380,0.99
26381,0.99
26382,2.99
26383,8.99
26384,5.99
26385,2.99
26386,4.99
26387,7.99
26388,5.99
26389,3.99
26390,0.99
26391,4.99
26392,0.99
26393,3.99
26394,0.99
26395,3.99
26396,8.99
26397,4.99
26398,0.99
26399,4.99
26400,6.99
26401,4.99
26402,1.99
26403,4.99
26404,6.99
26405,3.99
26406,2.99
26407,0.99
26408,0.99
26409,7.99
26410,0.99
26411,6.99
26412,6.99
26413,4.99
26414,2.99
26415,4.99
26416,2.99
26417,2.99
26418,0.99
26419,8.99
26420,3.99
26421,5.99
26422,4.99
26423,4.99
26424,6.99
26425,8.99
26426,2.99
26427,2.99
26428,5.99
26429,4.99
26430,2.99
26431,0.99
26432,2.99
26433,0.99
26434,0.99
26435,0.99
26436,7.99
26437,1.99
26438,10.99
26439,4.99
26440,3.99
26441,0.99
26442,4.99
26443,8.99
26444,4.99
26445,0.99
26446,1.99
26447,1.99
26448,0.99
26449,2.99
26450,3.99
26451,2.99
26452,4.99
26453,2.99
26454,4.99
26455,7.99
26456,4.99
26457,4.99
26458,2.99
26459,4.99
26460,2.99
26461,4.99
26462,0.99
26463,8.99
26464,2.99
26465,0.99
26466,2.99
26467,2.99
26468,3.99
26469,0.99
26470,6.99
26471,10.99
26472,0.99
26473,2.99
26474,0.99
26475,0.99
26476,2.99
26477,4.99
26478,2.99
26479,2.99
26480,2.99
26481,0.99
26482,0.99
26483,4.99
26484,2.99
26485,4.99
26486,3.99
26487,4.99
26488,4.99
26489,0.99
26490,0.99
26491,0.99
26492,9.99
26493,4.99
26494,6.99
26495,0.99
26496,5.99
26497,4.99
26498,0.99
26499,4.99
26500,3.99
26501,2.99
26502,0.99
26503,0.99
26504,0.99
26505,0.99
26506,0.99
26507,4.99
26508,4.99
26509,2.99
26510,0.99
26511,0.99
26512,1.99
26513,8.99
26514,0.99
26515,6.99
26516,2.99
26517,4.99
26518,4.99
26519,0.99
26520,2.99
26521,2.99
26522,2.99
26523,4.99
26524,6.99
26525,8.99
26526,0.99
26527,2.99
26528,4.99
26529,2.99
26530,2.99
26531,3.99
26532,4.99
26533,4.99
26534,2.99
26535,0.99
26536,5.99
26537,4.99
26538,6.99
26539,5.99
26540,0.99
26541,2.99
26542,5.99
26543,2.99
26544,2.99
26545,2.99
26546,5.99
26547,3.99
26548,0.99
26549,2.99
26550,2.99
26551,0.99
26552,2.99
26553,0.99
26554,6.99
26555,0.99
26556,3.99
26557,2.99
26558,3.99
26559,4.99
26560,8.99
26561,4.99
26562,6.99
26563,4.99
26564,4.99
26565,2.99
26566,4.99
26567,3.99
26568,2.99
26569,5.99
26570,4.99
26571,0.99
26572,3.99
26573,5.99
26574,0.99
26575,5.99
26576,2.99
26577,4.99
26578,4.99
26579,5.99
26580,0.99
26581,0.99
26582,7.99
26583,4.99
26584,3.99
26585,2.99
26586,0.99
26587,0.99
26588,6.99
26589,0.99
26590,7.99
26591,2.99
26592,0.99
26593,2.99
26594,2.99
26595,1.99
26596,0.99
26597,9.99
26598,0.99
26599,2.99
26600,8.99
26601,5.99
26602,7.99
26603,4.99
26604,2.99
26605,0.99
26606,8.99
26607,0.99
26608,4.99
26609,0.99
26610,7.99
26611,1.99
26612,0.99
26613,6.99
26614,2.99
26615,6.99
26616,4.99
26617,4.99
26618,4.99
26619,3.99
26620,0.99
26621,0.99
26622,0.99
26623,5.99
26624,4.99
26625,0.99
26626,0.99
26627,2.99
26628,7.99
26629,6.99
26630,1.99
26631,2.99
26632,4.99
26633,2.99
26634,0.99
26635,2.99
26636,2.99
26637,2.99
26638,5.99
26639,2.99
26640,0.99
26641,6.99
26642,5.99
26643,0.99
26644,4.99
26645,4.99
26646,4.99
26647,2.99
26648,2.99
26649,4.99
26650,2.99
26651,4.99
26652,6.99
26653,0.99
26654,1.99
26655,5.99
26656,3.99
26657,4.99
26658,7.99
26659,2.99
26660,5.99
26661,1.99
26662,0.99
26663,4.99
26664,0.99
26665,2.99
26666,6.99
26667,4.99
26668,5.99
26669,2.99
26670,6.99
26671,2.99
26672,6.99
26673,5.99
26674,5.99
26675,2.99
26676,2.99
26677,5.99
26678,5.99
26679,4.99
26680,2.99
26681,0.99
26682,7.99
26683,0.99
26684,3.99
26685,4.99
26686,2.99
26687,2.99
26688,8.99
26689,4.99
26690,0.99
26691,6.99
26692,3.99
26693,5.99
26694,2.99
26695,3.99
26696,4.99
26697,2.99
26698,3.99
26699,0.99
26700,7.99
26701,6.99
26702,0.99
26703,6.99
26704,3.99
26705,4.99
26706,4.99
26707,2.99
26708,4.99
26709,4.99
26710,5.99
26711,2.99
26712,7.99
26713,4.99
26714,5.99
26715,2.99
26716,2.99
26717,8.99
26718,4.99
26719,4.99
26720,3.99
26721,1.99
26722,0.99
26723,4.99
26724,5.99
26725,3.99
26726,4.99
26727,4.99
26728,2.99
26729,0.99
26730,0.99
26731,7.99
26732,0.99
26733,1.99
26734,2.99
26735,2.99
26736,0.99
26737,2.99
26738,5.99
26739,0.99
26740,4.99
26741,4.99
26742,0.99
26743,0.99
26744,2.99
26745,5.99
26746,4.99
26747,4.99
26748,7.99
26749,4.99
26750,2.99
26751,0.99
26752,0.99
26753,1.99
26754,0.99
26755,4.99
26756,2.99
26757,8.99
26758,0.99
26759,4.99
26760,9.99
26761,0.99
26762,5.99
26763,4.99
26764,2.99
26765,4.99
26766,9.99
26767,0.99
26768,2.99
26769,3.99
26770,0.99
26771,0.99
26772,4.99
26773,2.99
26774,4.99
26775,4.99
26776,4.99
26777,3.99
26778,6.99
26779,0.99
26780,4.99
26781,5.99
26782,4.99
26783,3.99
26784,5.99
26785,0.99
26786,2.99
26787,7.99
26788,4.99
26789,2.99
26790,2.99
26791,0.99
26792,4.99
26793,5.99
26794,1.99
26795,0.99
26796,0.99
26797,0.99
26798,3.99
26799,4.99
26800,5.99
26801,2.99
26802,4.99
26803,5.99
26804,4.99
26805,5.99
26806,4.99
26807,3.99
26808,0.99
26809,2.99
26810,2.99
26811,0.99
26812,2.99
26813,5.99
26814,2.99
26815,1.99
26816,0.99
26817,2.99
26818,2.99
26819,0.99
26820,5.99
26821,0.99
26822,0.99
26823,0.99
26824,0.99
26825,8.99
26826,8.99
26827,0.99
26828,4.99
26829,4.99
26830,0.99
26831,7.99
26832,4.99
26833,0.99
26834,0.99
26835,10.99
26836,3.99
26837,7.99
26838,0.99
26839,0.99
26840,0.99
26841,2.99
26842,2.99
26843,2.99
26844,5.99
26845,8.99
26846,0.99
26847,0.99
26848,5.99
26849,3.99
26850,4.99
26851,0.99
26852,4.99
26853,2.99
26854,2.99
26855,2.99
26856,3.99
26857,2.99
26858,2.99
26859,7.99
26860,0.99
26861,2.99
26862,5.99
26863,2.99
26864,2.99
26865,2.99
26866,4.99
26867,2.99
26868,9.99
26869,6.99
26870,4.99
26871,2.99
26872,2.99
26873,0.99
26874,7.99
26875,2.99
26876,0.99
26877,4.99
26878,4.99
26879,5.99
26880,0.99
26881,10.99
26882,4.99
26883,0.99
26884,4.99
26885,0.99
26886,5.99
26887,0.99
26888,3.99
26889,0.99
26890,0.99
26891,3.99
26892,4.99
26893,2.99
26894,4.99
26895,2.99
26896,4.99
26897,4.99
26898,4.99
26899,0.99
26900,3.99
26901,4.99
26902,4.99
26903,4.99
26904,2.99
26905,0.99
26906,0.99
26907,7.99
26908,5.99
26909,8.99
26910,5.99
26911,0.99
26912,3.99
26913,4.99
26914,2.99
26915,4.99
26916,4.99
26917,4.99
26918,0.99
26919,4.99
26920,4.99
26921,2.99
26922,0.99
26923,1.99
26924,0.99
26925,4.99
26926,4.99
26927,0.99
26928,0.99
26929,2.99
26930,1.99
26931,5.99
26932,2.99
26933,4.99
26934,0.99
26935,9.99
26936,9.99
26937,3.99
26938,9.99
26939,2.99
26940,0.99
26941,0.99
26942,0.99
26943,5.99
26944,0.99
26945,3.99
26946,2.99
26947,2.99
26948,2.99
26949,4.99
26950,1.99
26951,2.99
26952,4.99
26953,8.99
26954,4.99
26955,6.99
26956,4.99
26957,2.99
26958,5.99
26959,8.99
26960,2.99
26961,7.99
26962,7.99
26963,2.99
26964,4.99
26965,2.99
26966,2.99
26967,4.99
26968,0.99
26969,0.99
26970,2.99
26971,0.99
26972,0.99
26973,2.99
26974,4.99
26975,4.99
26976,3.99
26977,4.99
26978,10.99
26979,4.99
26980,5.99
26981,5.99
26982,4.99
26983,10.99
26984,3.99
26985,2.99
26986,5.99
26987,6.99
26988,2.99
26989,7.99
26990,3.99
26991,5.99
26992,5.99
26993,2.99
26994,2.99
26995,5.99
26996,0.99
26997,4.99
26998,5.99
26999,6.99
27000,2.99
27001,4.99
27002,4.99
27003,5.99
27004,2.99
27005,4.99
27006,7.99
27007,6.99
27008,6.99
27009,4.99
27010,1.99
27011,2.99
27012,7.99
27013,0.99
27014,4.99
27015,5.99
27016,6.99
27017,6.99
27018,0.99
27019,4.99
27020,2.99
27021,3.99
27022,2.99
27023,0.99
27024,4.99
27025,4.99
27026,5.99
27027,4.99
27028,2.99
27029,6.99
27030,4.99
27031,4.99
27032,4.99
27033,0.99
27034,4.99
27035,6.99
27036,4.99
27037,2.99
27038,6.99
27039,0.99
27040,7.99
27041,0.99
27042,8.99
27043,5.99
27044,0.99
27045,4.99
27046,4.99
27047,4.99
27048,5.99
27049,2.99
27050,4.99
27051,3.99
27052,2.99
27053,6.99
27054,10.99
27055,2.99
27056,0.99
27057,6.99
27058,2.99
27059,0.99
27060,4.99
27061,0.99
27062,8.99
27063,4.99
27064,4.99
27065,2.99
27066,5.99
27067,4.99
27068,0.99
27069,3.99
27070,4.99
27071,1.99
27072,2.99
27073,0.99
27074,2.99
27075,4.99
27076,0.99
27077,4.99
27078,5.99
27079,9.99
27080,9.99
27081,0.99
27082,5.99
27083,3.99
27084,4.99
27085,4.99
27086,4.99
27087,1.99
27088,2.99
27089,6.99
27090,2.99
27091,2.99
27092,2.99
27093,8.99
27094,4.99
27095,2.99
27096,4.99
27097,4.99
27098,2.99
27099,4.99
27100,3.99
27101,4.99
27102,1.99
27103,8.99
27104,0.99
27105,2.99
27106,3.99
27107,0.99
27108,5.99
27109,2.99
27110,4.99
27111,5.99
27112,2.99
27113,2.99
27114,2.99
27115,2.99
27116,2.99
27117,2.99
27118,0.99
27119,6.99
27120,2.99
27121,7.99
27122,2.99
27123,0.99
27124,2.99
27125,0.99
27126,4.99
27127,0.99
27128,9.99
27129,4.99
27130,2.99
27131,4.99
27132,0.99
27133,2.99
27134,8.99
27135,0.99
27136,2.99
27137,0.99
27138,2.99
27139,4.99
27140,5.99
27141,2.99
27142,0.99
27143,4.99
27144,4.99
27145,4.99
27146,10.99
27147,2.99
27148,1.99
27149,4.99
27150,2.99
27151,5.99
27152,2.99
27153,2.99
27154,3.99
27155,4.99
27156,2.99
27157,2.99
27158,0.99
27159,2.99
27160,2.99
27161,4.99
27162,4.99
27163,5.99
27164,2.99
27165,5.99
27166,5.99
27167,4.99
27168,2.99
27169,2.99
27170,8.99
27171,9.99
27172,1.99
27173,4.99
27174,5.99
27175,4.99
27176,0.99
27177,6.99
27178,2.99
27179,2.99
27180,2.99
27181,3.99
27182,1.99
27183,0.99
27184,0.99
27185,2.99
27186,0.99
27187,2.99
27188,4.99
27189,8.99
27190,0.99
27191,4.99
27192,0.99
27193,4.99
27194,4.99
27195,2.99
27196,0.99
27197,4.99
27198,0.99
27199,6.99
27200,5.99
27201,0.99
27202,4.99
27203,6.99
27204,4.99
27205,4.99
27206,0.99
27207,9.99
27208,3.99
27209,0.99
27210,4.99
27211,6.99
27212,4.99
27213,0.99
27214,2.99
27215,0.99
27216,1.99
27217,8.99
27218,4.99
27219,5.99
27220,6.99
27221,5.99
27222,6.99
27223,0.99
27224,2.99
27225,1.99
27226,2.99
27227,2.99
27228,2.99
27229,4.99
27230,10.99
27231,0.99
27232,8.99
27233,3.99
27234,2.99
27235,6.99
27236,3.99
27237,2.99
27238,5.99
27239,3.99
27240,7.99
27241,4.99
27242,2.99
27243,0.99
27244,0.99
27245,4.99
27246,4.99
27247,2.99
27248,8.99
27249,4.99
27250,3.99
27251,8.99
27252,2.99
27253,3.99
27254,2.99
27255,6.99
27256,0.99
27257,4.99
27258,2.99
27259,0.99
27260,1.99
27261,0.99
27262,2.99
27263,6.99
27264,1.99
27265,6.99
27266,0.99
27267,8.99
27268,4.99
27269,2.99
27270,6.99
27271,4.99
27272,0.99
27273,6.99
27274,6.99
27275,1.99
27276,7.99
27277,4.99
27278,4.99
27279,2.99
27280,4.99
27281,0.99
27282,2.99
27283,0.99
27284,0.99
27285,9.99
27286,3.99
27287,2.99
27288,8.99
27289,2.99
27290,6.99
27291,4.99
27292,4.99
27293,4.99
27294,5.99
27295,2.99
27296,7.99
27297,2.99
27298,3.99
27299,0.99
27300,0.99
27301,2.99
27302,4.99
27303,5.99
27304,0.99
27305,7.99
27306,1.99
27307,4.99
27308,2.99
27309,2.99
27310,2.99
27311,2.99
27312,0.99
27313,3.99
27314,5.99
27315,7.99
27316,1.99
27317,3.99
27318,0.99
27319,2.99
27320,2.99
27321,3.99
27322,0.99
27323,0.99
27324,3.99
27325,6.99
27326,4.99
27327,4.99
27328,5.99
27329,6.99
27330,9.99
27331,10.99
27332,2.99
27333,6.99
27334,2.99
27335,4.99
27336,4.99
27337,4.99
27338,7.99
27339,3.99
27340,4.99
27341,5.99
27342,6.99
27343,3.99
27344,2.99
27345,0.99
27346,2.99
27347,0.99
27348,2.99
27349,2.99
27350,2.99
27351,0.99
27352,0.99
27353,4.99
27354,0.99
27355,4.99
27356,4.99
27357,3.99
27358,4.99
27359,0.99
27360,7.99
27361,6.99
27362,8.99
27363,6.99
27364,8.99
27365,4.99
27366,2.99
27367,2.99
27368,0.99
27369,3.99
27370,2.99
27371,0.99
27372,2.99
27373,2.99
27374,0.99
27375,0.99
27376,6.99
27377,0.99
27378,0.99
27379,2.99
27380,7.99
27381,2.99
27382,4.99
27383,5.99
27384,6.99
27385,4.99
27386,3.99
27387,5.99
27388,0.99
27389,3.99
27390,2.99
27391,0.99
27392,4.99
27393,6.99
27394,2.99
27395,0.99
27396,3.99
27397,2.99
27398,0.99
27399,4.99
27400,4.99
27401,4.99
27402,6.99
27403,2.99
27404,5.99
27405,2.99
27406,7.99
27407,6.99
27408,2.99
27409,8.99
27410,4.99
27411,2.99
27412,5.99
27413,3.99
27414,3.99
27415,2.99
27416,0.99
27417,4.99
27418,5.99
27419,4.99
27420,0.99
27421,5.99
27422,6.99
27423,0.99
27424,6.99
27425,4.99
27426,10.99
27427,3.99
27428,0.99
27429,0.99
27430,3.99
27431,6.99
27432,0.99
27433,4.99
27434,4.99
27435,3.99
27436,6.99
27437,6.99
27438,4.99
27439,4.99
27440,0.99
27441,2.99
27442,4.99
27443,5.99
27444,4.99
27445,4.99
27446,4.99
27447,6.99
27448,4.99
27449,3.99
27450,2.99
27451,4.99
27452,10.99
27453,5.99
27454,4.99
27455,8.99
27456,6.99
27457,5.99
27458,2.99
27459,4.99
27460,0.99
27461,2.99
27462,2.99
27463,8.99
27464,5.99
27465,0.99
27466,2.99
27467,0.99
27468,2.99
27469,6.99
27470,2.99
27471,3.99
27472,6.99
27473,5.99
27474,5.99
27475,2.99
27476,5.99
27477,6.99
27478,0.99
27479,4.99
27480,4.99
27481,0.99
27482,5.99
27483,2.99
27484,4.99
27485,4.99
27486,2.99
27487,1.99
27488,7.99
27489,4.99
27490,8.99
27491,4.99
27492,1.99
27493,2.99
27494,0.99
27495,0.99
27496,2.99
27497,4.99
27498,0.99
27499,7.99
27500,2.99
27501,5.99
27502,6.99
27503,4.99
27504,0.99
27505,0.99
27506,9.99
27507,2.99
27508,4.99
27509,7.99
27510,1.99
27511,5.99
27512,7.99
27513,2.99
27514,2.99
27515,3.99
27516,7.99
27517,5.99
27518,4.99
27519,4.99
27520,2.99
27521,0.99
27522,0.99
27523,6.99
27524,3.99
27525,5.99
27526,2.99
27527,7.99
27528,2.99
27529,2.99
27530,10.99
27531,6.99
27532,5.99
27533,2.99
27534,8.99
27535,4.99
27536,4.99
27537,2.99
27538,4.99
27539,4.99
27540,4.99
27541,0.99
27542,6.99
27543,0.99
27544,8.99
27545,0.99
27546,4.99
27547,7.99
27548,1.99
27549,0.99
27550,8.99
27551,7.99
27552,2.99
27553,5.99
27554,8.99
27555,2.99
27556,7.99
27557,7.99
27558,2.99
27559,2.99
27560,2.99
27561,9.99
27562,4.99
27563,6.99
27564,4.99
27565,0.99
27566,2.99
27567,1.99
27568,0.99
27569,10.99
27570,2.99
27571,0.99
27572,4.99
27573,7.99
27574,6.99
27575,6.99
27576,4.99
27577,3.99
27578,2.99
27579,4.99
27580,4.99
27581,4.99
27582,8.99
27583,2.99
27584,8.99
27585,7.99
27586,5.99
27587,6.99
27588,2.99
27589,6.99
27590,4.99
27591,4.99
27592,4.99
27593,9.99
27594,0.99
27595,4.99
27596,4.99
27597,7.99
27598,4.99
27599,4.99
27600,2.99
27601,6.99
27602,0.99
27603,6.99
27604,5.99
27605,2.99
27606,6.99
27607,4.99
27608,2.99
27609,0.99
27610,5.99
27611,9.99
27612,4.99
27613,8.99
27614,0.99
27615,1.99
27616,0.99
27617,3.99
27618,2.99
27619,2.99
27620,3.99
27621,3.99
27622,4.99
27623,4.99
27624,4.99
27625,4.99
27626,6.99
27627,2.99
27628,4.99
27629,2.99
27630,2.99
27631,0.99
27632,4.99
27633,4.99
27634,4.99
27635,2.99
27636,7.99
27637,4.99
27638,4.99
27639,4.99
27640,4.99
27641,8.99
27642,0.99
27643,2.99
27644,1.99
27645,2.99
27646,3.99
27647,2.99
27648,2.99
27649,0.99
27650,4.99
27651,1.99
27652,2.99
27653,4.99
27654,7.99
27655,2.99
27656,3.99
27657,0.99
27658,6.99
27659,5.99
27660,8.99
27661,5.99
27662,5.99
27663,2.99
27664,0.99
27665,2.99
27666,5.99
27667,2.99
27668,0.99
27669,2.99
27670,3.99
27671,4.99
27672,0.99
27673,4.99
27674,4.99
27675,4.99
27676,2.99
27677,5.99
27678,7.99
27679,0.99
27680,4.99
27681,2.99
27682,4.99
27683,2.99
27684,8.99
27685,5.99
27686,4.99
27687,0.99
27688,8.99
27689,2.99
27690,6.99
27691,4.99
27692,2.99
27693,3.99
27694,6.99
27695,7.99
27696,6.99
27697,2.99
27698,4.99
27699,8.99
27700,2.99
27701,6.99
27702,0.99
27703,0.99
27704,2.99
27705,2.99
27706,4.99
27707,5.99
27708,7.99
27709,4.99
27710,2.99
27711,7.99
27712,4.99
27713,2.99
27714,0.99
27715,2.99
27716,0.99
27717,3.99
27718,5.99
27719,7.99
27720,4.99
27721,2.99
27722,3.99
27723,8.99
27724,1.99
27725,2.99
27726,2.99
27727,4.99
27728,4.99
27729,7.99
27730,2.99
27731,7.99
27732,2.99
27733,7.99
27734,7.99
27735,2.99
27736,0.99
27737,1.99
27738,5.99
27739,5.99
27740,9.99
27741,4.99
27742,4.99
27743,3.99
27744,2.99
27745,4.99
27746,0.99
27747,5.99
27748,4.99
27749,2.99
27750,2.99
27751,2.99
27752,7.99
27753,4.99
27754,0.99
27755,0.99
27756,4.99
27757,4.99
27758,2.99
27759,2.99
27760,6.99
27761,6.99
27762,4.99
27763,9.99
27764,4.99
27765,0.99
27766,2.99
27767,4.99
27768,2.99
27769,2.99
27770,0.99
27771,2.99
27772,1.99
27773,4.99
27774,6.99
27775,4.99
27776,4.99
27777,2.99
27778,0.99
27779,4.99
27780,4.99
27781,2.99
27782,2.99
27783,3.99
27784,4.99
27785,4.99
27786,0.99
27787,0.99
27788,6.99
27789,4.99
27790,3.99
27791,0.99
27792,4.99
27793,0.99
27794,4.99
27795,4.99
27796,2.99
27797,3.99
27798,0.99
27799,2.99
27800,6.99
27801,0.99
27802,3.99
27803,6.99
27804,6.99
27805,2.99
27806,1.99
27807,7.99
27808,0.99
27809,2.99
27810,2.99
27811,2.99
27812,2.99
27813,2.99
27814,5.99
27815,2.99
27816,7.99
27817,8.99
27818,2.99
27819,8.99
27820,3.99
27821,4.99
27822,4.99
27823,4.99
27824,4.99
27825,0.99
27826,4.99
27827,6.99
27828,2.99
27829,2.99
27830,6.99
27831,4.99
27832,2.99
27833,4.99
27834,2.99
27835,0.99
27836,4.99
27837,9.99
27838,6.99
27839,5.99
27840,0.99
27841,6.99
27842,3.99
27843,2.99
27844,2.99
27845,1.99
27846,4.99
27847,9.99
27848,5.99
27849,6.99
27850,9.99
27851,4.99
27852,0.99
27853,4.99
27854,5.99
27855,7.99
27856,6.99
27857,8.99
27858,0.99
27859,2.99
27860,0.99
27861,9.99
27862,0.99
27863,3.99
27864,2.99
27865,4.99
27866,2.99
27867,0.99
27868,2.99
27869,0.99
27870,2.99
27871,0.99
27872,6.99
27873,1.99
27874,2.99
27875,5.99
27876,5.99
27877,2.99
27878,2.99
27879,2.99
27880,9.99
27881,6.99
27882,4.99
27883,0.99
27884,8.99
27885,5.99
27886,3.99
27887,7.99
27888,2.99
27889,4.99
27890,4.99
27891,5.99
27892,2.99
27893,2.99
27894,1.99
27895,4.99
27896,2.99
27897,2.99
27898,5.99
27899,6.99
27900,8.99
27901,5.99
27902,0.99
27903,4.99
27904,2.99
27905,4.99
27906,4.99
27907,1.99
27908,2.99
27909,8.99
27910,9.99
27911,3.99
27912,4.99
27913,0.99
27914,4.99
27915,0.99
27916,4.99
27917,3.99
27918,0.99
27919,0.99
27920,0.99
27921,4.99
27922,0.99
27923,6.99
27924,4.99
27925,5.99
27926,0.99
27927,6.99
27928,3.99
27929,2.99
27930,0.99
27931,6.99
27932,4.99
27933,2.99
27934,0.99
27935,2.99
27936,4.99
27937,4.99
27938,7.99
27939,4.99
27940,0.99
27941,4.99
27942,4.99
27943,9.99
27944,5.99
27945,2.99
27946,3.99
27947,5.99
27948,2.99
27949,4.99
27950,3.99
27951,0.99
27952,6.99
27953,0.99
27954,2.99
27955,4.99
27956,3.99
27957,4.99
27958,4.99
27959,3.99
27960,6.99
27961,6.99
27962,4.99
27963,4.99
27964,4.99
27965,5.99
27966,2.99
27967,4.99
27968,2.99
27969,4.99
27970,4.99
27971,4.99
27972,0.99
27973,2.99
27974,7.99
27975,5.99
27976,4.99
27977,0.99
27978,3.99
27979,4.99
27980,0.99
27981,7.99
27982,4.99
27983,6.99
27984,2.99
27985,2.99
27986,3.99
27987,4.99
27988,2.99
27989,2.99
27990,6.99
27991,3.99
27992,2.99
27993,0.99
27994,2.99
27995,0.99
27996,5.99
27997,0.99
27998,3.99
27999,6.99
28000,4.99
28001,7.99
28002,0.99
28003,7.99
28004,0.99
28005,5.99
28006,4.99
28007,7.99
28008,2.99
28009,4.99
28010,10.99
28011,3.99
28012,2.99
28013,5.99
28014,4.99
28015,0.99
28016,2.99
28017,2.99
28018,2.99
28019,0.99
28020,0.99
28021,2.99
28022,2.99
28023,4.99
28024,6.99
28025,0.99
28026,1.99
28027,7.99
28028,1.99
28029,0.99
28030,4.99
28031,9.99
28032,4.99
28033,6.99
28034,6.99
28035,4.99
28036,0.99
28037,4.99
28038,2.99
28039,4.99
28040,6.99
28041,2.99
28042,7.99
28043,7.99
28044,4.99
28045,5.99
28046,5.99
28047,0.99
28048,4.99
28049,2.99
28050,6.99
28051,2.99
28052,4.99
28053,1.99
28054,0.99
28055,5.99
28056,2.99
28057,6.99
28058,5.99
28059,4.99
28060,4.99
28061,6.99
28062,4.99
28063,8.99
28064,4.99
28065,6.99
28066,6.99
28067,2.99
28068,7.99
28069,6.99
28070,1.99
28071,4.99
28072,4.99
28073,0.99
28074,4.99
28075,5.99
28076,0.99
28077,1.99
28078,5.99
28079,6.99
28080,2.99
28081,3.99
28082,7.99
28083,4.99
28084,2.99
28085,3.99
28086,7.99
28087,0.99
28088,1.99
28089,5.99
28090,2.99
28091,4.99
28092,4.99
28093,2.99
28094,6.99
28095,4.99
28096,2.99
28097,0.99
28098,0.99
28099,3.99
28100,4.99
28101,2.99
28102,1.99
28103,8.99
28104,0.99
28105,0.99
28106,4.99
28107,0.99
28108,9.99
28109,5.99
28110,3.99
28111,0.99
28112,7.99
28113,4.99
28114,3.99
28115,8.99
28116,3.99
28117,0.99
28118,0.99
28119,5.99
28120,0.99
28121,4.99
28122,6.99
28123,5.99
28124,7.99
28125,3.99
28126,2.99
28127,5.99
28128,4.99
28129,0.99
28130,2.99
28131,4.99
28132,0.99
28133,3.99
28134,1.99
28135,4.99
28136,4.99
28137,0.99
28138,4.99
28139,3.99
28140,5.99
28141,5.99
28142,0.99
28143,4.99
28144,4.99
28145,4.99
28146,2.99
28147,6.99
28148,2.99
28149,6.99
28150,5.99
28151,4.99
28152,0.99
28153,4.99
28154,2.99
28155,4.99
28156,2.99
28157,7.99
28158,4.99
28159,8.99
28160,2.99
28161,7.99
28162,4.99
28163,3.99
28164,4.99
28165,2.99
28166,5.99
28167,2.99
28168,8.99
28169,4.99
28170,2.99
28171,0.99
28172,9.99
28173,4.99
28174,8.99
28175,2.99
28176,2.99
28177,2.99
28178,1.99
28179,1.99
28180,3.99
28181,2.99
28182,4.99
28183,2.99
28184,2.99
28185,0.99
28186,5.99
28187,4.99
28188,4.99
28189,6.99
28190,2.99
28191,6.99
28192,0.99
28193,8.99
28194,2.99
28195,2.99
28196,4.99
28197,0.99
28198,4.99
28199,4.99
28200,0.99
28201,2.99
28202,0.99
28203,5.99
28204,4.99
28205,4.99
28206,4.99
28207,2.99
28208,8.99
28209,4.99
28210,3.99
28211,0.99
28212,0.99
28213,2.99
28214,5.99
28215,2.99
28216,4.99
28217,0.99
28218,2.99
28219,4.99
28220,4.99
28221,4.99
28222,2.99
28223,4.99
28224,8.99
28225,4.99
28226,2.99
28227,2.99
28228,2.99
28229,0.99
28230,0.99
28231,0.99
28232,0.99
28233,0.99
28234,4.99
28235,4.99
28236,8.99
28237,2.99
28238,0.99
28239,4.99
28240,7.99
28241,2.99
28242,5.99
28243,2.99
28244,6.99
28245,5.99
28246,0.99
28247,7.99
28248,4.99
28249,4.99
28250,4.99
28251,2.99
28252,7.99
28253,2.99
28254,6.99
28255,0.99
28256,4.99
28257,2.99
28258,2.99
28259,4.99
28260,7.99
28261,2.99
28262,8.99
28263,4.99
28264,0.99
28265,0.99
28266,6.99
28267,5.99
28268,5.99
28269,9.99
28270,8.99
28271,4.99
28272,3.99
28273,2.99
28274,4.99
28275,4.99
28276,2.99
28277,2.99
28278,4.99
28279,2.99
28280,0.99
28281,0.99
28282,2.99
28283,6.99
28284,2.99
28285,5.99
28286,9.99
28287,8.99
28288,5.99
28289,5.99
28290,0.99
28291,5.99
28292,3.99
28293,2.99
28294,2.99
28295,4.99
28296,4.99
28297,0.99
28298,0.99
28299,0.99
28300,9.99
28301,2.99
28302,6.99
28303,4.99
28304,4.99
28305,6.99
28306,1.99
28307,4.99
28308,4.99
28309,4.99
28310,4.99
28311,0.99
28312,4.99
28313,3.99
28314,4.99
28315,3.99
28316,2.99
28317,2.99
28318,2.99
28319,7.99
28320,4.99
28321,4.99
28322,5.99
28323,2.99
28324,4.99
28325,0.99
28326,7.99
28327,0.99
28328,4.99
28329,7.99
28330,9.99
28331,0.99
28332,4.99
28333,4.99
28334,2.99
28335,0.99
28336,2.99
28337,6.99
28338,2.99
28339,8.99
28340,2.99
28341,0.99
28342,4.99
28343,5.99
28344,1.99
28345,0.99
28346,0.99
28347,9.99
28348,0.99
28349,2.99
28350,4.99
28351,6.99
28352,7.99
28353,4.99
28354,2.99
28355,2.99
28356,2.99
28357,5.99
28358,4.99
28359,8.99
28360,6.99
28361,4.99
28362,2.99
28363,4.99
28364,4.99
28365,4.99
28366,4.99
28367,0.99
28368,4.99
28369,3.99
28370,2.99
28371,0.99
28372,6.99
28373,4.99
28374,4.99
28375,2.99
28376,4.99
28377,2.99
28378,5.99
28379,2.99
28380,2.99
28381,0.99
28382,3.99
28383,5.99
28384,7.99
28385,7.99
28386,2.99
28387,3.99
28388,0.99
28389,0.99
28390,2.99
28391,5.99
28392,4.99
28393,0.99
28394,1.99
28395,0.99
28396,3.99
28397,4.99
28398,0.99
28399,0.99
28400,2.99
28401,1.99
28402,6.99
28403,9.99
28404,0.99
28405,3.99
28406,5.99
28407,2.99
28408,6.99
28409,3.99
28410,7.99
28411,9.99
28412,4.99
28413,0.99
28414,0.99
28415,2.99
28416,4.99
28417,2.99
28418,5.99
28419,4.99
28420,7.99
28421,1.99
28422,4.99
28423,2.99
28424,1.99
28425,1.99
28426,1.99
28427,0.99
28428,2.99
28429,2.99
28430,4.99
28431,2.99
28432,9.99
28433,0.99
28434,2.99
28435,4.99
28436,2.99
28437,4.99
28438,3.99
28439,2.99
28440,5.99
28441,4.99
28442,0.99
28443,5.99
28444,2.99
28445,0.99
28446,0.99
28447,4.99
28448,0.99
28449,10.99
28450,7.99
28451,5.99
28452,4.99
28453,0.99
28454,6.99
28455,8.99
28456,3.99
28457,2.99
28458,2.99
28459,0.99
28460,1.99
28461,0.99
28462,3.99
28463,6.99
28464,2.99
28465,5.99
28466,3.99
28467,4.99
28468,0.99
28469,0.99
28470,2.99
28471,0.99
28472,1.99
28473,5.99
28474,6.99
28475,7.99
28476,2.99
28477,0.99
28478,2.99
28479,10.99
28480,4.99
28481,0.99
28482,3.99
28483,2.99
28484,6.99
28485,0.99
28486,2.99
28487,2.99
28488,0.99
28489,4.99
28490,2.99
28491,2.99
28492,0.99
28493,5.99
28494,2.99
28495,5.99
28496,4.99
28497,0.99
28498,3.99
28499,9.99
28500,2.99
28501,2.99
28502,0.99
28503,2.99
28504,6.99
28505,2.99
28506,1.99
28507,6.99
28508,0.99
28509,4.99
28510,4.99
28511,4.99
28512,3.99
28513,2.99
28514,5.99
28515,0.99
28516,0.99
28517,4.99
28518,2.99
28519,0.99
28520,2.99
28521,2.99
28522,2.99
28523,7.99
28524,6.99
28525,2.99
28526,2.99
28527,0.99
28528,4.99
28529,2.99
28530,0.99
28531,6.99
28532,0.99
28533,5.99
28534,0.99
28535,5.99
28536,2.99
28537,1.99
28538,4.99
28539,1.99
28540,2.99
28541,0.99
28542,0.99
28543,0.99
28544,4.99
28545,4.99
28546,0.99
28547,4.99
28548,4.99
28549,7.99
28550,0.99
28551,2.99
28552,4.99
28553,0.99
28554,2.99
28555,2.99
28556,4.99
28557,4.99
28558,8.99
28559,8.99
28560,5.99
28561,4.99
28562,1.99
28563,4.99
28564,2.99
28565,4.99
28566,6.99
28567,2.99
28568,4.99
28569,4.99
28570,6.99
28571,0.99
28572,0.99
28573,3.99
28574,5.99
28575,4.99
28576,0.99
28577,2.99
28578,4.99
28579,0.99
28580,0.99
28581,2.99
28582,5.99
28583,9.99
28584,2.99
28585,7.99
28586,4.99
28587,10.99
28588,4.99
28589,2.99
28590,5.99
28591,7.99
28592,4.99
28593,4.99
28594,2.99
28595,4.99
28596,3.99
28597,3.99
28598,2.99
28599,2.99
28600,1.99
28601,2.99
28602,2.99
28603,4.99
28604,7.99
28605,3.99
28606,6.99
28607,8.99
28608,2.99
28609,0.99
28610,2.99
28611,2.99
28612,0.99
28613,4.99
28614,4.99
28615,4.99
28616,0.99
28617,4.99
28618,4.99
28619,3.99
28620,4.99
28621,1.99
28622,3.99
28623,4.99
28624,5.99
28625,5.99
28626,8.99
28627,0.99
28628,2.99
28629,2.99
28630,4.99
28631,0.99
28632,7.99
28633,2.99
28634,2.99
28635,2.99
28636,0.99
28637,4.99
28638,8.99
28639,5.99
28640,6.99
28641,6.99
28642,4.99
28643,4.99
28644,0.99
28645,4.99
28646,4.99
28647,0.99
28648,5.99
28649,2.99
28650,2.99
28651,4.99
28652,6.99
28653,2.99
28654,9.99
28655,2.99
28656,4.99
28657,1.99
28658,6.99
28659,8.99
28660,2.99
28661,0.99
28662,0.99
28663,0.99
28664,9.99
28665,5.99
28666,2.99
28667,4.99
28668,1.99
28669,1.99
28670,1.99
28671,3.99
28672,6.99
28673,2.99
28674,2.99
28675,0.99
28676,4.99
28677,3.99
28678,0.99
28679,3.99
28680,5.99
28681,4.99
28682,0.99
28683,2.99
28684,2.99
28685,4.99
28686,0.99
28687,5.99
28688,8.99
28689,1.99
28690,4.99
28691,4.99
28692,2.99
28693,7.99
28694,2.99
28695,2.99
28696,1.99
28697,0.99
28698,5.99
28699,4.99
28700,6.99
28701,5.99
28702,2.99
28703,5.99
28704,2.99
28705,6.99
28706,9.99
28707,2.99
28708,4.99
28709,9.99
28710,4.99
28711,0.99
28712,5.99
28713,7.99
28714,6.99
28715,5.99
28716,7.99
28717,7.99
28718,1.99
28719,2.99
28720,7.99
28721,0.99
28722,0.99
28723,0.99
28724,2.99
28725,4.99
28726,4.99
28727,4.99
28728,3.99
28729,5.99
28730,2.99
28731,4.99
28732,4.99
28733,9.99
28734,2.99
28735,4.99
28736,6.99
28737,2.99
28738,4.99
28739,4.99
28740,2.99
28741,8.99
28742,3.99
28743,6.99
28744,6.99
28745,4.99
28746,2.99
28747,2.99
28748,2.99
28749,2.99
28750,2.99
28751,0.99
28752,3.99
28753,0.99
28754,6.99
28755,8.99
28756,5.99
28757,6.99
28758,4.99
28759,5.99
28760,4.99
28761,0.99
28762,5.99
28763,2.99
28764,4.99
28765,4.99
28766,2.99
28767,2.99
28768,4.99
28769,2.99
28770,2.99
28771,2.99
28772,2.99
28773,4.99
28774,2.99
28775,0.99
28776,4.99
28777,3.99
28778,0.99
28779,3.99
28780,9.99
28781,0.99
28782,3.99
28783,4.99
28784,4.99
28785,2.99
28786,4.99
28787,0.99
28788,2.99
28789,4.99
28790,4.99
28791,4.99
28792,4.99
28793,2.99
28794,5.99
28795,4.99
28796,0.99
28797,4.99
28798,0.99
28799,11.99
28800,6.99
28801,5.99
28802,6.99
28803,8.99
28804,2.99
28805,4.99
28806,3.99
28807,0.99
28808,4.99
28809,3.99
28810,5.99
28811,4.99
28812,0.99
28813,2.99
28814,11.99
28815,1.99
28816,9.99
28817,0.99
28818,2.99
28819,0.99
28820,0.99
28821,3.99
28822,4.99
28823,2.99
28824,0.99
28825,4.99
28826,3.99
28827,6.99
28828,2.99
28829,2.99
28830,3.99
28831,0.99
28832,4.99
28833,0.99
28834,2.99
28835,2.99
28836,4.99
28837,2.99
28838,6.99
28839,6.99
28840,0.99
28841,4.99
28842,2.99
28843,5.99
28844,3.99
28845,2.99
28846,6.99
28847,8.99
28848,1.99
28849,2.99
28850,5.99
28851,7.99
28852,3.99
28853,4.99
28854,9.99
28855,4.99
28856,4.99
28857,2.99
28858,1.99
28859,1.99
28860,6.99
28861,6.99
28862,4.99
28863,0.99
28864,4.99
28865,3.99
28866,2.99
28867,2.99
28868,4.99
28869,0.99
28870,4.99
28871,2.99
28872,10.99
28873,3.99
28874,2.99
28875,0.99
28876,4.99
28877,4.99
28878,3.99
28879,0.99
28880,4.99
28881,2.99
28882,2.99
28883,4.99
28884,4.99
28885,4.99
28886,0.99
28887,0.99
28888,6.99
28889,4.99
28890,4.99
28891,5.99
28892,4.99
28893,4.99
28894,0.99
28895,3.99
28896,6.99
28897,0.99
28898,0.99
28899,0.99
28900,5.99
28901,4.99
28902,4.99
28903,0.99
28904,2.99
28905,9.99
28906,2.99
28907,6.99
28908,2.99
28909,8.99
28910,2.99
28911,4.99
28912,2.99
28913,2.99
28914,2.99
28915,2.99
28916,2.99
28917,2.99
28918,2.99
28919,0.99
28920,2.99
28921,8.99
28922,4.99
28923,2.99
28924,5.99
28925,6.99
28926,0.99
28927,4.99
28928,7.99
28929,10.99
28930,0.99
28931,4.99
28932,0.99
28933,2.99
28934,4.99
28935,2.99
28936,0.99
28937,6.99
28938,2.99
28939,4.99
28940,0.99
28941,5.99
28942,4.99
28943,2.99
28944,7.99
28945,3.99
28946,7.99
28947,4.99
28948,2.99
28949,7.99
28950,4.99
28951,4.99
28952,5.99
28953,0.99
28954,4.99
28955,4.99
28956,4.99
28957,4.99
28958,3.99
28959,6.99
28960,4.99
28961,4.99
28962,5.99
28963,3.99
28964,2.99
28965,2.99
28966,9.99
28967,2.99
28968,5.99
28969,0.99
28970,0.99
28971,0.99
28972,4.99
28973,0.99
28974,5.99
28975,0.99
28976,5.99
28977,5.99
28978,5.99
28979,2.99
28980,2.99
28981,5.99
28982,4.99
28983,2.99
28984,2.99
28985,6.99
28986,1.99
28987,0.99
28988,2.99
28989,2.99
28990,1.99
28991,3.99
28992,4.99
28993,5.99
28994,5.99
28995,4.99
28996,4.99
28997,7.99
28998,2.99
28999,4.99
29000,4.99
29001,0.99
29002,0.99
29003,2.99
29004,2.99
29005,2.99
29006,6.99
29007,4.99
29008,5.99
29009,5.99
29010,5.99
29011,2.99
29012,5.99
29013,4.99
29014,10.99
29015,0.99
29016,6.99
29017,6.99
29018,2.99
29019,4.99
29020,4.99
29021,5.99
29022,10.99
29023,7.99
29024,6.99
29025,4.99
29026,4.99
29027,2.99
29028,1.99
29029,3.99
29030,2.99
29031,4.99
29032,2.99
29033,2.99
29034,3.99
29035,5.99
29036,5.99
29037,4.99
29038,2.99
29039,4.99
29040,5.99
29041,1.99
29042,0.99
29043,8.99
29044,3.99
29045,4.99
29046,0.99
29047,0.99
29048,3.99
29049,2.99
29050,1.99
29051,4.99
29052,3.99
29053,0.99
29054,2.99
29055,0.99
29056,5.99
29057,7.99
29058,0.99
29059,2.99
29060,2.99
29061,0.99
29062,5.99
29063,2.99
29064,5.99
29065,4.99
29066,8.99
29067,7.99
29068,1.99
29069,2.99
29070,3.99
29071,5.99
29072,7.99
29073,5.99
29074,0.99
29075,2.99
29076,3.99
29077,3.99
29078,2.99
29079,2.99
29080,4.99
29081,0.99
29082,1.99
29083,2.99
29084,0.99
29085,2.99
29086,0.99
29087,1.99
29088,2.99
29089,4.99
29090,5.99
29091,0.99
29092,2.99
29093,4.99
29094,3.99
29095,4.99
29096,1.99
29097,7.99
29098,2.99
29099,0.99
29100,2.99
29101,2.99
29102,6.99
29103,4.99
29104,4.99
29105,2.99
29106,4.99
29107,5.99
29108,6.99
29109,4.99
29110,4.99
29111,2.99
29112,1.99
29113,0.99
29114,9.99
29115,6.99
29116,3.99
29117,0.99
29118,0.99
29119,0.99
29120,3.99
29121,2.99
29122,0.99
29123,0.99
29124,0.99
29125,4.99
29126,5.99
29127,5.99
29128,5.99
29129,2.99
29130,8.99
29131,2.99
29132,0.99
29133,2.99
29134,2.99
29135,2.99
29136,11.99
29137,9.99
29138,0.99
29139,0.99
29140,7.99
29141,4.99
29142,2.99
29143,0.99
29144,0.99
29145,7.99
29146,4.99
29147,7.99
29148,6.99
29149,0.99
29150,3.99
29151,4.99
29152,4.99
29153,2.99
29154,7.99
29155,5.99
29156,2.99
29157,2.99
29158,4.99
29159,0.99
29160,6.99
29161,4.99
29162,2.99
29163,0.99
29164,0.99
29165,2.99
29166,3.99
29167,4.99
29168,4.99
29169,0.99
29170,2.99
29171,5.99
29172,0.99
29173,5.99
29174,3.99
29175,3.99
29176,1.99
29177,8.99
29178,2.99
29179,8.99
29180,2.99
29181,8.99
29182,0.99
29183,3.99
29184,3.99
29185,3.99
29186,2.99
29187,0.99
29188,2.99
29189,4.99
29190,4.99
29191,4.99
29192,4.99
29193,4.99
29194,5.99
29195,0.99
29196,9.99
29197,7.99
29198,3.99
29199,2.99
29200,2.99
29201,2.99
29202,6.99
29203,4.99
29204,5.99
29205,2.99
29206,4.99
29207,3.99
29208,4.99
29209,3.99
29210,2.99
29211,1.99
29212,0.99
29213,6.99
29214,2.99
29215,0.99
29216,5.99
29217,2.99
29218,6.99
29219,2.99
29220,4.99
29221,7.99
29222,0.99
29223,4.99
29224,3.99
29225,2.99
29226,2.99
29227,2.99
29228,2.99
29229,5.99
29230,7.99
29231,2.99
29232,0.99
29233,5.99
29234,9.99
29235,3.99
29236,6.99
29237,7.99
29238,2.99
29239,0.99
29240,0.99
29241,4.99
29242,1.99
29243,4.99
29244,0.99
29245,0.99
29246,2.99
29247,0.99
29248,2.99
29249,2.99
29250,4.99
29251,2.99
29252,2.99
29253,0.99
29254,8.99
29255,2.99
29256,2.99
29257,2.99
29258,2.99
29259,4.99
29260,4.99
29261,0.99
29262,6.99
29263,3.99
29264,6.99
29265,2.99
29266,1.99
29267,2.99
29268,0.99
29269,4.99
29270,0.99
29271,0.99
29272,5.99
29273,0.99
29274,4.99
29275,0.99
29276,5.99
29277,4.99
29278,1.99
29279,0.99
29280,5.99
29281,7.99
29282,4.99
29283,0.99
29284,0.99
29285,4.99
29286,2.99
29287,5.99
29288,0.99
29289,0.99
29290,9.99
29291,4.99
29292,2.99
29293,2.99
29294,4.99
29295,4.99
29296,2.99
29297,6.99
29298,0.99
29299,0.99
29300,10.99
29301,1.99
29302,3.99
29303,6.99
29304,0.99
29305,2.99
29306,4.99
29307,4.99
29308,4.99
29309,2.99
29310,2.99
29311,5.99
29312,9.99
29313,0.99
29314,7.99
29315,0.99
29316,2.99
29317,2.99
29318,4.99
29319,4.99
29320,4.99
29321,4.99
29322,2.99
29323,2.99
29324,0.99
29325,0.99
29326,2.99
29327,4.99
29328,4.99
29329,6.99
29330,9.99
29331,3.99
29332,4.99
29333,1.99
29334,3.99
29335,2.99
29336,2.99
29337,0.99
29338,2.99
29339,2.99
29340,2.99
29341,0.99
29342,9.99
29343,0.99
29344,2.99
29345,3.99
29346,2.99
29347,6.99
29348,5.99
29349,2.99
29350,5.99
29351,2.99
29352,2.99
29353,5.99
29354,0.99
29355,4.99
29356,0.99
29357,4.99
29358,4.99
29359,4.99
29360,1.99
29361,3.99
29362,2.99
29363,4.99
29364,4.99
29365,5.99
29366,2.99
29367,2.99
29368,0.99
29369,3.99
29370,2.99
29371,4.99
29372,0.99
29373,2.99
29374,0.99
29375,5.99
29376,0.99
29377,5.99
29378,4.99
29379,4.99
29380,4.99
29381,4.99
29382,6.99
29383,5.99
29384,2.99
29385,6.99
29386,0.99
29387,4.99
29388,4.99
29389,0.99
29390,0.99
29391,6.99
29392,0.99
29393,6.99
29394,0.99
29395,2.99
29396,4.99
29397,2.99
29398,0.99
29399,7.99
29400,5.99
29401,5.99
29402,0.99
29403,9.99
29404,5.99
29405,5.99
29406,1.99
29407,4.99
29408,4.99
29409,2.99
29410,2.99
29411,2.99
29412,5.99
29413,0.99
29414,4.99
29415,5.99
29416,5.99
29417,0.99
29418,3.99
29419,0.99
29420,0.99
29421,4.99
29422,2.99
29423,5.99
29424,8.99
29425,6.99
29426,7.99
29427,4.99
29428,2.99
29429,2.99
29430,6.99
29431,1.99
29432,7.99
29433,2.99
29434,1.99
29435,4.99
29436,4.99
29437,0.99
29438,1.99
29439,2.99
29440,5.99
29441,0.99
29442,0.99
29443,0.99
29444,3.99
29445,8.99
29446,4.99
29447,6.99
29448,1.99
29449,2.99
29450,9.99
29451,4.99
29452,2.99
29453,4.99
29454,4.99
29455,1.99
29456,6.99
29457,0.99
29458,6.99
29459,2.99
29460,2.99
29461,5.99
29462,2.99
29463,7.99
29464,2.99
29465,4.99
29466,5.99
29467,3.99
29468,2.99
29469,2.99
29470,0.99
29471,3.99
29472,0.99
29473,6.99
29474,2.99
29475,3.99
29476,2.99
29477,3.99
29478,3.99
29479,6.99
29480,1.99
29481,2.99
29482,4.99
29483,4.99
29484,2.99
29485,4.99
29486,3.99
29487,0.99
29488,4.99
29489,4.99
29490,4.99
29491,4.99
29492,0.99
29493,9.99
29494,3.99
29495,8.99
29496,6.99
29497,4.99
29498,0.99
29499,6.99
29500,4.99
29501,4.99
29502,0.99
29503,6.99
29504,7.99
29505,0.99
29506,0.99
29507,2.99
29508,9.99
29509,2.99
29510,3.99
29511,2.99
29512,4.99
29513,4.99
29514,0.99
29515,3.99
29516,8.99
29517,2.99
29518,2.99
29519,4.99
29520,5.99
29521,0.99
29522,9.99
29523,0.99
29524,3.99
29525,4.99
29526,6.99
29527,3.99
29528,4.99
29529,4.99
29530,2.99
29531,6.99
29532,3.99
29533,2.99
29534,6.99
29535,7.99
29536,7.99
29537,4.99
29538,0.99
29539,2.99
29540,4.99
29541,6.99
29542,7.99
29543,4.99
29544,4.99
29545,8.99
29546,10.99
29547,0.99
29548,4.99
29549,4.99
29550,2.99
29551,4.99
29552,4.99
29553,9.99
29554,6.99
29555,0.99
29556,8.99
29557,4.99
29558,0.99
29559,0.99
29560,5.99
29561,0.99
29562,4.99
29563,10.99
29564,2.99
29565,0.99
29566,6.99
29567,9.99
29568,2.99
29569,5.99
29570,7.99
29571,4.99
29572,5.99
29573,6.99
29574,5.99
29575,4.99
29576,0.99
29577,0.99
29578,0.99
29579,1.99
29580,0.99
29581,3.99
29582,2.99
29583,7.99
29584,0.99
29585,5.99
29586,4.99
29587,4.99
29588,4.99
29589,3.99
29590,4.99
29591,2.99
29592,4.99
29593,2.99
29594,2.99
29595,4.99
29596,4.99
29597,7.99
29598,4.99
29599,1.99
29600,2.99
29601,2.99
29602,7.99
29603,2.99
29604,0.99
29605,4.99
29606,4.99
29607,7.99
29608,4.99
29609,6.99
29610,2.99
29611,5.99
29612,2.99
29613,7.99
29614,2.99
29615,3.99
29616,4.99
29617,4.99
29618,2.99
29619,7.99
29620,0.99
29621,0.99
29622,4.99
29623,4.99
29624,4.99
29625,0.99
29626,2.99
29627,4.99
29628,1.99
29629,4.99
29630,5.99
29631,0.99
29632,0.99
29633,1.99
29634,0.99
29635,2.99
29636,4.99
29637,4.99
29638,4.99
29639,1.99
29640,9.99
29641,4.99
29642,0.99
29643,2.99
29644,2.99
29645,4.99
29646,2.99
29647,4.99
29648,4.99
29649,3.99
29650,8.99
29651,3.99
29652,4.99
29653,4.99
29654,4.99
29655,8.99
29656,6.99
29657,2.99
29658,2.99
29659,5.99
29660,0.99
29661,3.99
29662,0.99
29663,4.99
29664,4.99
29665,7.99
29666,1.99
29667,6.99
29668,4.99
29669,3.99
29670,6.99
29671,2.99
29672,4.99
29673,2.99
29674,4.99
29675,0.99
29676,8.99
29677,4.99
29678,6.99
29679,4.99
29680,4.99
29681,3.99
29682,8.99
29683,5.99
29684,0.99
29685,4.99
29686,3.99
29687,0.99
29688,2.99
29689,0.99
29690,0.99
29691,4.99
29692,1.99
29693,5.99
29694,5.99
29695,3.99
29696,2.99
29697,0.99
29698,2.99
29699,0.99
29700,1.99
29701,0.99
29702,0.99
29703,2.99
29704,1.99
29705,4.99
29706,2.99
29707,6.99
29708,3.99
29709,0.99
29710,4.99
29711,4.99
29712,3.99
29713,3.99
29714,0.99
29715,6.99
29716,1.99
29717,5.99
29718,3.99
29719,4.99
29720,2.99
29721,2.99
29722,4.99
29723,6.99
29724,5.99
29725,0.99
29726,8.99
29727,5.99
29728,3.99
29729,2.99
29730,2.99
29731,5.99
29732,4.99
29733,2.99
29734,2.99
29735,2.99
29736,5.99
29737,0.99
29738,1.99
29739,7.99
29740,0.99
29741,4.99
29742,0.99
29743,6.99
29744,3.99
29745,4.99
29746,3.99
29747,3.99
29748,4.99
29749,7.99
29750,8.99
29751,0.99
29752,0.99
29753,3.99
29754,4.99
29755,6.99
29756,6.99
29757,6.99
29758,2.99
29759,2.99
29760,0.99
29761,0.99
29762,5.99
29763,4.99
29764,7.99
29765,2.99
29766,0.99
29767,2.99
29768,4.99
29769,1.99
29770,3.99
29771,8.99
29772,4.99
29773,4.99
29774,0.99
29775,5.99
29776,0.99
29777,4.99
29778,4.99
29779,2.99
29780,2.99
29781,1.99
29782,4.99
29783,3.99
29784,4.99
29785,0.99
29786,0.99
29787,4.99
29788,4.99
29789,0.99
29790,4.99
29791,0.99
29792,4.99
29793,2.99
29794,5.99
29795,4.99
29796,2.99
29797,4.99
29798,4.99
29799,9.99
29800,2.99
29801,4.99
29802,4.99
29803,4.99
29804,2.99
29805,2.99
29806,3.99
29807,2.99
29808,2.99
29809,4.99
29810,7.99
29811,2.99
29812,6.99
29813,5.99
29814,4.99
29815,3.99
29816,0.99
29817,2.99
29818,0.99
29819,5.99
29820,2.99
29821,0.99
29822,3.99
29823,0.99
29824,0.99
29825,2.99
29826,2.99
29827,4.99
29828,0.99
29829,2.99
29830,1.99
29831,6.99
29832,5.99
29833,4.99
29834,4.99
29835,9.99
29836,4.99
29837,0.99
29838,0.99
29839,6.99
29840,2.99
29841,3.99
29842,0.99
29843,2.99
29844,0.99
29845,0.99
29846,0.99
29847,2.99
29848,3.99
29849,0.99
29850,4.99
29851,0.99
29852,4.99
29853,4.99
29854,5.99
29855,2.99
29856,0.99
29857,1.99
29858,0.99
29859,0.99
29860,4.99
29861,1.99
29862,4.99
29863,3.99
29864,6.99
29865,4.99
29866,5.99
29867,0.99
29868,2.99
29869,4.99
29870,4.99
29871,4.99
29872,2.99
29873,2.99
29874,5.99
29875,9.99
29876,2.99
29877,1.99
29878,6.99
29879,0.99
29880,4.99
29881,8.99
29882,3.99
29883,5.99
29884,3.99
29885,4.99
29886,5.99
29887,6.99
29888,1.99
29889,0.99
29890,5.99
29891,6.99
29892,2.99
29893,9.99
29894,0.99
29895,4.99
29896,0.99
29897,3.99
29898,2.99
29899,6.99
29900,4.99
29901,6.99
29902,6.99
29903,9.99
29904,0.99
29905,4.99
29906,3.99
29907,8.99
29908,6.99
29909,6.99
29910,2.99
29911,0.99
29912,6.99
29913,2.99
29914,2.99
29915,0.99
29916,4.99
29917,1.99
29918,6.99
29919,6.99
29920,5.99
29921,0.99
29922,5.99
29923,2.99
29924,9.99
29925,2.99
29926,4.99
29927,8.99
29928,2.99
29929,4.99
29930,0.99
29931,2.99
29932,4.99
29933,0.99
29934,0.99
29935,7.99
29936,4.99
29937,2.99
29938,0.99
29939,4.99
29940,2.99
29941,9.99
29942,0.99
29943,8.99
29944,7.99
29945,2.99
29946,10.99
29947,5.99
29948,2.99
29949,4.99
29950,7.99
29951,3.99
29952,4.99
29953,4.99
29954,2.99
29955,7.99
29956,5.99
29957,4.99
29958,0.99
29959,2.99
29960,8.99
29961,4.99
29962,0.99
29963,0.99
29964,5.99
29965,5.99
29966,1.99
29967,4.99
29968,5.99
29969,8.99
29970,2.99
29971,2.99
29972,2.99
29973,4.99
29974,0.99
29975,8.99
29976,7.99
29977,2.99
29978,2.99
29979,2.99
29980,7.99
29981,4.99
29982,4.99
29983,2.99
29984,2.99
29985,0.99
29986,2.99
29987,2.99
29988,0.99
29989,4.99
29990,3.99
29991,4.99
29992,0.99
29993,3.99
29994,5.99
29995,1.99
29996,5.99
29997,6.99
29998,2.99
29999,0.99
30000,9.99
30001,2.99
30002,7.99
30003,0.99
30004,2.99
30005,4.99
30006,4.99
30007,4.99
30008,4.99
30009,1.99
30010,0.99
30011,4.99
30012,2.99
30013,2.99
30014,0.99
30015,0.99
30016,4.99
30017,0.99
30018,0.99
30019,2.99
30020,4.99
30021,4.99
30022,8.99
30023,7.99
30024,2.99
30025,4.99
30026,5.99
30027,7.99
30028,6.99
30029,2.99
30030,0.99
30031,6.99
30032,4.99
30033,1.99
30034,4.99
30035,4.99
30036,4.99
30037,2.99
30038,4.99
30039,4.99
30040,4.99
30041,2.99
30042,0.99
30043,0.99
30044,8.99
30045,4.99
30046,4.99
30047,2.99
30048,0.99
30049,4.99
30050,1.99
30051,4.99
30052,5.99
30053,5.99
30054,4.99
30055,6.99
30056,6.99
30057,4.99
30058,0.99
30059,2.99
30060,2.99
30061,4.99
30062,0.99
30063,4.99
30064,2.99
30065,4.99
30066,6.99
30067,3.99
30068,4.99
30069,3.99
30070,4.99
30071,2.99
30072,0.99
30073,4.99
30074,4.99
30075,4.99
30076,4.99
30077,0.99
30078,0.99
30079,5.99
30080,0.99
30081,2.99
30082,4.99
30083,7.99
30084,4.99
30085,2.99
30086,3.99
30087,0.99
30088,5.99
30089,4.99
30090,5.99
30091,2.99
30092,6.99
30093,2.99
30094,4.99
30095,0.99
30096,4.99
30097,2.99
30098,2.99
30099,2.99
30100,2.99
30101,3.99
30102,4.99
30103,4.99
30104,0.99
30105,7.99
30106,0.99
30107,5.99
30108,8.99
30109,2.99
30110,8.99
30111,6.99
30112,4.99
30113,6.99
30114,4.99
30115,4.99
30116,1.99
30117,0.99
30118,5.99
30119,4.99
30120,2.99
30121,2.99
30122,5.99
30123,2.99
30124,2.99
30125,5.99
30126,5.99
30127,8.99
30128,0.99
30129,1.99
30130,4.99
30131,6.99
30132,0.99
30133,1.99
30134,1.99
30135,4.99
30136,6.99
30137,3.99
30138,6.99
30139,5.99
30140,4.99
30141,5.99
30142,2.99
30143,5.99
30144,0.99
30145,0.99
30146,6.99
30147,0.99
30148,5.99
30149,3.99
30150,2.99
30151,0.99
30152,2.99
30153,4.99
30154,6.99
30155,4.99
30156,6.99
30157,2.99
30158,1.99
30159,4.99
30160,4.99
30161,5.99
30162,6.99
30163,2.99
30164,0.99
30165,6.99
30166,0.99
30167,4.99
30168,4.99
30169,4.99
30170,6.99
30171,4.99
30172,7.99
30173,2.99
30174,1.99
30175,2.99
30176,1.99
30177,3.99
30178,5.99
30179,4.99
30180,4.99
30181,2.99
30182,4.99
30183,4.99
30184,2.99
30185,2.99
30186,3.99
30187,5.99
30188,9.99
30189,4.99
30190,2.99
30191,3.99
30192,3.99
30193,0.99
30194,3.99
30195,4.99
30196,4.99
30197,2.99
30198,7.99
30199,8.99
30200,6.99
30201,4.99
30202,2.99
30203,3.99
30204,2.99
30205,0.99
30206,5.99
30207,6.99
30208,4.99
30209,7.99
30210,4.99
30211,1.99
30212,2.99
30213,2.99
30214,0.99
30215,2.99
30216,1.99
30217,4.99
30218,0.99
30219,6.99
30220,5.99
30221,4.99
30222,0.99
30223,5.99
30224,4.99
30225,4.99
30226,4.99
30227,4.99
30228,2.99
30229,2.99
30230,6.99
30231,0.99
30232,3.99
30233,0.99
30234,2.99
30235,4.99
30236,2.99
30237,4.99
30238,4.99
30239,0.99
30240,0.99
30241,2.99
30242,1.99
30243,3.99
30244,9.99
30245,4.99
30246,0.99
30247,2.99
30248,0.99
30249,0.99
30250,2.99
30251,4.99
30252,2.99
30253,2.99
30254,4.99
30255,4.99
30256,4.99
30257,6.99
30258,4.99
30259,5.99
30260,3.99
30261,2.99
30262,5.99
30263,2.99
30264,2.99
30265,2.99
30266,4.99
30267,5.99
30268,0.99
30269,0.99
30270,5.99
30271,2.99
30272,6.99
30273,4.99
30274,4.99
30275,2.99
30276,0.99
30277,0.99
30278,4.99
30279,2.99
30280,2.99
30281,4.99
30282,2.99
30283,2.99
30284,2.99
30285,5.99
30286,4.99
30287,10.99
30288,4.99
30289,0.99
30290,0.99
30291,1.99
30292,4.99
30293,2.99
30294,2.99
30295,0.99
30296,5.99
30297,6.99
30298,1.99
30299,4.99
30300,4.99
30301,4.99
30302,0.99
30303,3.99
30304,6.99
30305,2.99
30306,0.99
30307,4.99
30308,2.99
30309,4.99
30310,0.99
30311,5.99
30312,6.99
30313,3.99
30314,5.99
30315,0.99
30316,9.99
30317,6.99
30318,2.99
30319,0.99
30320,1.99
30321,0.99
30322,1.99
30323,2.99
30324,4.99
30325,4.99
30326,3.99
30327,7.99
30328,4.99
30329,1.99
30330,8.99
30331,5.99
30332,0.99
30333,7.99
30334,0.99
30335,4.99
30336,5.99
30337,4.99
30338,2.99
30339,0.99
30340,5.99
30341,3.99
30342,0.99
30343,9.99
30344,1.99
30345,1.99
30346,0.99
30347,4.99
30348,0.99
30349,1.99
30350,6.99
30351,6.99
30352,0.99
30353,0.99
30354,4.99
30355,0.99
30356,0.99
30357,2.99
30358,6.99
30359,1.99
30360,2.99
30361,8.99
30362,2.99
30363,4.99
30364,7.99
30365,4.99
30366,6.99
30367,0.99
30368,0.99
30369,0.99
30370,7.99
30371,2.99
30372,4.99
30373,2.99
30374,0.99
30375,5.99
30376,4.99
30377,3.99
30378,8.99
30379,4.99
30380,2.99
30381,0.99
30382,2.99
30383,5.99
30384,4.99
30385,4.99
30386,4.99
30387,7.99
30388,2.99
30389,2.99
30390,2.99
30391,6.99
30392,8.99
30393,0.99
30394,3.99
30395,4.99
30396,2.99
30397,7.99
30398,0.99
30399,6.99
30400,4.99
30401,0.99
30402,0.99
30403,2.99
30404,2.99
30405,4.99
30406,9.99
30407,4.99
30408,0.99
30409,4.99
30410,2.99
30411,5.99
30412,4.99
30413,7.99
30414,0.99
30415,2.99
30416,0.99
30417,0.99
30418,0.99
30419,6.99
30420,0.99
30421,2.99
30422,6.99
30423,4.99
30424,5.99
30425,5.99
30426,2.99
30427,2.99
30428,4.99
30429,6.99
30430,6.99
30431,2.99
30432,0.99
30433,5.99
30434,2.99
30435,4.99
30436,4.99
30437,2.99
30438,6.99
30439,2.99
30440,4.99
30441,2.99
30442,5.99
30443,2.99
30444,5.99
30445,2.99
30446,3.99
30447,2.99
30448,0.99
30449,4.99
30450,0.99
30451,2.99
30452,0.99
30453,2.99
30454,0.99
30455,0.99
30456,4.99
30457,4.99
30458,2.99
30459,4.99
30460,7.99
30461,7.99
30462,5.99
30463,4.99
30464,4.99
30465,3.99
30466,4.99
30467,0.99
30468,0.99
30469,4.99
30470,5.99
30471,2.99
30472,4.99
30473,4.99
30474,2.99
30475,2.99
30476,3.99
30477,2.99
30478,0.99
30479,6.99
30480,8.99
30481,3.99
30482,2.99
30483,0.99
30484,2.99
30485,4.99
30486,4.99
30487,5.99
30488,0.99
30489,2.99
30490,5.99
30491,0.99
30492,1.99
30493,6.99
30494,1.99
30495,0.99
30496,1.99
30497,6.99
30498,2.99
30499,6.99
30500,2.99
30501,2.99
30502,4.99
30503,3.99
30504,2.99
30505,0.99
30506,6.99
30507,2.99
30508,0.99
30509,0.99
30510,4.99
30511,2.99
30512,0.99
30513,2.99
30514,4.99
30515,1.99
30516,0.99
30517,7.99
30518,0.99
30519,3.99
30520,3.99
30521,3.99
30522,4.99
30523,0.99
30524,7.99
30525,0.99
30526,0.99
30527,7.99
30528,6.99
30529,4.99
30530,0.99
30531,3.99
30532,3.99
30533,8.99
30534,0.99
30535,5.99
30536,4.99
30537,5.99
30538,6.99
30539,6.99
30540,3.99
30541,2.99
30542,3.99
30543,2.99
30544,6.99
30545,0.99
30546,8.99
30547,4.99
30548,2.99
30549,4.99
30550,4.99
30551,7.99
30552,4.99
30553,2.99
30554,6.99
30555,2.99
30556,0.99
30557,1.99
30558,4.99
30559,2.99
30560,0.99
30561,2.99
30562,2.99
30563,4.99
30564,3.99
30565,3.99
30566,1.99
30567,0.99
30568,9.99
30569,0.99
30570,4.99
30571,0.99
30572,2.99
30573,2.99
30574,7.99
30575,6.99
30576,6.99
30577,6.99
30578,0.99
30579,0.99
30580,5.99
30581,2.99
30582,4.99
30583,4.99
30584,9.99
30585,0.99
30586,2.99
30587,4.99
30588,4.99
30589,0.99
30590,1.99
30591,0.99
30592,5.99
30593,2.99
30594,0.99
30595,4.99
30596,2.99
30597,4.99
30598,7.99
30599,4.99
30600,2.99
30601,2.99
30602,4.99
30603,4.99
30604,0.99
30605,2.99
30606,2.99
30607,4.99
30608,7.99
30609,2.99
30610,5.99
30611,7.99
30612,0.99
30613,7.99
30614,6.99
30615,4.99
30616,0.99
30617,0.99
30618,1.99
30619,0.99
30620,6.99
30621,3.99
30622,0.99
30623,8.99
30624,7.99
30625,7.99
30626,7.99
30627,9.99
30628,5.99
30629,2.99
30630,0.99
30631,3.99
30632,5.99
30633,0.99
30634,7.99
30635,3.99
30636,4.99
30637,0.99
30638,5.99
30639,8.99
30640,4.99
30641,6.99
30642,2.99
30643,2.99
30644,2.99
30645,1.99
30646,0.99
30647,2.99
30648,7.99
30649,0.99
30650,0.99
30651,2.99
30652,0.99
30653,6.99
30654,4.99
30655,7.99
30656,6.99
30657,4.99
30658,0.99
30659,3.99
30660,7.99
30661,2.99
30662,0.99
30663,0.99
30664,2.99
30665,0.99
30666,0.99
30667,4.99
30668,2.99
30669,0.99
30670,0.99
30671,2.99
30672,0.99
30673,0.99
30674,0.99
30675,2.99
30676,2.99
30677,4.99
30678,4.99
30679,1.99
30680,8.99
30681,10.99
30682,0.99
30683,4.99
30684,9.99
30685,4.99
30686,3.99
30687,4.99
30688,4.99
30689,4.99
30690,5.99
30691,2.99
30692,1.99
30693,4.99
30694,4.99
30695,2.99
30696,6.99
30697,3.99
30698,0.99
30699,2.99
30700,10.99
30701,4.99
30702,5.99
30703,4.99
30704,6.99
30705,2.99
30706,6.99
30707,2.99
30708,4.99
30709,2.99
30710,2.99
30711,0.99
30712,3.99
30713,0.99
30714,0.99
30715,3.99
30716,4.99
30717,4.99
30718,2.99
30719,2.99
30720,2.99
30721,7.99
30722,4.99
30723,0.99
30724,2.99
30725,5.99
30726,0.99
30727,0.99
30728,5.99
30729,5.99
30730,0.99
30731,0.99
30732,9.99
30733,7.99
30734,0.99
30735,4.99
30736,7.99
30737,0.99
30738,4.99
30739,2.99
30740,5.99
30741,0.99
30742,2.99
30743,0.99
30744,4.99
30745,4.99
30746,4.99
30747,1.99
30748,7.99
30749,2.99
30750,1.99
30751,5.99
30752,4.99
30753,4.99
30754,2.99
30755,3.99
30756,2.99
30757,5.99
30758,7.99
30759,0.99
30760,2.99
30761,4.99
30762,2.99
30763,0.99
30764,6.99
30765,2.99
30766,4.99
30767,6.99
30768,0.99
30769,0.99
30770,5.99
30771,3.99
30772,0.99
30773,4.99
30774,2.99
30775,2.99
30776,4.99
30777,0.99
30778,0.99
30779,0.99
30780,4.99
30781,0.99
30782,4.99
30783,2.99
30784,4.99
30785,2.99
30786,4.99
30787,8.99
30788,2.99
30789,4.99
30790,2.99
30791,5.99
30792,2.99
30793,0.99
30794,2.99
30795,2.99
30796,1.99
30797,2.99
30798,1.99
30799,2.99
30800,5.99
30801,4.99
30802,0.99
30803,4.99
30804,2.99
30805,0.99
30806,3.99
30807,0.99
30808,7.99
30809,4.99
30810,0.99
30811,5.99
30812,6.99
30813,1.99
30814,0.99
30815,4.99
30816,0.99
30817,2.99
30818,2.99
30819,4.99
30820,0.99
30821,6.99
30822,2.99
30823,6.99
30824,4.99
30825,2.99
30826,4.99
30827,4.99
30828,0.99
30829,2.99
30830,4.99
30831,4.99
30832,4.99
30833,7.99
30834,0.99
30835,5.99
30836,3.99
30837,1.99
30838,4.99
30839,10.99
30840,0.99
30841,1.99
30842,1.99
30843,2.99
30844,0.99
30845,4.99
30846,4.99
30847,4.99
30848,3.99
30849,0.99
30850,2.99
30851,4.99
30852,0.99
30853,3.99
30854,6.99
30855,3.99
30856,4.99
30857,4.99
30858,5.99
30859,0.99
30860,2.99
30861,4.99
30862,4.99
30863,6.99
30864,0.99
30865,2.99
30866,0.99
30867,7.99
30868,4.99
30869,2.99
30870,2.99
30871,6.99
30872,0.99
30873,4.99
30874,4.99
30875,2.99
30876,7.99
30877,0.99
30878,2.99
30879,2.99
30880,5.99
30881,8.99
30882,4.99
30883,0.99
30884,0.99
30885,4.99
30886,0.99
30887,4.99
30888,2.99
30889,4.99
30890,4.99
30891,2.99
30892,4.99
30893,2.99
30894,0.99
30895,0.99
30896,4.99
30897,2.99
30898,5.99
30899,5.99
30900,2.99
30901,0.99
30902,5.99
30903,5.99
30904,0.99
30905,3.99
30906,1.99
30907,1.99
30908,6.99
30909,1.99
30910,4.99
30911,4.99
30912,6.99
30913,4.99
30914,8.99
30915,4.99
30916,2.99
30917,3.99
30918,4.99
30919,9.99
30920,6.99
30921,0.99
30922,4.99
30923,0.99
30924,4.99
30925,4.99
30926,4.99
30927,0.99
30928,0.99
30929,4.99
30930,7.99
30931,2.99
30932,7.99
30933,2.99
30934,2.99
30935,9.99
30936,0.99
30937,2.99
30938,5.99
30939,4.99
30940,2.99
30941,0.99
30942,3.99
30943,4.99
30944,5.99
30945,5.99
30946,4.99
30947,6.99
30948,7.99
30949,0.99
30950,5.99
30951,6.99
30952,2.99
30953,3.99
30954,2.99
30955,4.99
30956,6.99
30957,2.99
30958,5.99
30959,0.99
30960,7.99
30961,2.99
30962,4.99
30963,2.99
30964,2.99
30965,3.99
30966,4.99
30967,0.99
30968,2.99
30969,4.99
30970,8.99
30971,4.99
30972,2.99
30973,1.99
30974,4.99
30975,4.99
30976,7.99
30977,4.99
30978,4.99
30979,2.99
30980,4.99
30981,5.99
30982,1.99
30983,7.99
30984,2.99
30985,0.99
30986,2.99
30987,4.99
30988,3.99
30989,4.99
30990,4.99
30991,4.99
30992,6.99
30993,3.99
30994,2.99
30995,6.99
30996,4.99
30997,2.99
30998,2.99
30999,2.99
31000,5.99
31001,2.99
31002,6.99
31003,0.99
31004,9.99
31005,2.99
31006,3.99
31007,1.99
31008,0.99
31009,1.99
31010,2.99
31011,2.99
31012,4.99
31013,10.99
31014,2.99
31015,4.99
31016,5.99
31017,6.99
31018,2.99
31019,4.99
31020,0.99
31021,3.99
31022,5.99
31023,4.99
31024,4.99
31025,7.99
31026,4.99
31027,0.99
31028,6.99
31029,0.99
31030,2.99
31031,6.99
31032,7.99
31033,2.99
31034,6.99
31035,4.99
31036,4.99
31037,2.99
31038,8.99
31039,4.99
31040,0.99
31041,4.99
31042,7.99
31043,9.99
31044,0.99
31045,0.99
31046,3.99
31047,2.99
31048,2.99
31049,5.99
31050,0.99
31051,3.99
31052,6.99
31053,4.99
31054,4.99
31055,8.99
31056,0.99
31057,4.99
31058,5.99
31059,9.99
31060,4.99
31061,5.99
31062,8.99
31063,4.99
31064,2.99
31065,6.99
31066,2.99
31067,0.99
31068,1.99
31069,3.99
31070,0.99
31071,2.99
31072,0.99
31073,0.99
31074,4.99
31075,8.99
31076,2.99
31077,0.99
31078,2.99
31079,1.99
31080,0.99
31081,4.99
31082,4.99
31083,0.99
31084,5.99
31085,4.99
31086,2.99
31087,0.99
31088,6.99
31089,0.99
31090,2.99
31091,6.99
31092,4.99
31093,6.99
31094,4.99
31095,0.99
31096,9.99
31097,2.99
31098,7.99
31099,2.99
31100,1.99
31101,2.99
31102,4.99
31103,2.99
31104,0.99
31105,8.99
31106,0.99
31107,2.99
31108,4.99
31109,0.99
31110,3.99
31111,4.99
31112,0.99
31113,2.99
31114,5.99
31115,1.99
31116,10.99
31117,4.99
31118,0.99
31119,8.99
31120,6.99
31121,3.99
31122,2.99
31123,4.99
31124,7.99
31125,7.99
31126,2.99
31127,3.99
31128,2.99
31129,2.99
31130,5.99
31131,4.99
31132,0.99
31133,4.99
31134,4.99
31135,0.99
31136,4.99
31137,0.99
31138,5.99
31139,4.99
31140,4.99
31141,2.99
31142,5.99
31143,0.99
31144,4.99
31145,5.99
31146,2.99
31147,3.99
31148,4.99
31149,5.99
31150,2.99
31151,0.99
31152,2.99
31153,5.99
31154,5.99
31155,6.99
31156,3.99
31157,2.99
31158,0.99
31159,4.99
31160,4.99
31161,2.99
31162,4.99
31163,2.99
31164,0.99
31165,0.99
31166,2.99
31167,0.99
31168,7.99
31169,7.99
31170,2.99
31171,6.99
31172,2.99
31173,4.99
31174,4.99
31175,2.99
31176,4.99
31177,7.99
31178,2.99
31179,2.99
31180,3.99
31181,7.99
31182,6.99
31183,2.99
31184,4.99
31185,0.99
31186,4.99
31187,2.99
31188,4.99
31189,0.99
31190,6.99
31191,5.99
31192,4.99
31193,2.99
31194,4.99
31195,4.99
31196,3.99
31197,4.99
31198,4.99
31199,3.99
31200,0.99
31201,1.99
31202,0.99
31203,5.99
31204,6.99
31205,4.99
31206,10.99
31207,4.99
31208,8.99
31209,4.99
31210,6.99
31211,0.99
31212,2.99
31213,4.99
31214,0.99
31215,4.99
31216,2.99
31217,2.99
31218,0.99
31219,4.99
31220,4.99
31221,4.99
31222,4.99
31223,0.99
31224,5.99
31225,2.99
31226,0.99
31227,5.99
31228,0.99
31229,4.99
31230,2.99
31231,2.99
31232,8.99
31233,4.99
31234,2.99
31235,5.99
31236,2.99
31237,4.99
31238,4.99
31239,0.99
31240,2.99
31241,4.99
31242,4.99
31243,2.99
31244,4.99
31245,2.99
31246,0.99
31247,2.99
31248,4.99
31249,3.99
31250,2.99
31251,3.99
31252,2.99
31253,6.99
31254,4.99
31255,6.99
31256,0.99
31257,2.99
31258,0.99
31259,2.99
31260,5.99
31261,5.99
31262,4.99
31263,4.99
31264,3.99
31265,5.99
31266,0.99
31267,6.99
31268,3.99
31269,4.99
31270,5.99
31271,4.99
31272,8.99
31273,2.99
31274,6.99
31275,0.99
31276,4.99
31277,4.99
31278,0.99
31279,2.99
31280,0.99
31281,7.99
31282,5.99
31283,6.99
31284,4.99
31285,3.99
31286,0.99
31287,4.99
31288,1.99
31289,5.99
31290,0.99
31291,8.99
31292,3.99
31293,0.99
31294,8.99
31295,2.99
31296,5.99
31297,2.99
31298,2.99
31299,5.99
31300,3.99
31301,4.99
31302,0.99
31303,4.99
31304,1.99
31305,0.99
31306,2.99
31307,6.99
31308,3.99
31309,0.99
31310,10.99
31311,3.99
31312,6.99
31313,6.99
31314,2.99
31315,4.99
31316,3.99
31317,4.99
31318,4.99
31319,8.99
31320,4.99
31321,0.99
31322,2.99
31323,0.99
31324,2.99
31325,4.99
31326,6.99
31327,2.99
31328,4.99
31329,0.99
31330,3.99
31331,3.99
31332,2.99
31333,7.99
31334,4.99
31335,5.99
31336,4.99
31337,8.99
31338,2.99
31339,8.99
31340,1.99
31341,2.99
31342,0.99
31343,4.99
31344,2.99
31345,6.99
31346,7.99
31347,4.99
31348,8.99
31349,0.99
31350,2.99
31351,3.99
31352,4.99
31353,2.99
31354,4.99
31355,0.99
31356,2.99
31357,6.99
31358,2.99
31359,6.99
31360,0.99
31361,0.99
31362,4.99
31363,8.99
31364,6.99
31365,6.99
31366,0.99
31367,0.99
31368,7.99
31369,0.99
31370,4.99
31371,4.99
31372,7.99
31373,4.99
31374,2.99
31375,1.99
31376,2.99
31377,5.99
31378,0.99
31379,4.99
31380,6.99
31381,4.99
31382,2.99
31383,2.99
31384,2.99
31385,0.99
31386,0.99
31387,8.99
31388,9.99
31389,2.99
31390,4.99
31391,7.99
31392,10.99
31393,2.99
31394,4.99
31395,4.99
31396,6.99
31397,5.99
31398,5.99
31399,2.99
31400,0.99
31401,8.99
31402,0.99
31403,6.99
31404,7.99
31405,0.99
31406,8.99
31407,3.99
31408,6.99
31409,5.99
31410,2.99
31411,0.99
31412,0.99
31413,1.99
31414,6.99
31415,4.99
31416,1.99
31417,5.99
31418,0.99
31419,4.99
31420,2.99
31421,5.99
31422,3.99
31423,7.99
31424,2.99
31425,3.99
31426,2.99
31427,4.99
31428,2.99
31429,0.99
31430,2.99
31431,4.99
31432,0.99
31433,4.99
31434,7.99
31435,7.99
31436,2.99
31437,4.99
31438,2.99
31439,2.99
31440,2.99
31441,3.99
31442,2.99
31443,4.99
31444,6.99
31445,7.99
31446,4.99
31447,4.99
31448,2.99
31449,2.99
31450,4.99
31451,4.99
31452,2.99
31453,2.99
31454,9.99
31455,5.99
31456,3.99
31457,2.99
31458,2.99
31459,5.99
31460,2.99
31461,4.99
31462,2.99
31463,3.99
31464,7.99
31465,2.99
31466,0.99
31467,0.99
31468,4.99
31469,2.99
31470,2.99
31471,0.99
31472,8.99
31473,6.99
31474,0.99
31475,3.99
31476,4.99
31477,0.99
31478,2.99
31479,4.99
31480,0.99
31481,1.99
31482,2.99
31483,8.99
31484,0.99
31485,2.99
31486,4.99
31487,2.99
31488,4.99
31489,0.99
31490,2.99
31491,4.99
31492,4.99
31493,2.99
31494,0.99
31495,5.99
31496,0.99
31497,7.99
31498,3.99
31499,3.99
31500,0.99
31501,4.99
31502,0.99
31503,2.99
31504,4.99
31505,2.99
31506,4.99
31507,4.99
31508,4.99
31509,0.99
31510,2.99
31511,3.99
31512,3.99
31513,9.99
31514,9.99
31515,2.99
31516,0.99
31517,0.99
31518,2.99
31519,5.99
31520,0.99
31521,1.99
31522,0.99
31523,5.99
31524,2.99
31525,5.99
31526,2.99
31527,5.99
31528,4.99
31529,0.99
31530,2.99
31531,2.99
31532,2.99
31533,4.99
31534,4.99
31535,0.99
31536,10.99
31537,2.99
31538,2.99
31539,2.99
31540,5.99
31541,4.99
31542,5.99
31543,2.99
31544,4.99
31545,2.99
31546,8.99
31547,4.99
31548,5.99
31549,2.99
31550,0.99
31551,0.99
31552,0.99
31553,7.99
31554,5.99
31555,2.99
31556,6.99
31557,4.99
31558,2.99
31559,4.99
31560,2.99
31561,4.99
31562,4.99
31563,0.99
31564,6.99
31565,0.99
31566,5.99
31567,6.99
31568,3.99
31569,0.99
31570,0.99
31571,4.99
31572,4.99
31573,0.99
31574,2.99
31575,3.99
31576,3.99
31577,0.99
31578,4.99
31579,2.99
31580,4.99
31581,4.99
31582,0.99
31583,5.99
31584,4.99
31585,2.99
31586,2.99
31587,5.99
31588,2.99
31589,4.99
31590,4.99
31591,4.99
31592,2.99
31593,3.99
31594,4.99
31595,8.99
31596,2.99
31597,2.99
31598,6.99
31599,3.99
31600,5.99
31601,4.99
31602,1.99
31603,0.99
31604,2.99
31605,0.99
31606,5.99
31607,0.99
31608,4.99
31609,8.99
31610,6.99
31611,0.99
31612,4.99
31613,7.99
31614,0.99
31615,5.99
31616,7.99
31617,4.99
31618,0.99
31619,0.99
31620,8.99
31621,0.99
31622,2.99
31623,6.99
31624,0.99
31625,5.99
31626,4.99
31627,4.99
31628,0.99
31629,0.99
31630,0.99
31631,4.99
31632,4.99
31633,8.99
31634,4.99
31635,4.99
31636,3.99
31637,5.99
31638,0.99
31639,0.99
31640,2.99
31641,0.99
31642,4.99
31643,3.99
31644,4.99
31645,6.99
31646,2.99
31647,0.99
31648,2.99
31649,2.99
31650,6.99
31651,3.99
31652,5.99
31653,4.99
31654,0.99
31655,4.99
31656,1.99
31657,5.99
31658,3.99
31659,4.99
31660,3.99
31661,6.99
31662,5.99
31663,4.99
31664,0.99
31665,0.99
31666,3.99
31667,2.99
31668,2.99
31669,0.99
31670,4.99
31671,2.99
31672,4.99
31673,2.99
31674,5.99
31675,4.99
31676,4.99
31677,0.99
31678,0.99
31679,4.99
31680,3.99
31681,4.99
31682,2.99
31683,2.99
31684,0.99
31685,5.99
31686,4.99
31687,4.99
31688,5.99
31689,2.99
31690,2.99
31691,4.99
31692,2.99
31693,5.99
31694,0.99
31695,4.99
31696,5.99
31697,0.99
31698,4.99
31699,6.99
31700,10.99
31701,0.99
31702,4.99
31703,6.99
31704,3.99
31705,7.99
31706,4.99
31707,2.99
31708,0.99
31709,4.99
31710,5.99
31711,4.99
31712,2.99
31713,6.99
31714,2.99
31715,2.99
31716,6.99
31717,4.99
31718,5.99
31719,0.99
31720,4.99
31721,0.99
31722,2.99
31723,2.99
31724,5.99
31725,9.99
31726,4.99
31727,4.99
31728,3.99
31729,7.99
31730,7.99
31731,2.99
31732,4.99
31733,4.99
31734,3.99
31735,2.99
31736,0.99
31737,2.99
31738,2.99
31739,0.99
31740,4.99
31741,3.99
31742,2.99
31743,2.99
31744,2.99
31745,6.99
31746,8.99
31747,2.99
31748,0.99
31749,2.99
31750,0.99
31751,0.99
31752,2.99
31753,0.99
31754,0.99
31755,4.99
31756,0.99
31757,0.99
31758,0.99
31759,5.99
31760,0.99
31761,7.99
31762,2.99
31763,4.99
31764,2.99
31765,0.99
31766,2.99
31767,2.99
31768,0.99
31769,6.99
31770,4.99
31771,2.99
31772,3.99
31773,2.99
31774,0.99
31775,5.99
31776,7.99
31777,4.99
31778,0.99
31779,4.99
31780,7.99
31781,4.99
31782,1.99
31783,0.99
31784,1.99
31785,0.99
31786,8.99
31787,2.99
31788,0.99
31789,6.99
31790,0.99
31791,0.99
31792,2.99
31793,0.99
31794,3.99
31795,2.99
31796,6.99
31797,4.99
31798,6.99
31799,4.99
31800,5.99
31801,5.99
31802,4.99
31803,2.99
31804,1.99
31805,2.99
31806,5.99
31807,3.99
31808,2.99
31809,4.99
31810,4.99
31811,6.99
31812,4.99
31813,4.99
31814,2.99
31815,5.99
31816,0.99
31817,5.99
31818,0.99
31819,9.99
31820,4.99
31821,2.99
31822,4.99
31823,4.99
31824,5.99
31825,4.99
31826,0.99
31827,3.99
31828,2.99
31829,7.99
31830,4.99
31831,6.99
31832,6.99
31833,7.99
31834,3.99
31835,0.99
31836,6.99
31837,2.99
31838,2.99
31839,0.99
31840,1.99
31841,7.99
31842,1.99
31843,2.99
31844,0.99
31845,0.99
31846,4.99
31847,3.99
31848,5.99
31849,2.99
31850,0.99
31851,4.99
31852,4.99
31853,4.99
31854,1.99
31855,3.99
31856,0.99
31857,0.99
31858,0.99
31859,7.99
31860,3.99
31861,7.99
31862,6.99
31863,4.99
31864,6.99
31865,4.99
31866,2.99
31867,0.99
31868,2.99
31869,2.99
31870,1.99
31871,4.99
31872,2.99
31873,1.99
31874,4.99
31875,4.99
31876,4.99
31877,1.99
31878,6.99
31879,4.99
31880,0.99
31881,8.99
31882,0.99
31883,2.99
31884,0.99
31885,8.99
31886,2.99
31887,0.99
31888,5.99
31889,5.99
31890,2.99
31891,0.99
31892,2.99
31893,7.99
31894,4.99
31895,9.99
31896,4.99
31897,4.99
31898,5.99
31899,6.99
31900,1.99
31901,2.99
31902,5.99
31903,2.99
31904,0.99
31905,2.99
31906,0.99
31907,5.99
31908,4.99
31909,2.99
31910,5.99
31911,2.99
31912,6.99
31913,0.99
31914,3.99
31915,4.99
31916,1.99
31917,7.98
31918,0.00
31919,3.98
31920,0.00
31921,0.99
31922,4.99
31923,0.99
31924,5.98
31925,0.00
31926,0.99
31927,0.99
31928,2.99
31929,4.99
31930,2.99
31931,0.99
31932,2.99
31933,2.99
31934,2.99
31935,0.99
31936,0.99
31937,0.99
31938,0.99
31939,2.99
31940,2.99
31941,7.98
31942,0.00
31943,0.99
31944,4.99
31945,3.98
31946,0.00
31947,4.99
31948,0.99
31949,0.99
31950,2.99
31951,0.99
31952,4.99
31953,0.99
31954,2.99
31955,4.99
31956,0.99
31957,2.99
31958,0.99
31959,2.99
31960,0.99
31961,2.99
31962,0.99
31963,4.99
31964,4.99
31965,3.98
31966,0.00
31967,0.99
31968,4.99
31969,3.98
31970,0.00
31971,4.99
31972,0.99
31973,0.99
31974,0.99
31975,2.99
31976,0.99
31977,2.99
31978,4.99
31979,4.99
31980,0.99
31981,0.99
31982,5.98
31983,0.00
31984,4.99
31985,2.99
31986,2.99
31987,2.99
31988,0.99
31989,2.99
31990,2.99
31991,4.99
31992,0.99
31993,2.99
31994,4.99
31995,5.98
31996,0.00
31997,0.99
31998,2.99
31999,0.99
32000,5.98
32001,0.00
32002,0.99
32003,2.99
32004,4.99
32005,0.99
32006,2.99
32007,0.99
32008,0.99
32009,4.99
32010,0.99
32011,4.99
32012,0.99
32013,4.99
32014,3.98
32015,0.00
32016,2.99
32017,4.99
32018,2.99
32019,2.99
32020,0.99
32021,0.99
32022,2.99
32023,5.98
32024,0.00
32025,3.98
32026,0.00
32027,4.99
32028,4.99
32029,7.98
32030,0.00
32031,4.99
32032,0.99
32033,9.98
32034,0.00
32035,4.99
32036,0.99
32037,2.99
32038,8.97
32039,0.00
32040,0.00
32041,2.99
32042,4.99
32043,4.99
32044,4.99
32045,4.99
32046,0.99
32047,0.99
32048,0.99
32049,1.98
32050,0.00
32051,4.99
32052,2.99
32053,4.99
32054,2.99
32055,4.99
32056,0.99
32057,0.99
32058,4.99
32059,7.98
32060,0.00
32061,0.99
32062,7.98
32063,0.00
32064,0.99
32065,3.98
32066,0.00
32067,4.99
32068,4.99
32069,2.99
32070,2.99
32071,2.99
32072,4.99
32073,0.99
32074,4.99
32075,2.99
32076,2.99
32077,2.99
32078,5.98
32079,0.00
32080,4.99
32081,2.99
32082,2.99
32083,0.99
32084,5.98
32085,0.00
32086,4.99
32087,4.99
32088,3.98
32089,0.00
32090,0.99
32091,0.99
32092,0.99
32093,4.99
32094,2.99
32095,0.99
32096,4.99
32097,0.99
32098,2.99
