"title","title-2","length"
"Chamber Italian","Affair Prejudice",117
"Grosse Wonderful","Doors President",49
"Bright Encounters","Bedazzled Married",73
"Date Speed","Crow Grease",104
"Annie Identity","Academy Dinosaur",86
"Anything Savannah","Alone Trip",82
"Apache Divine","Anaconda Confessions",92
"Arabia Dogma","Airplane Sierra",62
"Dying Maker","Antitrust Tomatoes",168
"Atlantis Cause","Artist Coldblooded",170
"Attacks Hate","Amadeus Holy",113
"Baby Hall","Apollo Teen",153
"Casualties Encino","Born Spinal",179
"Casualties Encino","Anonymous Human",179
"Banger Pinocchio","Attacks Hate",113
"Banger Pinocchio","Amadeus Holy",113
"Barefoot Manchurian","American Circus",129
"Betrayed Rear","Beach Heartbreakers",122
"Beverly Outlaw","Amistad Midsummer",85
"Bilko Anonymous","Behavior Runaway",100
"Bingo Talented","Ali Forever",150
"Birch Antitrust","Badman Dawn",162
"Blackout Private","Beverly Outlaw",85
"Blackout Private","Amistad Midsummer",85
"Blade Polish","Alabama Devil",114
"Blanket Beverly","Army Flintstones",148
"Blindness Gun","Birdcage Casper",103
"Blues Instinct","Adaptation Holes",50
"Bonnie Holocaust","Aladdin Calendar",63
"Boogie Amelie","Arizona Bang",121
"Born Spinal","Anonymous Human",179
"Borrowers Bedazzled","Bonnie Holocaust",63
"Borrowers Bedazzled","Aladdin Calendar",63
"Boulevard Mob","Borrowers Bedazzled",63
"Boulevard Mob","Bonnie Holocaust",63
"Boulevard Mob","Aladdin Calendar",63
"Brannigan Sunrise","Boogie Amelie",121
"Brannigan Sunrise","Arizona Bang",121
"Breaking Home","Agent Truman",169
"Bringing Hysterical","Alaska Phantom",136
"Brotherhood Blanket","Bedazzled Married",73
"Brotherhood Blanket","Bright Encounters",73
"Bugsy Song","Apocalypse Flamingos",119
"Bulworth Commandments","Birds Perdition",61
"Bunch Minds","Boulevard Mob",63
"Bunch Minds","Borrowers Bedazzled",63
"Bunch Minds","Bonnie Holocaust",63
"Bunch Minds","Aladdin Calendar",63
"Butterfly Chocolat","Beast Hunchback",89
"Cabin Flash","Beneath Rush",53
"California Birds","Balloon Homeward",75
"Camelot Vacation","Bulworth Commandments",61
"Camelot Vacation","Birds Perdition",61
"Canyon Stock","Blackout Private",85
"Canyon Stock","Beverly Outlaw",85
"Canyon Stock","Amistad Midsummer",85
"Caper Motions","Braveheart Human",176
"Caribbean Liberty","Apache Divine",92
"Caribbean Liberty","Anaconda Confessions",92
"Carol Texas","Beethoven Exorcist",151
"Carrie Bunch","Blade Polish",114
"Carrie Bunch","Alabama Devil",114
"Casablanca Super","Canyon Stock",85
"Casablanca Super","Blackout Private",85
"Casablanca Super","Beverly Outlaw",85
"Casablanca Super","Amistad Midsummer",85
"Casper Dragonfly","Bird Independence",163
"Cassidy Wyoming","Camelot Vacation",61
"Cassidy Wyoming","Bulworth Commandments",61
"Cassidy Wyoming","Birds Perdition",61
"Cause Date","Born Spinal",179
"Cause Date","Casualties Encino",179
"Cause Date","Anonymous Human",179
"Chainsaw Uptown","Carrie Bunch",114
"Chainsaw Uptown","Blade Polish",114
"Chainsaw Uptown","Alabama Devil",114
"Chance Resurrection","Candidate Perdition",70
"Chariots Conspiracy","Blood Argonauts",71
"Chasing Fight","Chainsaw Uptown",114
"Chasing Fight","Carrie Bunch",114
"Chasing Fight","Blade Polish",114
"Chasing Fight","Alabama Devil",114
"Cheaper Clyde","Bang Kwai",87
"Chicken Hellfighters","Betrayed Rear",122
"Chicken Hellfighters","Beach Heartbreakers",122
"Chill Luck","Bikini Borrowers",142
"Chinatown Gladiator","Cassidy Wyoming",61
"Chinatown Gladiator","Camelot Vacation",61
"Chinatown Gladiator","Bulworth Commandments",61
"Chinatown Gladiator","Birds Perdition",61
"Christmas Moonshine","Bingo Talented",150
"Christmas Moonshine","Ali Forever",150
"Cider Desire","Chocolat Harry",101
"Circus Youth","Basic Easy",90
"Cleopatra Devil","Christmas Moonshine",150
"Cleopatra Devil","Bingo Talented",150
"Cleopatra Devil","Ali Forever",150
"Clockwork Paradise","Cincinatti Whisperer",143
"Clones Pinocchio","Chisum Behavior",124
"Club Graffiti","Barbarella Streetcar",65
"Clue Grail","Chance Resurrection",70
"Clue Grail","Candidate Perdition",70
"Core Suit","Caribbean Liberty",92
"Core Suit","Apache Divine",92
"Core Suit","Anaconda Confessions",92
"Coldblooded Darling","Clue Grail",70
"Coldblooded Darling","Chance Resurrection",70
"Coldblooded Darling","Candidate Perdition",70
"Comancheros Enemy","Butch Panther",67
"Comforts Rush","Boondock Ballroom",76
"Command Darling","Calendar Gunfight",120
"Coneheads Smoochy","Cat Coneheads",112
"Confessions Maguire","Club Graffiti",65
"Confessions Maguire","Barbarella Streetcar",65
"Confidential Interview","Alley Evolution",180
"Confused Candles","Chicken Hellfighters",122
"Confused Candles","Betrayed Rear",122
"Confused Candles","Beach Heartbreakers",122
"Congeniality Quest","Cheaper Clyde",87
"Congeniality Quest","Bang Kwai",87
"Conquerer Nuts","Ballroom Mockingbird",173
"Control Anthem","Chicago North",185
"Conversation Downhill","Coneheads Smoochy",112
"Conversation Downhill","Cat Coneheads",112
"Cowboy Doom","Chaplin License",146
"Cranes Reservoir","Alter Victory",57
"Crazy Home","Bringing Hysterical",136
"Crazy Home","Alaska Phantom",136
"Creatures Shakespeare","Clyde Theory",139
"Creepers Kane","Connecticut Tramp",172
"Crooked Frogmen","Clockwork Paradise",143
"Crooked Frogmen","Cincinatti Whisperer",143
"Crossing Divorce","Blues Instinct",50
"Crossing Divorce","Adaptation Holes",50
"Crossroads Casualties","Baby Hall",153
"Crossroads Casualties","Apollo Teen",153
"Crowds Telemark","Conversation Downhill",112
"Crowds Telemark","Coneheads Smoochy",112
"Crowds Telemark","Cat Coneheads",112
"Crusade Honey","Crowds Telemark",112
"Crusade Honey","Conversation Downhill",112
"Crusade Honey","Coneheads Smoochy",112
"Crusade Honey","Cat Coneheads",112
"Crystal Breaking","Conspiracy Spirit",184
"Cupboard Sinners","Bride Intrigue",56
"Curtain Videotape","Bucket Brotherhood",133
"Cyclone Family","Caper Motions",176
"Cyclone Family","Braveheart Human",176
"Daddy Pittsburgh","Brooklyn Desert",161
"Dalmations Sweden","Bed Highball",106
"Dances None","Closer Bang",58
"Dangerous Uptown","Brannigan Sunrise",121
"Dangerous Uptown","Boogie Amelie",121
"Dangerous Uptown","Arizona Bang",121
"Dares Pluto","Butterfly Chocolat",89
"Dares Pluto","Beast Hunchback",89
"Darkness War","Armageddon Lost",99
"Darko Dorado","African Egg",130
"Darling Breaking","Citizen Shrek",165
"Darn Forrester","Control Anthem",185
"Darn Forrester","Chicago North",185
"Daughter Madigan","Commandments Express",59
"Dawn Pond","Cranes Reservoir",57
"Dawn Pond","Alter Victory",57
"Day Unfaithful","Banger Pinocchio",113
"Day Unfaithful","Attacks Hate",113
"Day Unfaithful","Amadeus Holy",113
"Dazed Punk","Command Darling",120
"Dazed Punk","Calendar Gunfight",120
"Deceiver Betrayed","Confused Candles",122
"Deceiver Betrayed","Chicken Hellfighters",122
"Deceiver Betrayed","Betrayed Rear",122
"Deceiver Betrayed","Beach Heartbreakers",122
"Deep Crusade","Champion Flatliners",51
"Deer Virginian","Dalmations Sweden",106
"Deer Virginian","Bed Highball",106
"Deliverance Mulholland","Bilko Anonymous",100
"Deliverance Mulholland","Behavior Runaway",100
"Desert Poseidon","Craft Outfield",64
"Desire Alien","Comforts Rush",76
"Desire Alien","Boondock Ballroom",76
"Desperate Trainspotting","Clash Freddy",81
"Destination Jerk","Desire Alien",76
"Destination Jerk","Comforts Rush",76
"Destination Jerk","Boondock Ballroom",76
"Destiny Saturday","Cupboard Sinners",56
"Destiny Saturday","Bride Intrigue",56
"Detective Vision","Crooked Frogmen",143
"Detective Vision","Clockwork Paradise",143
"Detective Vision","Cincinatti Whisperer",143
"Devil Desire","Congeniality Quest",87
"Devil Desire","Cheaper Clyde",87
"Devil Desire","Bang Kwai",87
"Diary Panic","Chitty Lock",107
"Dinosaur Secretary","Bunch Minds",63
"Dinosaur Secretary","Boulevard Mob",63
"Dinosaur Secretary","Borrowers Bedazzled",63
"Dinosaur Secretary","Bonnie Holocaust",63
"Dinosaur Secretary","Aladdin Calendar",63
"Dirty Ace","Arachnophobia Rollercoaster",147
"Disturbing Scarface","Alice Fantasia",94
"Divide Monster","Ark Ridgemont",68
"Divine Resurrection","Deliverance Mulholland",100
"Divine Resurrection","Bilko Anonymous",100
"Divine Resurrection","Behavior Runaway",100
"Doctor Grail","Dawn Pond",57
"Doctor Grail","Cranes Reservoir",57
"Doctor Grail","Alter Victory",57
"Dogma Family","Deceiver Betrayed",122
"Dogma Family","Confused Candles",122
"Dogma Family","Chicken Hellfighters",122
"Dogma Family","Betrayed Rear",122
"Dogma Family","Beach Heartbreakers",122
"Dolls Rage","Dazed Punk",120
"Dolls Rage","Command Darling",120
"Dolls Rage","Calendar Gunfight",120
"Donnie Alley","Bull Shawshank",125
"Doom Dancing","Divide Monster",68
"Doom Dancing","Ark Ridgemont",68
"Dorado Notting","Creatures Shakespeare",139
"Dorado Notting","Clyde Theory",139
"Downhill Enough","Divorce Shining",47
"Dozen Lion","Double Wrath",177
"Dracula Crystal","Cyclone Family",176
"Dracula Crystal","Caper Motions",176
"Dracula Crystal","Braveheart Human",176
"Dragon Squad","Atlantis Cause",170
"Dragon Squad","Artist Coldblooded",170
"Dragonfly Strangers","Curtain Videotape",133
"Dragonfly Strangers","Bucket Brotherhood",133
"Dream Pickup","Candles Grapes",135
"Drifter Commandments","Chinatown Gladiator",61
"Drifter Commandments","Cassidy Wyoming",61
"Drifter Commandments","Camelot Vacation",61
"Drifter Commandments","Bulworth Commandments",61
"Drifter Commandments","Birds Perdition",61
"Driving Polish","Beauty Grease",175
"Drumline Cyclone","Celebrity Horn",110
"Dude Blindness","Chocolate Duck",132
"Dumbo Lust","Bugsy Song",119
"Dumbo Lust","Apocalypse Flamingos",119
"Durham Panky","Doubtfire Labyrinth",154
"Dwarfs Alter","Cider Desire",101
"Dwarfs Alter","Chocolat Harry",101
"Dynamite Tarzan","Disciple Mother",141
"Early Home","Drums Dynamite",96
"Earring Instinct","Bound Cheaper",98
"Earth Vision","Casablanca Super",85
"Earth Vision","Canyon Stock",85
"Earth Vision","Blackout Private",85
"Earth Vision","Beverly Outlaw",85
"Earth Vision","Amistad Midsummer",85
"Easy Gladiator","Blanket Beverly",148
"Easy Gladiator","Army Flintstones",148
"Edge Kissing","Crossroads Casualties",153
"Edge Kissing","Baby Hall",153
"Edge Kissing","Apollo Teen",153
"Effect Gladiator","Diary Panic",107
"Effect Gladiator","Chitty Lock",107
"Egg Igby","Comancheros Enemy",67
"Egg Igby","Butch Panther",67
"Egypt Tenenbaums","Earth Vision",85
"Egypt Tenenbaums","Casablanca Super",85
"Egypt Tenenbaums","Canyon Stock",85
"Egypt Tenenbaums","Blackout Private",85
"Egypt Tenenbaums","Beverly Outlaw",85
"Egypt Tenenbaums","Amistad Midsummer",85
"Element Freddy","Connection Microcosmos",115
"Elephant Trojan","Alamo Videotape",126
"Elizabeth Shane","Center Dinosaur",152
"Empire Malkovich","Dozen Lion",177
"Empire Malkovich","Double Wrath",177
"Encino Elf","Detective Vision",143
"Encino Elf","Crooked Frogmen",143
"Encino Elf","Clockwork Paradise",143
"Encino Elf","Cincinatti Whisperer",143
"Encounters Curtain","Core Suit",92
"Encounters Curtain","Caribbean Liberty",92
"Encounters Curtain","Apache Divine",92
"Encounters Curtain","Anaconda Confessions",92
"Ending Crowds","Egypt Tenenbaums",85
"Ending Crowds","Earth Vision",85
"Ending Crowds","Casablanca Super",85
"Ending Crowds","Canyon Stock",85
"Ending Crowds","Blackout Private",85
"Ending Crowds","Beverly Outlaw",85
"Ending Crowds","Amistad Midsummer",85
"Enemy Odds","Berets Agent",77
"English Bulworth","Deep Crusade",51
"English Bulworth","Champion Flatliners",51
"Entrapment Satisfaction","Dracula Crystal",176
"Entrapment Satisfaction","Cyclone Family",176
"Entrapment Satisfaction","Caper Motions",176
"Entrapment Satisfaction","Braveheart Human",176
"Escape Metropolis","Campus Remember",167
"Eve Resurrection","Charade Duffel",66
"Everyone Craft","Casper Dragonfly",163
"Everyone Craft","Bird Independence",163
"Excitement Eve","English Bulworth",51
"Excitement Eve","Deep Crusade",51
"Excitement Eve","Champion Flatliners",51
"Exorcist Sting","Escape Metropolis",167
"Exorcist Sting","Campus Remember",167
"Express Lonely","Drop Waterfront",178
"Extraordinary Conquerer","Dogma Family",122
"Extraordinary Conquerer","Deceiver Betrayed",122
"Extraordinary Conquerer","Confused Candles",122
"Extraordinary Conquerer","Chicken Hellfighters",122
"Extraordinary Conquerer","Betrayed Rear",122
"Extraordinary Conquerer","Beach Heartbreakers",122
"Eyes Driving","Creepers Kane",172
"Eyes Driving","Connecticut Tramp",172
"Factory Dragon","Dancing Fever",144
"Falcon Volume","Boiled Dares",102
"Family Sweet","Elf Murder",155
"Fantasy Troopers","Dances None",58
"Fantasy Troopers","Closer Bang",58
"Fargo Gandhi","Darko Dorado",130
"Fargo Gandhi","African Egg",130
"Fatal Haunted","Anthem Luke",91
"Feathers Metal","Crow Grease",104
"Feathers Metal","Date Speed",104
"Fellowship Autumn","Enemy Odds",77
"Fellowship Autumn","Berets Agent",77
"Ferris Mother","Chill Luck",142
"Ferris Mother","Bikini Borrowers",142
"Feud Frogmen","Earring Instinct",98
"Feud Frogmen","Bound Cheaper",98
"Fever Empire","Enough Raging",158
"Fiction Christmas","Bowfinger Gables",72
"Fiddler Lost","California Birds",75
"Fiddler Lost","Balloon Homeward",75
"Fidelity Devil","Backlash Undefeated",118
"Fight Jawbreaker","Fatal Haunted",91
"Fight Jawbreaker","Anthem Luke",91
"Fire Wolves","Conquerer Nuts",173
"Fire Wolves","Ballroom Mockingbird",173
"Fireball Philadelphia","Easy Gladiator",148
"Fireball Philadelphia","Blanket Beverly",148
"Fireball Philadelphia","Army Flintstones",148
"Firehouse Vietnam","Blindness Gun",103
"Firehouse Vietnam","Birdcage Casper",103
"Fish Opus","Donnie Alley",125
"Fish Opus","Bull Shawshank",125
"Flash Wars","Breakfast Goldfinger",123
"Flatliners Killer","Divine Resurrection",100
"Flatliners Killer","Deliverance Mulholland",100
"Flatliners Killer","Bilko Anonymous",100
"Flatliners Killer","Behavior Runaway",100
"Flight Lies","Cause Date",179
"Flight Lies","Born Spinal",179
"Flight Lies","Casualties Encino",179
"Flight Lies","Anonymous Human",179
"Flintstones Happiness","Fireball Philadelphia",148
"Flintstones Happiness","Easy Gladiator",148
"Flintstones Happiness","Blanket Beverly",148
"Flintstones Happiness","Army Flintstones",148
"Flying Hook","Cruelty Unforgiven",69
"Fool Mockingbird","Fever Empire",158
"Fool Mockingbird","Enough Raging",158
"Forever Candidate","Fantasia Park",131
"Forrest Sons","Dinosaur Secretary",63
"Forrest Sons","Bunch Minds",63
"Forrest Sons","Boulevard Mob",63
"Forrest Sons","Borrowers Bedazzled",63
"Forrest Sons","Bonnie Holocaust",63
"Forrest Sons","Aladdin Calendar",63
"Forrester Comancheros","Crusade Honey",112
"Forrester Comancheros","Crowds Telemark",112
"Forrester Comancheros","Conversation Downhill",112
"Forrester Comancheros","Coneheads Smoochy",112
"Forrester Comancheros","Cat Coneheads",112
"Forward Temple","Circus Youth",90
"Forward Temple","Basic Easy",90
"Frankenstein Stranger","Driver Annie",159
"Freaky Pocus","Elephant Trojan",126
"Freaky Pocus","Alamo Videotape",126
"Freddy Storm","Confessions Maguire",65
"Freddy Storm","Club Graffiti",65
"Freddy Storm","Barbarella Streetcar",65
"Freedom Cleopatra","Dragonfly Strangers",133
"Freedom Cleopatra","Curtain Videotape",133
"Freedom Cleopatra","Bucket Brotherhood",133
"French Holiday","Darkness War",99
"French Holiday","Armageddon Lost",99
"Frida Slipper","Brotherhood Blanket",73
"Frida Slipper","Bedazzled Married",73
"Frida Slipper","Bright Encounters",73
"Frisco Forrest","Excitement Eve",51
"Frisco Forrest","English Bulworth",51
"Frisco Forrest","Deep Crusade",51
"Frisco Forrest","Champion Flatliners",51
"Frontier Cabin","Catch Amistad",183
"Frost Head","Anything Savannah",82
"Frost Head","Alone Trip",82
"Fugitive Maguire","Attraction Newton",83
"Full Flatliners","Disturbing Scarface",94
"Full Flatliners","Alice Fantasia",94
"Fury Murder","Express Lonely",178
"Fury Murder","Drop Waterfront",178
"Gables Metropolis","Daddy Pittsburgh",161
"Gables Metropolis","Brooklyn Desert",161
"Games Bowfinger","Dumbo Lust",119
"Games Bowfinger","Bugsy Song",119
"Games Bowfinger","Apocalypse Flamingos",119
"Gandhi Kwai","Annie Identity",86
"Gandhi Kwai","Academy Dinosaur",86
"Gangs Pride","Darn Forrester",185
"Gangs Pride","Control Anthem",185
"Gangs Pride","Chicago North",185
"Garden Island","Flamingos Connecticut",80
"Gaslight Crusade","Deer Virginian",106
"Gaslight Crusade","Dalmations Sweden",106
"Gaslight Crusade","Bed Highball",106
"Gathering Calendar","Entrapment Satisfaction",176
"Gathering Calendar","Dracula Crystal",176
"Gathering Calendar","Cyclone Family",176
"Gathering Calendar","Caper Motions",176
"Gathering Calendar","Braveheart Human",176
"Gentlemen Stage","Fish Opus",125
"Gentlemen Stage","Donnie Alley",125
"Gentlemen Stage","Bull Shawshank",125
"Ghost Groundhog","Ending Crowds",85
"Ghost Groundhog","Egypt Tenenbaums",85
"Ghost Groundhog","Earth Vision",85
"Ghost Groundhog","Casablanca Super",85
"Ghost Groundhog","Canyon Stock",85
"Ghost Groundhog","Blackout Private",85
"Ghost Groundhog","Beverly Outlaw",85
"Ghost Groundhog","Amistad Midsummer",85
"Ghostbusters Elf","Dwarfs Alter",101
"Ghostbusters Elf","Cider Desire",101
"Ghostbusters Elf","Chocolat Harry",101
"Giant Troopers","Falcon Volume",102
"Giant Troopers","Boiled Dares",102
"Gilbert Pelican","Chasing Fight",114
"Gilbert Pelican","Chainsaw Uptown",114
"Gilbert Pelican","Carrie Bunch",114
"Gilbert Pelican","Blade Polish",114
"Gilbert Pelican","Alabama Devil",114
"Gilmore Boiled","Everyone Craft",163
"Gilmore Boiled","Casper Dragonfly",163
"Gilmore Boiled","Bird Independence",163
"Gladiator Westward","Fire Wolves",173
"Gladiator Westward","Conquerer Nuts",173
"Gladiator Westward","Ballroom Mockingbird",173
"Glass Dying","Firehouse Vietnam",103
"Glass Dying","Blindness Gun",103
"Glass Dying","Birdcage Casper",103
"Gleaming Jawbreaker","Dares Pluto",89
"Gleaming Jawbreaker","Butterfly Chocolat",89
"Gleaming Jawbreaker","Beast Hunchback",89
"Glory Tracy","Element Freddy",115
"Glory Tracy","Connection Microcosmos",115
"Go Purple","Airport Pollock",54
"Godfather Diary","Frida Slipper",73
"Godfather Diary","Brotherhood Blanket",73
"Godfather Diary","Bedazzled Married",73
"Godfather Diary","Bright Encounters",73
"Gold River","Durham Panky",154
"Gold River","Doubtfire Labyrinth",154
"Goldfinger Sensibility","Bill Others",93
"Goldmine Tycoon","Edge Kissing",153
"Goldmine Tycoon","Crossroads Casualties",153
"Goldmine Tycoon","Baby Hall",153
"Goldmine Tycoon","Apollo Teen",153
"Gone Trouble","Daisy Menagerie",84
"Goodfellas Salute","Destiny Saturday",56
"Goodfellas Salute","Cupboard Sinners",56
"Goodfellas Salute","Bride Intrigue",56
"Gorgeous Bingo","Autumn Crow",108
"Gosford Donnie","Barefoot Manchurian",129
"Gosford Donnie","American Circus",129
"Graceland Dynamite","Eagles Panky",140
"Graduate Lord","Finding Anaconda",156
"Graffiti Love","Affair Prejudice",117
"Graffiti Love","Chamber Italian",117
"Grail Frankenstein","Ghost Groundhog",85
"Grail Frankenstein","Ending Crowds",85
"Grail Frankenstein","Egypt Tenenbaums",85
"Grail Frankenstein","Earth Vision",85
"Grail Frankenstein","Casablanca Super",85
"Grail Frankenstein","Canyon Stock",85
"Grail Frankenstein","Blackout Private",85
"Grail Frankenstein","Beverly Outlaw",85
"Grail Frankenstein","Amistad Midsummer",85
"Grapes Fury","Family Sweet",155
"Grapes Fury","Elf Murder",155
"Grease Youth","Dream Pickup",135
"Grease Youth","Candles Grapes",135
"Greatest North","Goldfinger Sensibility",93
"Greatest North","Bill Others",93
"Greedy Roots","Contact Anonymous",166
"Greek Everyone","Gathering Calendar",176
"Greek Everyone","Entrapment Satisfaction",176
"Greek Everyone","Dracula Crystal",176
"Greek Everyone","Cyclone Family",176
"Greek Everyone","Caper Motions",176
"Greek Everyone","Braveheart Human",176
"Grinch Massage","Cleopatra Devil",150
"Grinch Massage","Christmas Moonshine",150
"Grinch Massage","Bingo Talented",150
"Grinch Massage","Ali Forever",150
"Grit Clockwork","Arsenic Independence",137
"Groove Fiction","Frogmen Breaking",111
"Groundhog Uncut","Dorado Notting",139
"Groundhog Uncut","Creatures Shakespeare",139
"Groundhog Uncut","Clyde Theory",139
"Gump Date","Cabin Flash",53
"Gump Date","Beneath Rush",53
"Gun Bonnie","Flatliners Killer",100
"Gun Bonnie","Divine Resurrection",100
"Gun Bonnie","Deliverance Mulholland",100
"Gun Bonnie","Bilko Anonymous",100
"Gun Bonnie","Behavior Runaway",100
"Gunfight Moon","Coldblooded Darling",70
"Gunfight Moon","Clue Grail",70
"Gunfight Moon","Chance Resurrection",70
"Gunfight Moon","Candidate Perdition",70
"Gunfighter Mussolini","Argonauts Town",127
"Guys Falcon","Gone Trouble",84
"Guys Falcon","Daisy Menagerie",84
"Half Outfield","Cowboy Doom",146
"Half Outfield","Chaplin License",146
"Hall Cassidy","Frisco Forrest",51
"Hall Cassidy","Excitement Eve",51
"Hall Cassidy","English Bulworth",51
"Hall Cassidy","Deep Crusade",51
"Hall Cassidy","Champion Flatliners",51
"Halloween Nuts","Downhill Enough",47
"Halloween Nuts","Divorce Shining",47
"Hamlet Wisdom","Half Outfield",146
"Hamlet Wisdom","Cowboy Doom",146
"Hamlet Wisdom","Chaplin License",146
"Identity Lover","Games Bowfinger",119
"Identity Lover","Dumbo Lust",119
"Identity Lover","Bugsy Song",119
"Identity Lover","Apocalypse Flamingos",119
"Handicap Boondock","Gorgeous Bingo",108
"Handicap Boondock","Autumn Crow",108
"Hanging Deep","Arabia Dogma",62
"Hanging Deep","Airplane Sierra",62
"Hanky October","Effect Gladiator",107
"Hanky October","Diary Panic",107
"Hanky October","Chitty Lock",107
"Hanover Galaxy","Halloween Nuts",47
"Hanover Galaxy","Downhill Enough",47
"Hanover Galaxy","Divorce Shining",47
"Happiness United","Gun Bonnie",100
"Happiness United","Flatliners Killer",100
"Happiness United","Divine Resurrection",100
"Happiness United","Deliverance Mulholland",100
"Happiness United","Bilko Anonymous",100
"Happiness United","Behavior Runaway",100
"Hardly Robbers","Fiction Christmas",72
"Hardly Robbers","Bowfinger Gables",72
"Harold French","Dying Maker",168
"Harold French","Antitrust Tomatoes",168
"Harper Dying","Caddyshack Jedi",52
"Harry Idaho","Dangerous Uptown",121
"Harry Idaho","Brannigan Sunrise",121
"Harry Idaho","Boogie Amelie",121
"Harry Idaho","Arizona Bang",121
"Hate Handicap","Hanky October",107
"Hate Handicap","Effect Gladiator",107
"Hate Handicap","Diary Panic",107
"Hate Handicap","Chitty Lock",107
"Haunted Antitrust","Destination Jerk",76
"Haunted Antitrust","Desire Alien",76
"Haunted Antitrust","Comforts Rush",76
"Haunted Antitrust","Boondock Ballroom",76
"Haunting Pianist","Analyze Hoosiers",181
"Hawk Chill","Hanover Galaxy",47
"Hawk Chill","Halloween Nuts",47
"Hawk Chill","Downhill Enough",47
"Hawk Chill","Divorce Shining",47
"Head Stranger","Flying Hook",69
"Head Stranger","Cruelty Unforgiven",69
"Heartbreakers Bright","Daughter Madigan",59
"Heartbreakers Bright","Commandments Express",59
"Heaven Freedom","Ace Goldfinger",48
"Heavenly Gun","Doors President",49
"Heavenly Gun","Grosse Wonderful",49
"Heavyweights Beast","Giant Troopers",102
"Heavyweights Beast","Falcon Volume",102
"Heavyweights Beast","Boiled Dares",102
"Hedwig Alter","Breaking Home",169
"Hedwig Alter","Agent Truman",169
"Hellfighters Sierra","Fiddler Lost",75
"Hellfighters Sierra","California Birds",75
"Hellfighters Sierra","Balloon Homeward",75
"High Encino","Guys Falcon",84
"High Encino","Gone Trouble",84
"High Encino","Daisy Menagerie",84
"Highball Potter","Drumline Cyclone",110
"Highball Potter","Celebrity Horn",110
"Hills Neighbors","Greatest North",93
"Hills Neighbors","Goldfinger Sensibility",93
"Hills Neighbors","Bill Others",93
"Hocus Frida","Dynamite Tarzan",141
"Hocus Frida","Disciple Mother",141
"Holes Brannigan","Galaxy Sweethearts",128
"Hollow Jeopardy","Crazy Home",136
"Hollow Jeopardy","Bringing Hysterical",136
"Hollow Jeopardy","Alaska Phantom",136
"Hollywood Anonymous","Head Stranger",69
"Hollywood Anonymous","Flying Hook",69
"Hollywood Anonymous","Cruelty Unforgiven",69
"Holocaust Highball","Color Philadelphia",149
"Holy Tadpole","Details Packer",88
"Home Pity","Gangs Pride",185
"Home Pity","Darn Forrester",185
"Home Pity","Control Anthem",185
"Home Pity","Chicago North",185
"Homeward Cider","Glass Dying",103
"Homeward Cider","Firehouse Vietnam",103
"Homeward Cider","Blindness Gun",103
"Homeward Cider","Birdcage Casper",103
"Homicide Peach","Hocus Frida",141
"Homicide Peach","Dynamite Tarzan",141
"Homicide Peach","Disciple Mother",141
"Honey Ties","High Encino",84
"Honey Ties","Guys Falcon",84
"Honey Ties","Gone Trouble",84
"Honey Ties","Daisy Menagerie",84
"Hook Chariots","Heavenly Gun",49
"Hook Chariots","Doors President",49
"Hook Chariots","Grosse Wonderful",49
"Idols Snatchers","Honey Ties",84
"Idols Snatchers","High Encino",84
"Idols Snatchers","Guys Falcon",84
"Idols Snatchers","Gone Trouble",84
"Idols Snatchers","Daisy Menagerie",84
"Hoosiers Birdcage","Greek Everyone",176
"Hoosiers Birdcage","Gathering Calendar",176
"Hoosiers Birdcage","Entrapment Satisfaction",176
"Hoosiers Birdcage","Dracula Crystal",176
"Hoosiers Birdcage","Cyclone Family",176
"Hoosiers Birdcage","Caper Motions",176
"Hoosiers Birdcage","Braveheart Human",176
"Hope Tootsie","Groundhog Uncut",139
"Hope Tootsie","Dorado Notting",139
"Hope Tootsie","Creatures Shakespeare",139
"Hope Tootsie","Clyde Theory",139
"Horn Working","Clueless Bucket",95
"Horror Reign","Hope Tootsie",139
"Horror Reign","Groundhog Uncut",139
"Horror Reign","Dorado Notting",139
"Horror Reign","Creatures Shakespeare",139
"Horror Reign","Clyde Theory",139
"Hotel Happiness","Haunting Pianist",181
"Hotel Happiness","Analyze Hoosiers",181
"Hours Rage","Extraordinary Conquerer",122
"Hours Rage","Dogma Family",122
"Hours Rage","Deceiver Betrayed",122
"Hours Rage","Confused Candles",122
"Hours Rage","Chicken Hellfighters",122
"Hours Rage","Betrayed Rear",122
"Hours Rage","Beach Heartbreakers",122
"House Dynamite","Coma Head",109
"Human Graffiti","Doom Dancing",68
"Human Graffiti","Divide Monster",68
"Human Graffiti","Ark Ridgemont",68
"Hunchback Impossible","Carol Texas",151
"Hunchback Impossible","Beethoven Exorcist",151
"Hunter Alter","Gentlemen Stage",125
"Hunter Alter","Fish Opus",125
"Hunter Alter","Donnie Alley",125
"Hunter Alter","Bull Shawshank",125
"Hunting Musketeers","Freddy Storm",65
"Hunting Musketeers","Confessions Maguire",65
"Hunting Musketeers","Club Graffiti",65
"Hunting Musketeers","Barbarella Streetcar",65
"Hurricane Affair","Hook Chariots",49
"Hurricane Affair","Heavenly Gun",49
"Hurricane Affair","Doors President",49
"Hurricane Affair","Grosse Wonderful",49
"Hustler Party","Fugitive Maguire",83
"Hustler Party","Attraction Newton",83
"Hyde Doctor","Happiness United",100
"Hyde Doctor","Gun Bonnie",100
"Hyde Doctor","Flatliners Killer",100
"Hyde Doctor","Divine Resurrection",100
"Hyde Doctor","Deliverance Mulholland",100
"Hyde Doctor","Bilko Anonymous",100
"Hyde Doctor","Behavior Runaway",100
"Hysterical Grail","Grinch Massage",150
"Hysterical Grail","Cleopatra Devil",150
"Hysterical Grail","Christmas Moonshine",150
"Hysterical Grail","Bingo Talented",150
"Hysterical Grail","Ali Forever",150
"Ice Crossing","Forever Candidate",131
"Ice Crossing","Fantasia Park",131
"Idaho Love","Eyes Driving",172
"Idaho Love","Creepers Kane",172
"Idaho Love","Connecticut Tramp",172
"Igby Maker","Bear Graceland",160
"Illusion Amelie","Hours Rage",122
"Illusion Amelie","Extraordinary Conquerer",122
"Illusion Amelie","Dogma Family",122
"Illusion Amelie","Deceiver Betrayed",122
"Illusion Amelie","Confused Candles",122
"Illusion Amelie","Chicken Hellfighters",122
"Illusion Amelie","Betrayed Rear",122
"Illusion Amelie","Beach Heartbreakers",122
"Image Princess","Fury Murder",178
"Image Princess","Express Lonely",178
"Image Princess","Drop Waterfront",178
"Impact Aladdin","Confidential Interview",180
"Impact Aladdin","Alley Evolution",180
"Impossible Prejudice","Homeward Cider",103
"Impossible Prejudice","Glass Dying",103
"Impossible Prejudice","Firehouse Vietnam",103
"Impossible Prejudice","Blindness Gun",103
"Impossible Prejudice","Birdcage Casper",103
"Inch Jet","Exorcist Sting",167
"Inch Jet","Escape Metropolis",167
"Inch Jet","Campus Remember",167
"Independence Hotel","Hobbit Alien",157
"Indian Love","Grease Youth",135
"Indian Love","Dream Pickup",135
"Indian Love","Candles Grapes",135
"Informer Double","Angels Life",74
"Innocent Usual","Image Princess",178
"Innocent Usual","Fury Murder",178
"Innocent Usual","Express Lonely",178
"Innocent Usual","Drop Waterfront",178
"Insects Stone","Flash Wars",123
"Insects Stone","Breakfast Goldfinger",123
"Insider Arizona","Holiday Games",78
"Instinct Airport","Duck Racer",116
"Intentions Empire","Hate Handicap",107
"Intentions Empire","Hanky October",107
"Intentions Empire","Effect Gladiator",107
"Intentions Empire","Diary Panic",107
"Intentions Empire","Chitty Lock",107
"Interview Liaisons","Heartbreakers Bright",59
"Interview Liaisons","Daughter Madigan",59
"Interview Liaisons","Commandments Express",59
"Intolerable Intentions","Forrest Sons",63
"Intolerable Intentions","Dinosaur Secretary",63
"Intolerable Intentions","Bunch Minds",63
"Intolerable Intentions","Boulevard Mob",63
"Intolerable Intentions","Borrowers Bedazzled",63
"Intolerable Intentions","Bonnie Holocaust",63
"Intolerable Intentions","Aladdin Calendar",63
"Intrigue Worst","Hotel Happiness",181
"Intrigue Worst","Haunting Pianist",181
"Intrigue Worst","Analyze Hoosiers",181
"Invasion Cyclone","Expendable Stallion",97
"Iron Moon","Alien Center",46
"Ishtar Rocketeer","Amelie Hellfighters",79
"Island Exorcist","Idols Snatchers",84
"Island Exorcist","Honey Ties",84
"Island Exorcist","High Encino",84
"Island Exorcist","Guys Falcon",84
"Island Exorcist","Gone Trouble",84
"Island Exorcist","Daisy Menagerie",84
"Italian African","Evolution Alter",174
"Jacket Frisco","Intrigue Worst",181
"Jacket Frisco","Hotel Happiness",181
"Jacket Frisco","Haunting Pianist",181
"Jacket Frisco","Analyze Hoosiers",181
"Jade Bunch","Italian African",174
"Jade Bunch","Evolution Alter",174
"Japanese Run","Indian Love",135
"Japanese Run","Grease Youth",135
"Japanese Run","Dream Pickup",135
"Japanese Run","Candles Grapes",135
"Jason Trap","Fargo Gandhi",130
"Jason Trap","Darko Dorado",130
"Jason Trap","African Egg",130
"Jawbreaker Brooklyn","Fidelity Devil",118
"Jawbreaker Brooklyn","Backlash Undefeated",118
"Jaws Harry","Forrester Comancheros",112
"Jaws Harry","Crusade Honey",112
"Jaws Harry","Crowds Telemark",112
"Jaws Harry","Conversation Downhill",112
"Jaws Harry","Coneheads Smoochy",112
"Jaws Harry","Cat Coneheads",112
"Jedi Beneath","Holes Brannigan",128
"Jedi Beneath","Galaxy Sweethearts",128
"Jeepers Wedding","Island Exorcist",84
"Jeepers Wedding","Idols Snatchers",84
"Jeepers Wedding","Honey Ties",84
"Jeepers Wedding","High Encino",84
"Jeepers Wedding","Guys Falcon",84
"Jeepers Wedding","Gone Trouble",84
"Jeepers Wedding","Daisy Menagerie",84
"Jekyll Frogmen","Fantasy Troopers",58
"Jekyll Frogmen","Dances None",58
"Jekyll Frogmen","Closer Bang",58
"Jeopardy Encino","Heavyweights Beast",102
"Jeopardy Encino","Giant Troopers",102
"Jeopardy Encino","Falcon Volume",102
"Jeopardy Encino","Boiled Dares",102
"Jericho Mulan","Duffel Apocalypse",171
"Jerk Paycheck","Idaho Love",172
"Jerk Paycheck","Eyes Driving",172
"Jerk Paycheck","Creepers Kane",172
"Jerk Paycheck","Connecticut Tramp",172
"Jersey Sassy","Bubble Grosse",60
"Jet Neighbors","Interview Liaisons",59
"Jet Neighbors","Heartbreakers Bright",59
"Jet Neighbors","Daughter Madigan",59
"Jet Neighbors","Commandments Express",59
"Jingle Sagebrush","Clones Pinocchio",124
"Jingle Sagebrush","Chisum Behavior",124
"Joon Northwest","Hunger Roof",105
"Juggler Hardly","Go Purple",54
"Juggler Hardly","Airport Pollock",54
"Jumanji Blade","Harry Idaho",121
"Jumanji Blade","Dangerous Uptown",121
"Jumanji Blade","Brannigan Sunrise",121
"Jumanji Blade","Boogie Amelie",121
"Jumanji Blade","Arizona Bang",121
"Jumping Wrath","Informer Double",74
"Jumping Wrath","Angels Life",74
"Kane Exorcist","Encounters Curtain",92
"Kane Exorcist","Core Suit",92
"Kane Exorcist","Caribbean Liberty",92
"Kane Exorcist","Apache Divine",92
"Kane Exorcist","Anaconda Confessions",92
"Karate Moon","Dolls Rage",120
"Karate Moon","Dazed Punk",120
"Karate Moon","Command Darling",120
"Karate Moon","Calendar Gunfight",120
"Kentuckian Giant","Hedwig Alter",169
"Kentuckian Giant","Breaking Home",169
"Kentuckian Giant","Agent Truman",169
"Kick Savannah","Flight Lies",179
"Kick Savannah","Cause Date",179
"Kick Savannah","Born Spinal",179
"Kick Savannah","Casualties Encino",179
"Kick Savannah","Anonymous Human",179
"Kill Brotherhood","Juggler Hardly",54
"Kill Brotherhood","Go Purple",54
"Kill Brotherhood","Airport Pollock",54
"Killer Innocent","Gables Metropolis",161
"Killer Innocent","Daddy Pittsburgh",161
"Killer Innocent","Brooklyn Desert",161
"King Evolution","Crystal Breaking",184
"King Evolution","Conspiracy Spirit",184
"Kiss Glory","Gilmore Boiled",163
"Kiss Glory","Everyone Craft",163
"Kiss Glory","Casper Dragonfly",163
"Kiss Glory","Bird Independence",163
"Kissing Dolls","Homicide Peach",141
"Kissing Dolls","Hocus Frida",141
"Kissing Dolls","Dynamite Tarzan",141
"Kissing Dolls","Disciple Mother",141
"Knock Warlock","Chariots Conspiracy",71
"Knock Warlock","Blood Argonauts",71
"Kramer Chocolate","Jericho Mulan",171
"Kramer Chocolate","Duffel Apocalypse",171
"Kwai Homeward","Iron Moon",46
"Kwai Homeward","Alien Center",46
"Labyrinth League","Kwai Homeward",46
"Labyrinth League","Iron Moon",46
"Labyrinth League","Alien Center",46
"Rush Goodfellas","Pelican Comforts",48
"Rush Goodfellas","Paradise Sabrina",48
"Rush Goodfellas","Odds Boogie",48
"Rush Goodfellas","Notting Speakeasy",48
"Rush Goodfellas","Midsummer Groundhog",48
"Rush Goodfellas","Heaven Freedom",48
"Rush Goodfellas","Ace Goldfinger",48
"Lady Stage","Egg Igby",67
"Lady Stage","Comancheros Enemy",67
"Lady Stage","Butch Panther",67
"Ladybugs Armageddon","Day Unfaithful",113
"Ladybugs Armageddon","Banger Pinocchio",113
"Ladybugs Armageddon","Attacks Hate",113
"Ladybugs Armageddon","Amadeus Holy",113
"Lambs Cincinatti","Factory Dragon",144
"Lambs Cincinatti","Dancing Fever",144
"Language Cowboy","Insider Arizona",78
"Language Cowboy","Holiday Games",78
"Lawless Vision","Jacket Frisco",181
"Lawless Vision","Intrigue Worst",181
"Lawless Vision","Hotel Happiness",181
"Lawless Vision","Haunting Pianist",181
"Lawless Vision","Analyze Hoosiers",181
"Lawrence Love","Driving Polish",175
"Lawrence Love","Beauty Grease",175
"League Hellfighters","Highball Potter",110
"League Hellfighters","Drumline Cyclone",110
"League Hellfighters","Celebrity Horn",110
"Leathernecks Dwarfs","Goldmine Tycoon",153
"Leathernecks Dwarfs","Edge Kissing",153
"Leathernecks Dwarfs","Crossroads Casualties",153
"Leathernecks Dwarfs","Baby Hall",153
"Leathernecks Dwarfs","Apollo Teen",153
"Lebowski Soldiers","Hollywood Anonymous",69
"Lebowski Soldiers","Head Stranger",69
"Lebowski Soldiers","Flying Hook",69
"Lebowski Soldiers","Cruelty Unforgiven",69
"Legally Secretary","Ladybugs Armageddon",113
"Legally Secretary","Day Unfaithful",113
"Legally Secretary","Banger Pinocchio",113
"Legally Secretary","Attacks Hate",113
"Legally Secretary","Amadeus Holy",113
"Legend Jedi","Jet Neighbors",59
"Legend Jedi","Interview Liaisons",59
"Legend Jedi","Heartbreakers Bright",59
"Legend Jedi","Daughter Madigan",59
"Legend Jedi","Commandments Express",59
"Lesson Cleopatra","Inch Jet",167
"Lesson Cleopatra","Exorcist Sting",167
"Lesson Cleopatra","Escape Metropolis",167
"Lesson Cleopatra","Campus Remember",167
"Liaisons Sweet","Graceland Dynamite",140
"Liaisons Sweet","Eagles Panky",140
"Liberty Magnificent","Expecations Natural",138
"License Weekend","Fight Jawbreaker",91
"License Weekend","Fatal Haunted",91
"License Weekend","Anthem Luke",91
"Lies Treatment","Dirty Ace",147
"Lies Treatment","Arachnophobia Rollercoaster",147
"Life Twisted","Grit Clockwork",137
"Life Twisted","Arsenic Independence",137
"Lights Deer","Jade Bunch",174
"Lights Deer","Italian African",174
"Lights Deer","Evolution Alter",174
"Mars Roman","Hanging Deep",62
"Mars Roman","Arabia Dogma",62
"Mars Roman","Airplane Sierra",62
"Lion Uncut","Crossing Divorce",50
"Lion Uncut","Blues Instinct",50
"Lion Uncut","Adaptation Holes",50
"Loathing Legally","Liaisons Sweet",140
"Loathing Legally","Graceland Dynamite",140
"Loathing Legally","Eagles Panky",140
"Lock Rear","Karate Moon",120
"Lock Rear","Dolls Rage",120
"Lock Rear","Dazed Punk",120
"Lock Rear","Command Darling",120
"Lock Rear","Calendar Gunfight",120
"Lola Agent","Grail Frankenstein",85
"Lola Agent","Ghost Groundhog",85
"Lola Agent","Ending Crowds",85
"Lola Agent","Egypt Tenenbaums",85
"Lola Agent","Earth Vision",85
"Lola Agent","Casablanca Super",85
"Lola Agent","Canyon Stock",85
"Lola Agent","Blackout Private",85
"Lola Agent","Beverly Outlaw",85
"Lola Agent","Amistad Midsummer",85
"Lolita World","Grapes Fury",155
"Lolita World","Family Sweet",155
"Lolita World","Elf Murder",155
"Lonely Elephant","Lady Stage",67
"Lonely Elephant","Egg Igby",67
"Lonely Elephant","Comancheros Enemy",67
"Lonely Elephant","Butch Panther",67
"Lord Arizona","Handicap Boondock",108
"Lord Arizona","Gorgeous Bingo",108
"Lord Arizona","Autumn Crow",108
"Lose Inch","Life Twisted",137
"Lose Inch","Grit Clockwork",137
"Lose Inch","Arsenic Independence",137
"Loser Hustler","Garden Island",80
"Loser Hustler","Flamingos Connecticut",80
"Lost Bird","Feud Frogmen",98
"Lost Bird","Earring Instinct",98
"Lost Bird","Bound Cheaper",98
"Louisiana Harry","Gunfight Moon",70
"Louisiana Harry","Coldblooded Darling",70
"Louisiana Harry","Clue Grail",70
"Louisiana Harry","Chance Resurrection",70
"Louisiana Harry","Candidate Perdition",70
"Love Suicides","Lawless Vision",181
"Love Suicides","Jacket Frisco",181
"Love Suicides","Intrigue Worst",181
"Love Suicides","Hotel Happiness",181
"Love Suicides","Haunting Pianist",181
"Love Suicides","Analyze Hoosiers",181
"Lovely Jingle","Hunting Musketeers",65
"Lovely Jingle","Freddy Storm",65
"Lovely Jingle","Confessions Maguire",65
"Lovely Jingle","Club Graffiti",65
"Lovely Jingle","Barbarella Streetcar",65
"Lover Truman","Hellfighters Sierra",75
"Lover Truman","Fiddler Lost",75
"Lover Truman","California Birds",75
"Lover Truman","Balloon Homeward",75
"Loverboy Attacks","Birch Antitrust",162
"Loverboy Attacks","Badman Dawn",162
"Luck Opus","Elizabeth Shane",152
"Luck Opus","Center Dinosaur",152
"Lucky Flying","Invasion Cyclone",97
"Lucky Flying","Expendable Stallion",97
"Luke Mummy","Jumping Wrath",74
"Luke Mummy","Informer Double",74
"Luke Mummy","Angels Life",74
"Mask Peach","Insects Stone",123
"Mask Peach","Flash Wars",123
"Mask Peach","Breakfast Goldfinger",123
"Lust Lock","Harper Dying",52
"Lust Lock","Caddyshack Jedi",52
"Madigan Dorado","Instinct Airport",116
"Madigan Dorado","Duck Racer",116
"Madison Trap","Lies Treatment",147
"Madison Trap","Dirty Ace",147
"Madison Trap","Arachnophobia Rollercoaster",147
"Madness Attacks","Innocent Usual",178
"Madness Attacks","Image Princess",178
"Madness Attacks","Fury Murder",178
"Madness Attacks","Express Lonely",178
"Madness Attacks","Drop Waterfront",178
"Madre Gables","Lost Bird",98
"Madre Gables","Feud Frogmen",98
"Madre Gables","Earring Instinct",98
"Madre Gables","Bound Cheaper",98
"Magic Mallrats","Graffiti Love",117
"Magic Mallrats","Affair Prejudice",117
"Magic Mallrats","Chamber Italian",117
"Magnificent Chitty","Gump Date",53
"Magnificent Chitty","Cabin Flash",53
"Magnificent Chitty","Beneath Rush",53
"Magnolia Forrester","Kramer Chocolate",171
"Magnolia Forrester","Jericho Mulan",171
"Magnolia Forrester","Duffel Apocalypse",171
"Maguire Apache","Luke Mummy",74
"Maguire Apache","Jumping Wrath",74
"Maguire Apache","Informer Double",74
"Maguire Apache","Angels Life",74
"Maiden Home","Liberty Magnificent",138
"Maiden Home","Expecations Natural",138
"Majestic Floats","Jason Trap",130
"Majestic Floats","Fargo Gandhi",130
"Majestic Floats","Darko Dorado",130
"Majestic Floats","African Egg",130
"Maker Gables","Hollow Jeopardy",136
"Maker Gables","Crazy Home",136
"Maker Gables","Bringing Hysterical",136
"Maker Gables","Alaska Phantom",136
"Malkovich Pet","Frankenstein Stranger",159
"Malkovich Pet","Driver Annie",159
"Mallrats United","Freedom Cleopatra",133
"Mallrats United","Dragonfly Strangers",133
"Mallrats United","Curtain Videotape",133
"Mallrats United","Bucket Brotherhood",133
"Maltese Hope","Gunfighter Mussolini",127
"Maltese Hope","Argonauts Town",127
"Manchurian Curtain","Empire Malkovich",177
"Manchurian Curtain","Dozen Lion",177
"Manchurian Curtain","Double Wrath",177
"Mannequin Worst","Knock Warlock",71
"Mannequin Worst","Chariots Conspiracy",71
"Mannequin Worst","Blood Argonauts",71
"Married Go","Gilbert Pelican",114
"Married Go","Chasing Fight",114
"Married Go","Chainsaw Uptown",114
"Married Go","Carrie Bunch",114
"Married Go","Blade Polish",114
"Married Go","Alabama Devil",114
"Masked Bubble","Hunchback Impossible",151
"Masked Bubble","Carol Texas",151
"Masked Bubble","Beethoven Exorcist",151
"Massacre Usual","Darling Breaking",165
"Massacre Usual","Citizen Shrek",165
"Massage Image","Killer Innocent",161
"Massage Image","Gables Metropolis",161
"Massage Image","Daddy Pittsburgh",161
"Massage Image","Brooklyn Desert",161
"Matrix Snowman","Goodfellas Salute",56
"Matrix Snowman","Destiny Saturday",56
"Matrix Snowman","Cupboard Sinners",56
"Matrix Snowman","Bride Intrigue",56
"Maude Mod","Hardly Robbers",72
"Maude Mod","Fiction Christmas",72
"Maude Mod","Bowfinger Gables",72
"Meet Chocolate","Loser Hustler",80
"Meet Chocolate","Garden Island",80
"Meet Chocolate","Flamingos Connecticut",80
"Memento Zoolander","Fellowship Autumn",77
"Memento Zoolander","Enemy Odds",77
"Memento Zoolander","Berets Agent",77
"Menagerie Rushmore","Madison Trap",147
"Menagerie Rushmore","Lies Treatment",147
"Menagerie Rushmore","Dirty Ace",147
"Menagerie Rushmore","Arachnophobia Rollercoaster",147
"Mermaid Insects","Feathers Metal",104
"Mermaid Insects","Crow Grease",104
"Mermaid Insects","Date Speed",104
"Metal Armageddon","Massage Image",161
"Metal Armageddon","Killer Innocent",161
"Metal Armageddon","Gables Metropolis",161
"Metal Armageddon","Daddy Pittsburgh",161
"Metal Armageddon","Brooklyn Desert",161
"Metropolis Coma","Desert Poseidon",64
"Metropolis Coma","Craft Outfield",64
"Microcosmos Paradise","Joon Northwest",105
"Microcosmos Paradise","Hunger Roof",105
"Midnight Westward","Gandhi Kwai",86
"Midnight Westward","Annie Identity",86
"Midnight Westward","Academy Dinosaur",86
"Midsummer Groundhog","Heaven Freedom",48
"Midsummer Groundhog","Ace Goldfinger",48
"Mighty Luck","Illusion Amelie",122
"Mighty Luck","Hours Rage",122
"Mighty Luck","Extraordinary Conquerer",122
"Mighty Luck","Dogma Family",122
"Mighty Luck","Deceiver Betrayed",122
"Mighty Luck","Confused Candles",122
"Mighty Luck","Chicken Hellfighters",122
"Mighty Luck","Betrayed Rear",122
"Mighty Luck","Beach Heartbreakers",122
"Mile Mulan","Metropolis Coma",64
"Mile Mulan","Desert Poseidon",64
"Mile Mulan","Craft Outfield",64
"Million Ace","Ferris Mother",142
"Million Ace","Chill Luck",142
"Million Ace","Bikini Borrowers",142
"Minds Truman","Holocaust Highball",149
"Minds Truman","Color Philadelphia",149
"Mine Titans","Greedy Roots",166
"Mine Titans","Contact Anonymous",166
"Minority Kiss","Legend Jedi",59
"Minority Kiss","Jet Neighbors",59
"Minority Kiss","Interview Liaisons",59
"Minority Kiss","Heartbreakers Bright",59
"Minority Kiss","Daughter Madigan",59
"Minority Kiss","Commandments Express",59
"Miracle Virtual","Loverboy Attacks",162
"Miracle Virtual","Birch Antitrust",162
"Miracle Virtual","Badman Dawn",162
"Mission Zoolander","Clerks Angels",164
"Mixed Doors","Impact Aladdin",180
"Mixed Doors","Confidential Interview",180
"Mixed Doors","Alley Evolution",180
"Mob Duffel","Microcosmos Paradise",105
"Mob Duffel","Joon Northwest",105
"Mob Duffel","Hunger Roof",105
"Mockingbird Hollywood","Jersey Sassy",60
"Mockingbird Hollywood","Bubble Grosse",60
"Mod Secretary","Memento Zoolander",77
"Mod Secretary","Fellowship Autumn",77
"Mod Secretary","Enemy Odds",77
"Mod Secretary","Berets Agent",77
"Model Fish","Lawrence Love",175
"Model Fish","Driving Polish",175
"Model Fish","Beauty Grease",175
"Modern Dorado","Maguire Apache",74
"Modern Dorado","Luke Mummy",74
"Modern Dorado","Jumping Wrath",74
"Modern Dorado","Informer Double",74
"Modern Dorado","Angels Life",74
"Money Harold","Japanese Run",135
"Money Harold","Indian Love",135
"Money Harold","Grease Youth",135
"Money Harold","Dream Pickup",135
"Money Harold","Candles Grapes",135
"Monsoon Cause","Baked Cleopatra",182
"Monster Spartacus","Intentions Empire",107
"Monster Spartacus","Hate Handicap",107
"Monster Spartacus","Hanky October",107
"Monster Spartacus","Effect Gladiator",107
"Monster Spartacus","Diary Panic",107
"Monster Spartacus","Chitty Lock",107
"Monterey Labyrinth","Fool Mockingbird",158
"Monterey Labyrinth","Fever Empire",158
"Monterey Labyrinth","Enough Raging",158
"Montezuma Command","Freaky Pocus",126
"Montezuma Command","Elephant Trojan",126
"Montezuma Command","Alamo Videotape",126
"Moon Bunch","Hustler Party",83
"Moon Bunch","Fugitive Maguire",83
"Moon Bunch","Attraction Newton",83
"Moonshine Cabin","Magnolia Forrester",171
"Moonshine Cabin","Kramer Chocolate",171
"Moonshine Cabin","Jericho Mulan",171
"Moonshine Cabin","Duffel Apocalypse",171
"Moonwalker Fool","King Evolution",184
"Moonwalker Fool","Crystal Breaking",184
"Moonwalker Fool","Conspiracy Spirit",184
"Mosquito Armageddon","Doctor Grail",57
"Mosquito Armageddon","Dawn Pond",57
"Mosquito Armageddon","Cranes Reservoir",57
"Mosquito Armageddon","Alter Victory",57
"Mother Oleander","Impossible Prejudice",103
"Mother Oleander","Homeward Cider",103
"Mother Oleander","Glass Dying",103
"Mother Oleander","Firehouse Vietnam",103
"Mother Oleander","Blindness Gun",103
"Mother Oleander","Birdcage Casper",103
"Motions Details","Mine Titans",166
"Motions Details","Greedy Roots",166
"Motions Details","Contact Anonymous",166
"Moulin Wake","Ishtar Rocketeer",79
"Moulin Wake","Amelie Hellfighters",79
"Mourning Purple","Hamlet Wisdom",146
"Mourning Purple","Half Outfield",146
"Mourning Purple","Cowboy Doom",146
"Mourning Purple","Chaplin License",146
"Movie Shakespeare","Magnificent Chitty",53
"Movie Shakespeare","Gump Date",53
"Movie Shakespeare","Cabin Flash",53
"Movie Shakespeare","Beneath Rush",53
"Mulan Moon","Igby Maker",160
"Mulan Moon","Bear Graceland",160
"Mulholland Beast","Independence Hotel",157
"Mulholland Beast","Hobbit Alien",157
"Mummy Creatures","Mulan Moon",160
"Mummy Creatures","Igby Maker",160
"Mummy Creatures","Bear Graceland",160
"Muppet Mile","Lion Uncut",50
"Muppet Mile","Crossing Divorce",50
"Muppet Mile","Blues Instinct",50
"Muppet Mile","Adaptation Holes",50
"Murder Antitrust","Motions Details",166
"Murder Antitrust","Mine Titans",166
"Murder Antitrust","Greedy Roots",166
"Murder Antitrust","Contact Anonymous",166
"Muscle Bright","Home Pity",185
"Muscle Bright","Gangs Pride",185
"Muscle Bright","Darn Forrester",185
"Muscle Bright","Control Anthem",185
"Muscle Bright","Chicago North",185
"Music Boondock","Gosford Donnie",129
"Music Boondock","Barefoot Manchurian",129
"Music Boondock","American Circus",129
"Musketeers Wait","Godfather Diary",73
"Musketeers Wait","Frida Slipper",73
"Musketeers Wait","Brotherhood Blanket",73
"Musketeers Wait","Bedazzled Married",73
"Musketeers Wait","Bright Encounters",73
"Mussolini Spoilers","Mixed Doors",180
"Mussolini Spoilers","Impact Aladdin",180
"Mussolini Spoilers","Confidential Interview",180
"Mussolini Spoilers","Alley Evolution",180
"Mystic Truman","Kane Exorcist",92
"Mystic Truman","Encounters Curtain",92
"Mystic Truman","Core Suit",92
"Mystic Truman","Caribbean Liberty",92
"Mystic Truman","Apache Divine",92
"Mystic Truman","Anaconda Confessions",92
"Name Detective","Madness Attacks",178
"Name Detective","Innocent Usual",178
"Name Detective","Image Princess",178
"Name Detective","Fury Murder",178
"Name Detective","Express Lonely",178
"Name Detective","Drop Waterfront",178
"Nash Chocolat","Mussolini Spoilers",180
"Nash Chocolat","Mixed Doors",180
"Nash Chocolat","Impact Aladdin",180
"Nash Chocolat","Confidential Interview",180
"Nash Chocolat","Alley Evolution",180
"National Story","Mystic Truman",92
"National Story","Kane Exorcist",92
"National Story","Encounters Curtain",92
"National Story","Core Suit",92
"National Story","Caribbean Liberty",92
"National Story","Apache Divine",92
"National Story","Anaconda Confessions",92
"Natural Stock","Muppet Mile",50
"Natural Stock","Lion Uncut",50
"Natural Stock","Crossing Divorce",50
"Natural Stock","Blues Instinct",50
"Natural Stock","Adaptation Holes",50
"Necklace Outbreak","Dude Blindness",132
"Necklace Outbreak","Chocolate Duck",132
"Neighbors Charade","Metal Armageddon",161
"Neighbors Charade","Massage Image",161
"Neighbors Charade","Killer Innocent",161
"Neighbors Charade","Gables Metropolis",161
"Neighbors Charade","Daddy Pittsburgh",161
"Neighbors Charade","Brooklyn Desert",161
"Nemo Campus","Ice Crossing",131
"Nemo Campus","Forever Candidate",131
"Nemo Campus","Fantasia Park",131
"Network Peak","Lover Truman",75
"Network Peak","Hellfighters Sierra",75
"Network Peak","Fiddler Lost",75
"Network Peak","California Birds",75
"Network Peak","Balloon Homeward",75
"Newsies Story","Malkovich Pet",159
"Newsies Story","Frankenstein Stranger",159
"Newsies Story","Driver Annie",159
"Newton Labyrinth","Network Peak",75
"Newton Labyrinth","Lover Truman",75
"Newton Labyrinth","Hellfighters Sierra",75
"Newton Labyrinth","Fiddler Lost",75
"Newton Labyrinth","California Birds",75
"Newton Labyrinth","Balloon Homeward",75
"Nightmare Chill","Minds Truman",149
"Nightmare Chill","Holocaust Highball",149
"Nightmare Chill","Color Philadelphia",149
"None Spiking","Moon Bunch",83
"None Spiking","Hustler Party",83
"None Spiking","Fugitive Maguire",83
"None Spiking","Attraction Newton",83
"Noon Papi","Mosquito Armageddon",57
"Noon Papi","Doctor Grail",57
"Noon Papi","Dawn Pond",57
"Noon Papi","Cranes Reservoir",57
"Noon Papi","Alter Victory",57
"North Tequila","Lonely Elephant",67
"North Tequila","Lady Stage",67
"North Tequila","Egg Igby",67
"North Tequila","Comancheros Enemy",67
"North Tequila","Butch Panther",67
"Northwest Polish","Jerk Paycheck",172
"Northwest Polish","Idaho Love",172
"Northwest Polish","Eyes Driving",172
"Northwest Polish","Creepers Kane",172
"Northwest Polish","Connecticut Tramp",172
"Notorious Reunion","Jedi Beneath",128
"Notorious Reunion","Holes Brannigan",128
"Notorious Reunion","Galaxy Sweethearts",128
"Notting Speakeasy","Midsummer Groundhog",48
"Notting Speakeasy","Heaven Freedom",48
"Notting Speakeasy","Ace Goldfinger",48
"Novocaine Flight","Mile Mulan",64
"Novocaine Flight","Metropolis Coma",64
"Novocaine Flight","Desert Poseidon",64
"Novocaine Flight","Craft Outfield",64
"Nuts Ties","Floats Garden",145
"October Submarine","Kill Brotherhood",54
"October Submarine","Juggler Hardly",54
"October Submarine","Go Purple",54
"October Submarine","Airport Pollock",54
"Odds Boogie","Notting Speakeasy",48
"Odds Boogie","Midsummer Groundhog",48
"Odds Boogie","Heaven Freedom",48
"Odds Boogie","Ace Goldfinger",48
"Oklahoma Jumanji","Jekyll Frogmen",58
"Oklahoma Jumanji","Fantasy Troopers",58
"Oklahoma Jumanji","Dances None",58
"Oklahoma Jumanji","Closer Bang",58
"Oleander Clue","Neighbors Charade",161
"Oleander Clue","Metal Armageddon",161
"Oleander Clue","Massage Image",161
"Oleander Clue","Killer Innocent",161
"Oleander Clue","Gables Metropolis",161
"Oleander Clue","Daddy Pittsburgh",161
"Oleander Clue","Brooklyn Desert",161
"Open African","Nemo Campus",131
"Open African","Ice Crossing",131
"Open African","Forever Candidate",131
"Open African","Fantasia Park",131
"Operation Operation","Graduate Lord",156
"Operation Operation","Finding Anaconda",156
"Opposite Necklace","National Story",92
"Opposite Necklace","Mystic Truman",92
"Opposite Necklace","Kane Exorcist",92
"Opposite Necklace","Encounters Curtain",92
"Opposite Necklace","Core Suit",92
"Opposite Necklace","Caribbean Liberty",92
"Opposite Necklace","Apache Divine",92
"Opposite Necklace","Anaconda Confessions",92
"Opus Ice","Jeopardy Encino",102
"Opus Ice","Heavyweights Beast",102
"Opus Ice","Giant Troopers",102
"Opus Ice","Falcon Volume",102
"Opus Ice","Boiled Dares",102
"Orange Grapes","Haunted Antitrust",76
"Orange Grapes","Destination Jerk",76
"Orange Grapes","Desire Alien",76
"Orange Grapes","Comforts Rush",76
"Orange Grapes","Boondock Ballroom",76
"Order Betrayed","Lock Rear",120
"Order Betrayed","Karate Moon",120
"Order Betrayed","Dolls Rage",120
"Order Betrayed","Dazed Punk",120
"Order Betrayed","Command Darling",120
"Order Betrayed","Calendar Gunfight",120
"Orient Closer","Jawbreaker Brooklyn",118
"Orient Closer","Fidelity Devil",118
"Orient Closer","Backlash Undefeated",118
"Oscar Gold","Glory Tracy",115
"Oscar Gold","Element Freddy",115
"Oscar Gold","Connection Microcosmos",115
"Others Soup","Orient Closer",118
"Others Soup","Jawbreaker Brooklyn",118
"Others Soup","Fidelity Devil",118
"Others Soup","Backlash Undefeated",118
"Outbreak Divine","Kentuckian Giant",169
"Outbreak Divine","Hedwig Alter",169
"Outbreak Divine","Breaking Home",169
"Outbreak Divine","Agent Truman",169
"Outfield Massacre","Music Boondock",129
"Outfield Massacre","Gosford Donnie",129
"Outfield Massacre","Barefoot Manchurian",129
"Outfield Massacre","American Circus",129
"Outlaw Hanky","Flintstones Happiness",148
"Outlaw Hanky","Fireball Philadelphia",148
"Outlaw Hanky","Easy Gladiator",148
"Outlaw Hanky","Blanket Beverly",148
"Outlaw Hanky","Army Flintstones",148
"Oz Liaisons","Lola Agent",85
"Oz Liaisons","Grail Frankenstein",85
"Oz Liaisons","Ghost Groundhog",85
"Oz Liaisons","Ending Crowds",85
"Oz Liaisons","Egypt Tenenbaums",85
"Oz Liaisons","Earth Vision",85
"Oz Liaisons","Casablanca Super",85
"Oz Liaisons","Canyon Stock",85
"Oz Liaisons","Blackout Private",85
"Oz Liaisons","Beverly Outlaw",85
"Oz Liaisons","Amistad Midsummer",85
"Pacific Amistad","Lambs Cincinatti",144
"Pacific Amistad","Factory Dragon",144
"Pacific Amistad","Dancing Fever",144
"Packer Madigan","Jeepers Wedding",84
"Packer Madigan","Island Exorcist",84
"Packer Madigan","Idols Snatchers",84
"Packer Madigan","Honey Ties",84
"Packer Madigan","High Encino",84
"Packer Madigan","Guys Falcon",84
"Packer Madigan","Gone Trouble",84
"Packer Madigan","Daisy Menagerie",84
"Pajama Jawbreaker","Montezuma Command",126
"Pajama Jawbreaker","Freaky Pocus",126
"Pajama Jawbreaker","Elephant Trojan",126
"Pajama Jawbreaker","Alamo Videotape",126
"Panic Club","Opus Ice",102
"Panic Club","Jeopardy Encino",102
"Panic Club","Heavyweights Beast",102
"Panic Club","Giant Troopers",102
"Panic Club","Falcon Volume",102
"Panic Club","Boiled Dares",102
"Panky Submarine","Hills Neighbors",93
"Panky Submarine","Greatest North",93
"Panky Submarine","Goldfinger Sensibility",93
"Panky Submarine","Bill Others",93
"Panther Reds","House Dynamite",109
"Panther Reds","Coma Head",109
"Papi Necklace","Notorious Reunion",128
"Papi Necklace","Jedi Beneath",128
"Papi Necklace","Holes Brannigan",128
"Papi Necklace","Galaxy Sweethearts",128
"Paradise Sabrina","Odds Boogie",48
"Paradise Sabrina","Notting Speakeasy",48
"Paradise Sabrina","Midsummer Groundhog",48
"Paradise Sabrina","Heaven Freedom",48
"Paradise Sabrina","Ace Goldfinger",48
"Paris Weekend","Jumanji Blade",121
"Paris Weekend","Harry Idaho",121
"Paris Weekend","Dangerous Uptown",121
"Paris Weekend","Brannigan Sunrise",121
"Paris Weekend","Boogie Amelie",121
"Paris Weekend","Arizona Bang",121
"Park Citizen","Panther Reds",109
"Park Citizen","House Dynamite",109
"Park Citizen","Coma Head",109
"Party Knock","Monster Spartacus",107
"Party Knock","Intentions Empire",107
"Party Knock","Hate Handicap",107
"Party Knock","Hanky October",107
"Party Knock","Effect Gladiator",107
"Party Knock","Diary Panic",107
"Party Knock","Chitty Lock",107
"Past Suicides","Mulholland Beast",157
"Past Suicides","Independence Hotel",157
"Past Suicides","Hobbit Alien",157
"Paths Control","Others Soup",118
"Paths Control","Orient Closer",118
"Paths Control","Jawbreaker Brooklyn",118
"Paths Control","Fidelity Devil",118
"Paths Control","Backlash Undefeated",118
"Patient Sister","French Holiday",99
"Patient Sister","Darkness War",99
"Patient Sister","Armageddon Lost",99
"Patriot Roman","Lovely Jingle",65
"Patriot Roman","Hunting Musketeers",65
"Patriot Roman","Freddy Storm",65
"Patriot Roman","Confessions Maguire",65
"Patriot Roman","Club Graffiti",65
"Patriot Roman","Barbarella Streetcar",65
"Patton Interview","Model Fish",175
"Patton Interview","Lawrence Love",175
"Patton Interview","Driving Polish",175
"Patton Interview","Beauty Grease",175
"Paycheck Wait","Nuts Ties",145
"Paycheck Wait","Floats Garden",145
"Peach Innocent","Mummy Creatures",160
"Peach Innocent","Mulan Moon",160
"Peach Innocent","Igby Maker",160
"Peach Innocent","Bear Graceland",160
"Peak Forever","Meet Chocolate",80
"Peak Forever","Loser Hustler",80
"Peak Forever","Garden Island",80
"Peak Forever","Flamingos Connecticut",80
"Pearl Destiny","Modern Dorado",74
"Pearl Destiny","Maguire Apache",74
"Pearl Destiny","Luke Mummy",74
"Pearl Destiny","Jumping Wrath",74
"Pearl Destiny","Informer Double",74
"Pearl Destiny","Angels Life",74
"Pelican Comforts","Paradise Sabrina",48
"Pelican Comforts","Odds Boogie",48
"Pelican Comforts","Notting Speakeasy",48
"Pelican Comforts","Midsummer Groundhog",48
"Pelican Comforts","Heaven Freedom",48
"Pelican Comforts","Ace Goldfinger",48
"Perdition Fargo","Patient Sister",99
"Perdition Fargo","French Holiday",99
"Perdition Fargo","Darkness War",99
"Perdition Fargo","Armageddon Lost",99
"Perfect Groove","Frost Head",82
"Perfect Groove","Anything Savannah",82
"Perfect Groove","Alone Trip",82
"Personal Ladybugs","Paths Control",118
"Personal Ladybugs","Others Soup",118
"Personal Ladybugs","Orient Closer",118
"Personal Ladybugs","Jawbreaker Brooklyn",118
"Personal Ladybugs","Fidelity Devil",118
"Personal Ladybugs","Backlash Undefeated",118
"Pet Haunting","Perdition Fargo",99
"Pet Haunting","Patient Sister",99
"Pet Haunting","French Holiday",99
"Pet Haunting","Darkness War",99
"Pet Haunting","Armageddon Lost",99
"Phantom Glory","Mockingbird Hollywood",60
"Phantom Glory","Jersey Sassy",60
"Phantom Glory","Bubble Grosse",60
"Philadelphia Wife","Lose Inch",137
"Philadelphia Wife","Life Twisted",137
"Philadelphia Wife","Grit Clockwork",137
"Philadelphia Wife","Arsenic Independence",137
"Pianist Outfield","Maker Gables",136
"Pianist Outfield","Hollow Jeopardy",136
"Pianist Outfield","Crazy Home",136
"Pianist Outfield","Bringing Hysterical",136
"Pianist Outfield","Alaska Phantom",136
"Pickup Driving","Mod Secretary",77
"Pickup Driving","Memento Zoolander",77
"Pickup Driving","Fellowship Autumn",77
"Pickup Driving","Enemy Odds",77
"Pickup Driving","Berets Agent",77
"Pilot Hoosiers","Natural Stock",50
"Pilot Hoosiers","Muppet Mile",50
"Pilot Hoosiers","Lion Uncut",50
"Pilot Hoosiers","Crossing Divorce",50
"Pilot Hoosiers","Blues Instinct",50
"Pilot Hoosiers","Adaptation Holes",50
"Pinocchio Simon","Mother Oleander",103
"Pinocchio Simon","Impossible Prejudice",103
"Pinocchio Simon","Homeward Cider",103
"Pinocchio Simon","Glass Dying",103
"Pinocchio Simon","Firehouse Vietnam",103
"Pinocchio Simon","Blindness Gun",103
"Pinocchio Simon","Birdcage Casper",103
"Pirates Roxanne","Hyde Doctor",100
"Pirates Roxanne","Happiness United",100
"Pirates Roxanne","Gun Bonnie",100
"Pirates Roxanne","Flatliners Killer",100
"Pirates Roxanne","Divine Resurrection",100
"Pirates Roxanne","Deliverance Mulholland",100
"Pirates Roxanne","Bilko Anonymous",100
"Pirates Roxanne","Behavior Runaway",100
"Pittsburgh Hunchback","Jungle Closer",134
"Pity Bound","Phantom Glory",60
"Pity Bound","Mockingbird Hollywood",60
"Pity Bound","Jersey Sassy",60
"Pity Bound","Bubble Grosse",60
"Pizza Jumanji","Gladiator Westward",173
"Pizza Jumanji","Fire Wolves",173
"Pizza Jumanji","Conquerer Nuts",173
"Pizza Jumanji","Ballroom Mockingbird",173
"Platoon Instinct","Necklace Outbreak",132
"Platoon Instinct","Dude Blindness",132
"Platoon Instinct","Chocolate Duck",132
"Pluto Oleander","Packer Madigan",84
"Pluto Oleander","Jeepers Wedding",84
"Pluto Oleander","Island Exorcist",84
"Pluto Oleander","Idols Snatchers",84
"Pluto Oleander","Honey Ties",84
"Pluto Oleander","High Encino",84
"Pluto Oleander","Guys Falcon",84
"Pluto Oleander","Gone Trouble",84
"Pluto Oleander","Daisy Menagerie",84
"Pocus Pulp","Maiden Home",138
"Pocus Pulp","Liberty Magnificent",138
"Pocus Pulp","Expecations Natural",138
"Polish Brooklyn","Drifter Commandments",61
"Polish Brooklyn","Chinatown Gladiator",61
"Polish Brooklyn","Cassidy Wyoming",61
"Polish Brooklyn","Camelot Vacation",61
"Polish Brooklyn","Bulworth Commandments",61
"Polish Brooklyn","Birds Perdition",61
"Pollock Deliverance","Philadelphia Wife",137
"Pollock Deliverance","Lose Inch",137
"Pollock Deliverance","Life Twisted",137
"Pollock Deliverance","Grit Clockwork",137
"Pollock Deliverance","Arsenic Independence",137
"Pond Seattle","Muscle Bright",185
"Pond Seattle","Home Pity",185
"Pond Seattle","Gangs Pride",185
"Pond Seattle","Darn Forrester",185
"Pond Seattle","Control Anthem",185
"Pond Seattle","Chicago North",185
"Poseidon Forever","Newsies Story",159
"Poseidon Forever","Malkovich Pet",159
"Poseidon Forever","Frankenstein Stranger",159
"Poseidon Forever","Driver Annie",159
"Potluck Mixed","Kick Savannah",179
"Potluck Mixed","Flight Lies",179
"Potluck Mixed","Cause Date",179
"Potluck Mixed","Born Spinal",179
"Potluck Mixed","Casualties Encino",179
"Potluck Mixed","Anonymous Human",179
"Potter Connecticut","Oscar Gold",115
"Potter Connecticut","Glory Tracy",115
"Potter Connecticut","Element Freddy",115
"Potter Connecticut","Connection Microcosmos",115
"Prejudice Oleander","Madre Gables",98
"Prejudice Oleander","Lost Bird",98
"Prejudice Oleander","Feud Frogmen",98
"Prejudice Oleander","Earring Instinct",98
"Prejudice Oleander","Bound Cheaper",98
"President Bang","Pacific Amistad",144
"President Bang","Lambs Cincinatti",144
"President Bang","Factory Dragon",144
"President Bang","Dancing Fever",144
"Pride Alamo","Married Go",114
"Pride Alamo","Gilbert Pelican",114
"Pride Alamo","Chasing Fight",114
"Pride Alamo","Chainsaw Uptown",114
"Pride Alamo","Carrie Bunch",114
"Pride Alamo","Blade Polish",114
"Pride Alamo","Alabama Devil",114
"Primary Glass","Movie Shakespeare",53
"Primary Glass","Magnificent Chitty",53
"Primary Glass","Gump Date",53
"Primary Glass","Cabin Flash",53
"Primary Glass","Beneath Rush",53
"Princess Giant","Mannequin Worst",71
"Princess Giant","Knock Warlock",71
"Princess Giant","Chariots Conspiracy",71
"Princess Giant","Blood Argonauts",71
"Private Drop","Gaslight Crusade",106
"Private Drop","Deer Virginian",106
"Private Drop","Dalmations Sweden",106
"Private Drop","Bed Highball",106
"Prix Undefeated","Potter Connecticut",115
"Prix Undefeated","Oscar Gold",115
"Prix Undefeated","Glory Tracy",115
"Prix Undefeated","Element Freddy",115
"Prix Undefeated","Connection Microcosmos",115
"Psycho Shrunk","Lolita World",155
"Psycho Shrunk","Grapes Fury",155
"Psycho Shrunk","Family Sweet",155
"Psycho Shrunk","Elf Murder",155
"Pulp Beverly","Gleaming Jawbreaker",89
"Pulp Beverly","Dares Pluto",89
"Pulp Beverly","Butterfly Chocolat",89
"Pulp Beverly","Beast Hunchback",89
"Punk Divorce","Pirates Roxanne",100
"Punk Divorce","Hyde Doctor",100
"Punk Divorce","Happiness United",100
"Punk Divorce","Gun Bonnie",100
"Punk Divorce","Flatliners Killer",100
"Punk Divorce","Divine Resurrection",100
"Punk Divorce","Deliverance Mulholland",100
"Punk Divorce","Bilko Anonymous",100
"Punk Divorce","Behavior Runaway",100
"Pure Runner","Paris Weekend",121
"Pure Runner","Jumanji Blade",121
"Pure Runner","Harry Idaho",121
"Pure Runner","Dangerous Uptown",121
"Pure Runner","Brannigan Sunrise",121
"Pure Runner","Boogie Amelie",121
"Pure Runner","Arizona Bang",121
"Purple Movie","Holy Tadpole",88
"Purple Movie","Details Packer",88
"Queen Luke","Kiss Glory",163
"Queen Luke","Gilmore Boiled",163
"Queen Luke","Everyone Craft",163
"Queen Luke","Casper Dragonfly",163
"Queen Luke","Bird Independence",163
"Quest Mussolini","Manchurian Curtain",177
"Quest Mussolini","Empire Malkovich",177
"Quest Mussolini","Dozen Lion",177
"Quest Mussolini","Double Wrath",177
"Quills Bull","Jaws Harry",112
"Quills Bull","Forrester Comancheros",112
"Quills Bull","Crusade Honey",112
"Quills Bull","Crowds Telemark",112
"Quills Bull","Conversation Downhill",112
"Quills Bull","Coneheads Smoochy",112
"Quills Bull","Cat Coneheads",112
"Racer Egg","Menagerie Rushmore",147
"Racer Egg","Madison Trap",147
"Racer Egg","Lies Treatment",147
"Racer Egg","Dirty Ace",147
"Racer Egg","Arachnophobia Rollercoaster",147
"Rage Games","Order Betrayed",120
"Rage Games","Lock Rear",120
"Rage Games","Karate Moon",120
"Rage Games","Dolls Rage",120
"Rage Games","Dazed Punk",120
"Rage Games","Command Darling",120
"Rage Games","Calendar Gunfight",120
"Raging Airplane","Gold River",154
"Raging Airplane","Durham Panky",154
"Raging Airplane","Doubtfire Labyrinth",154
"Raiders Antitrust","Perfect Groove",82
"Raiders Antitrust","Frost Head",82
"Raiders Antitrust","Anything Savannah",82
"Raiders Antitrust","Alone Trip",82
"Rainbow Shock","Pearl Destiny",74
"Rainbow Shock","Modern Dorado",74
"Rainbow Shock","Maguire Apache",74
"Rainbow Shock","Luke Mummy",74
"Rainbow Shock","Jumping Wrath",74
"Rainbow Shock","Informer Double",74
"Rainbow Shock","Angels Life",74
"Random Go","Musketeers Wait",73
"Random Go","Godfather Diary",73
"Random Go","Frida Slipper",73
"Random Go","Brotherhood Blanket",73
"Random Go","Bedazzled Married",73
"Random Go","Bright Encounters",73
"Range Moonwalker","Racer Egg",147
"Range Moonwalker","Menagerie Rushmore",147
"Range Moonwalker","Madison Trap",147
"Range Moonwalker","Lies Treatment",147
"Range Moonwalker","Dirty Ace",147
"Range Moonwalker","Arachnophobia Rollercoaster",147
"Reap Unfaithful","Pianist Outfield",136
"Reap Unfaithful","Maker Gables",136
"Reap Unfaithful","Hollow Jeopardy",136
"Reap Unfaithful","Crazy Home",136
"Reap Unfaithful","Bringing Hysterical",136
"Reap Unfaithful","Alaska Phantom",136
"Rear Trading","Lucky Flying",97
"Rear Trading","Invasion Cyclone",97
"Rear Trading","Expendable Stallion",97
"Rebel Airport","Random Go",73
"Rebel Airport","Musketeers Wait",73
"Rebel Airport","Godfather Diary",73
"Rebel Airport","Frida Slipper",73
"Rebel Airport","Brotherhood Blanket",73
"Rebel Airport","Bedazzled Married",73
"Rebel Airport","Bright Encounters",73
"Records Zorro","Monsoon Cause",182
"Records Zorro","Baked Cleopatra",182
"Redemption Comforts","Potluck Mixed",179
"Redemption Comforts","Kick Savannah",179
"Redemption Comforts","Flight Lies",179
"Redemption Comforts","Cause Date",179
"Redemption Comforts","Born Spinal",179
"Redemption Comforts","Casualties Encino",179
"Redemption Comforts","Anonymous Human",179
"Reds Pocus","Records Zorro",182
"Reds Pocus","Monsoon Cause",182
"Reds Pocus","Baked Cleopatra",182
"Reef Salute","Mask Peach",123
"Reef Salute","Insects Stone",123
"Reef Salute","Flash Wars",123
"Reef Salute","Breakfast Goldfinger",123
"Reign Gentlemen","Raiders Antitrust",82
"Reign Gentlemen","Perfect Groove",82
"Reign Gentlemen","Frost Head",82
"Reign Gentlemen","Anything Savannah",82
"Reign Gentlemen","Alone Trip",82
"Remember Diary","League Hellfighters",110
"Remember Diary","Highball Potter",110
"Remember Diary","Drumline Cyclone",110
"Remember Diary","Celebrity Horn",110
"Requiem Tycoon","Lesson Cleopatra",167
"Requiem Tycoon","Inch Jet",167
"Requiem Tycoon","Exorcist Sting",167
"Requiem Tycoon","Escape Metropolis",167
"Requiem Tycoon","Campus Remember",167
"Reservoir Adaptation","Polish Brooklyn",61
"Reservoir Adaptation","Drifter Commandments",61
"Reservoir Adaptation","Chinatown Gladiator",61
"Reservoir Adaptation","Cassidy Wyoming",61
"Reservoir Adaptation","Camelot Vacation",61
"Reservoir Adaptation","Bulworth Commandments",61
"Reservoir Adaptation","Birds Perdition",61
"Resurrection Silverado","Magic Mallrats",117
"Resurrection Silverado","Graffiti Love",117
"Resurrection Silverado","Affair Prejudice",117
"Resurrection Silverado","Chamber Italian",117
"Reunion Witches","Intolerable Intentions",63
"Reunion Witches","Forrest Sons",63
"Reunion Witches","Dinosaur Secretary",63
"Reunion Witches","Bunch Minds",63
"Reunion Witches","Boulevard Mob",63
"Reunion Witches","Borrowers Bedazzled",63
"Reunion Witches","Bonnie Holocaust",63
"Reunion Witches","Aladdin Calendar",63
"Rider Caddyshack","Quest Mussolini",177
"Rider Caddyshack","Manchurian Curtain",177
"Rider Caddyshack","Empire Malkovich",177
"Rider Caddyshack","Dozen Lion",177
"Rider Caddyshack","Double Wrath",177
"Ridgemont Submarine","Labyrinth League",46
"Ridgemont Submarine","Kwai Homeward",46
"Ridgemont Submarine","Iron Moon",46
"Ridgemont Submarine","Alien Center",46
"Right Cranes","Leathernecks Dwarfs",153
"Right Cranes","Goldmine Tycoon",153
"Right Cranes","Edge Kissing",153
"Right Cranes","Crossroads Casualties",153
"Right Cranes","Baby Hall",153
"Right Cranes","Apollo Teen",153
"Rings Heartbreakers","Oklahoma Jumanji",58
"Rings Heartbreakers","Jekyll Frogmen",58
"Rings Heartbreakers","Fantasy Troopers",58
"Rings Heartbreakers","Dances None",58
"Rings Heartbreakers","Closer Bang",58
"River Outlaw","Nightmare Chill",149
"River Outlaw","Minds Truman",149
"River Outlaw","Holocaust Highball",149
"River Outlaw","Color Philadelphia",149
"Road Roxanne","Monterey Labyrinth",158
"Road Roxanne","Fool Mockingbird",158
"Road Roxanne","Fever Empire",158
"Road Roxanne","Enough Raging",158
"Robbers Joon","Panic Club",102
"Robbers Joon","Opus Ice",102
"Robbers Joon","Jeopardy Encino",102
"Robbers Joon","Heavyweights Beast",102
"Robbers Joon","Giant Troopers",102
"Robbers Joon","Falcon Volume",102
"Robbers Joon","Boiled Dares",102
"Robbery Bright","Pittsburgh Hunchback",134
"Robbery Bright","Jungle Closer",134
"Rock Instinct","Robbers Joon",102
"Rock Instinct","Panic Club",102
"Rock Instinct","Opus Ice",102
"Rock Instinct","Jeopardy Encino",102
"Rock Instinct","Heavyweights Beast",102
"Rock Instinct","Giant Troopers",102
"Rock Instinct","Falcon Volume",102
"Rock Instinct","Boiled Dares",102
"Rocketeer Mother","Name Detective",178
"Rocketeer Mother","Madness Attacks",178
"Rocketeer Mother","Innocent Usual",178
"Rocketeer Mother","Image Princess",178
"Rocketeer Mother","Fury Murder",178
"Rocketeer Mother","Express Lonely",178
"Rocketeer Mother","Drop Waterfront",178
"Rocky War","Paycheck Wait",145
"Rocky War","Nuts Ties",145
"Rocky War","Floats Garden",145
"Rollercoaster Bringing","Right Cranes",153
"Rollercoaster Bringing","Leathernecks Dwarfs",153
"Rollercoaster Bringing","Goldmine Tycoon",153
"Rollercoaster Bringing","Edge Kissing",153
"Rollercoaster Bringing","Crossroads Casualties",153
"Rollercoaster Bringing","Baby Hall",153
"Rollercoaster Bringing","Apollo Teen",153
"Roman Punk","Desperate Trainspotting",81
"Roman Punk","Clash Freddy",81
"Roof Champion","Ghostbusters Elf",101
"Roof Champion","Dwarfs Alter",101
"Roof Champion","Cider Desire",101
"Roof Champion","Chocolat Harry",101
"Room Roman","Pity Bound",60
"Room Roman","Phantom Glory",60
"Room Roman","Mockingbird Hollywood",60
"Room Roman","Jersey Sassy",60
"Room Roman","Bubble Grosse",60
"Roots Remember","Pulp Beverly",89
"Roots Remember","Gleaming Jawbreaker",89
"Roots Remember","Dares Pluto",89
"Roots Remember","Butterfly Chocolat",89
"Roots Remember","Beast Hunchback",89
"Roses Treasure","Miracle Virtual",162
"Roses Treasure","Loverboy Attacks",162
"Roses Treasure","Birch Antitrust",162
"Roses Treasure","Badman Dawn",162
"Rouge Squad","Personal Ladybugs",118
"Rouge Squad","Paths Control",118
"Rouge Squad","Others Soup",118
"Rouge Squad","Orient Closer",118
"Rouge Squad","Jawbreaker Brooklyn",118
"Rouge Squad","Fidelity Devil",118
"Rouge Squad","Backlash Undefeated",118
"Roxanne Rebel","Moonshine Cabin",171
"Roxanne Rebel","Magnolia Forrester",171
"Roxanne Rebel","Kramer Chocolate",171
"Roxanne Rebel","Jericho Mulan",171
"Roxanne Rebel","Duffel Apocalypse",171
"Rugrats Shakespeare","Park Citizen",109
"Rugrats Shakespeare","Panther Reds",109
"Rugrats Shakespeare","House Dynamite",109
"Rugrats Shakespeare","Coma Head",109
"Rules Human","Rollercoaster Bringing",153
"Rules Human","Right Cranes",153
"Rules Human","Leathernecks Dwarfs",153
"Rules Human","Goldmine Tycoon",153
"Rules Human","Edge Kissing",153
"Rules Human","Crossroads Casualties",153
"Rules Human","Baby Hall",153
"Rules Human","Apollo Teen",153
"Run Pacific","Rocky War",145
"Run Pacific","Paycheck Wait",145
"Run Pacific","Nuts Ties",145
"Run Pacific","Floats Garden",145
"Runaway Tenenbaums","Love Suicides",181
"Runaway Tenenbaums","Lawless Vision",181
"Runaway Tenenbaums","Jacket Frisco",181
"Runaway Tenenbaums","Intrigue Worst",181
"Runaway Tenenbaums","Hotel Happiness",181
"Runaway Tenenbaums","Haunting Pianist",181
"Runaway Tenenbaums","Analyze Hoosiers",181
"Runner Madigan","Roof Champion",101
"Runner Madigan","Ghostbusters Elf",101
"Runner Madigan","Dwarfs Alter",101
"Runner Madigan","Cider Desire",101
"Runner Madigan","Chocolat Harry",101
"Rushmore Mermaid","Hysterical Grail",150
"Rushmore Mermaid","Grinch Massage",150
"Rushmore Mermaid","Cleopatra Devil",150
"Rushmore Mermaid","Christmas Moonshine",150
"Rushmore Mermaid","Bingo Talented",150
"Rushmore Mermaid","Ali Forever",150
"Sabrina Midnight","Pet Haunting",99
"Sabrina Midnight","Perdition Fargo",99
"Sabrina Midnight","Patient Sister",99
"Sabrina Midnight","French Holiday",99
"Sabrina Midnight","Darkness War",99
"Sabrina Midnight","Armageddon Lost",99
"Saddle Antitrust","Peak Forever",80
"Saddle Antitrust","Meet Chocolate",80
"Saddle Antitrust","Loser Hustler",80
"Saddle Antitrust","Garden Island",80
"Saddle Antitrust","Flamingos Connecticut",80
"Sagebrush Clueless","Private Drop",106
"Sagebrush Clueless","Gaslight Crusade",106
"Sagebrush Clueless","Deer Virginian",106
"Sagebrush Clueless","Dalmations Sweden",106
"Sagebrush Clueless","Bed Highball",106
"Saints Bride","Hunter Alter",125
"Saints Bride","Gentlemen Stage",125
"Saints Bride","Fish Opus",125
"Saints Bride","Donnie Alley",125
"Saints Bride","Bull Shawshank",125
"Salute Apollo","Rebel Airport",73
"Salute Apollo","Random Go",73
"Salute Apollo","Musketeers Wait",73
"Salute Apollo","Godfather Diary",73
"Salute Apollo","Frida Slipper",73
"Salute Apollo","Brotherhood Blanket",73
"Salute Apollo","Bedazzled Married",73
"Salute Apollo","Bright Encounters",73
"Samurai Lion","Remember Diary",110
"Samurai Lion","League Hellfighters",110
"Samurai Lion","Highball Potter",110
"Samurai Lion","Drumline Cyclone",110
"Samurai Lion","Celebrity Horn",110
"Santa Paris","Raging Airplane",154
"Santa Paris","Gold River",154
"Santa Paris","Durham Panky",154
"Santa Paris","Doubtfire Labyrinth",154
"Sassy Packer","Santa Paris",154
"Sassy Packer","Raging Airplane",154
"Sassy Packer","Gold River",154
"Sassy Packer","Durham Panky",154
"Sassy Packer","Doubtfire Labyrinth",154
"Satisfaction Confidential","Newton Labyrinth",75
"Satisfaction Confidential","Network Peak",75
"Satisfaction Confidential","Lover Truman",75
"Satisfaction Confidential","Hellfighters Sierra",75
"Satisfaction Confidential","Fiddler Lost",75
"Satisfaction Confidential","California Birds",75
"Satisfaction Confidential","Balloon Homeward",75
"Saturday Lambs","Rushmore Mermaid",150
"Saturday Lambs","Hysterical Grail",150
"Saturday Lambs","Grinch Massage",150
"Saturday Lambs","Cleopatra Devil",150
"Saturday Lambs","Christmas Moonshine",150
"Saturday Lambs","Bingo Talented",150
"Saturday Lambs","Ali Forever",150
"Saturn Name","Reds Pocus",182
"Saturn Name","Records Zorro",182
"Saturn Name","Monsoon Cause",182
"Saturn Name","Baked Cleopatra",182
"Savannah Town","Pluto Oleander",84
"Savannah Town","Packer Madigan",84
"Savannah Town","Jeepers Wedding",84
"Savannah Town","Island Exorcist",84
"Savannah Town","Idols Snatchers",84
"Savannah Town","Honey Ties",84
"Savannah Town","High Encino",84
"Savannah Town","Guys Falcon",84
"Savannah Town","Gone Trouble",84
"Savannah Town","Daisy Menagerie",84
"Scalawag Duck","Frontier Cabin",183
"Scalawag Duck","Catch Amistad",183
"Scarface Bang","Rock Instinct",102
"Scarface Bang","Robbers Joon",102
"Scarface Bang","Panic Club",102
"Scarface Bang","Opus Ice",102
"Scarface Bang","Jeopardy Encino",102
"Scarface Bang","Heavyweights Beast",102
"Scarface Bang","Giant Troopers",102
"Scarface Bang","Falcon Volume",102
"Scarface Bang","Boiled Dares",102
"School Jacket","Masked Bubble",151
"School Jacket","Hunchback Impossible",151
"School Jacket","Carol Texas",151
"School Jacket","Beethoven Exorcist",151
"Scissorhands Slums","Range Moonwalker",147
"Scissorhands Slums","Racer Egg",147
"Scissorhands Slums","Menagerie Rushmore",147
"Scissorhands Slums","Madison Trap",147
"Scissorhands Slums","Lies Treatment",147
"Scissorhands Slums","Dirty Ace",147
"Scissorhands Slums","Arachnophobia Rollercoaster",147
"Ship Wonderland","Mermaid Insects",104
"Ship Wonderland","Feathers Metal",104
"Ship Wonderland","Crow Grease",104
"Ship Wonderland","Date Speed",104
"Scorpion Apollo","Pollock Deliverance",137
"Scorpion Apollo","Philadelphia Wife",137
"Scorpion Apollo","Lose Inch",137
"Scorpion Apollo","Life Twisted",137
"Scorpion Apollo","Grit Clockwork",137
"Scorpion Apollo","Arsenic Independence",137
"Sea Virgin","Saddle Antitrust",80
"Sea Virgin","Peak Forever",80
"Sea Virgin","Meet Chocolate",80
"Sea Virgin","Loser Hustler",80
"Sea Virgin","Garden Island",80
"Sea Virgin","Flamingos Connecticut",80
"Seabiscuit Punk","Quills Bull",112
"Seabiscuit Punk","Jaws Harry",112
"Seabiscuit Punk","Forrester Comancheros",112
"Seabiscuit Punk","Crusade Honey",112
"Seabiscuit Punk","Crowds Telemark",112
"Seabiscuit Punk","Conversation Downhill",112
"Seabiscuit Punk","Coneheads Smoochy",112
"Seabiscuit Punk","Cat Coneheads",112
"Searchers Wait","Saturn Name",182
"Searchers Wait","Reds Pocus",182
"Searchers Wait","Records Zorro",182
"Searchers Wait","Monsoon Cause",182
"Searchers Wait","Baked Cleopatra",182
"Seattle Expecations","Samurai Lion",110
"Seattle Expecations","Remember Diary",110
"Seattle Expecations","League Hellfighters",110
"Seattle Expecations","Highball Potter",110
"Seattle Expecations","Drumline Cyclone",110
"Seattle Expecations","Celebrity Horn",110
"Secret Groundhog","Forward Temple",90
"Secret Groundhog","Circus Youth",90
"Secret Groundhog","Basic Easy",90
"Secretary Rouge","Road Roxanne",158
"Secretary Rouge","Monterey Labyrinth",158
"Secretary Rouge","Fool Mockingbird",158
"Secretary Rouge","Fever Empire",158
"Secretary Rouge","Enough Raging",158
"Secrets Paradise","Rugrats Shakespeare",109
"Secrets Paradise","Park Citizen",109
"Secrets Paradise","Panther Reds",109
"Secrets Paradise","House Dynamite",109
"Secrets Paradise","Coma Head",109
"Sense Greek","October Submarine",54
"Sense Greek","Kill Brotherhood",54
"Sense Greek","Juggler Hardly",54
"Sense Greek","Go Purple",54
"Sense Greek","Airport Pollock",54
"Sensibility Rear","Prejudice Oleander",98
"Sensibility Rear","Madre Gables",98
"Sensibility Rear","Lost Bird",98
"Sensibility Rear","Feud Frogmen",98
"Sensibility Rear","Earring Instinct",98
"Sensibility Rear","Bound Cheaper",98
"Seven Swarm","Maltese Hope",127
"Seven Swarm","Gunfighter Mussolini",127
"Seven Swarm","Argonauts Town",127
"Shakespeare Saddle","Room Roman",60
"Shakespeare Saddle","Pity Bound",60
"Shakespeare Saddle","Phantom Glory",60
"Shakespeare Saddle","Mockingbird Hollywood",60
"Shakespeare Saddle","Jersey Sassy",60
"Shakespeare Saddle","Bubble Grosse",60
"Shane Darkness","Panky Submarine",93
"Shane Darkness","Hills Neighbors",93
"Shane Darkness","Greatest North",93
"Shane Darkness","Goldfinger Sensibility",93
"Shane Darkness","Bill Others",93
"Shanghai Tycoon","Hawk Chill",47
"Shanghai Tycoon","Hanover Galaxy",47
"Shanghai Tycoon","Halloween Nuts",47
"Shanghai Tycoon","Downhill Enough",47
"Shanghai Tycoon","Divorce Shining",47
"Shawshank Bubble","Sea Virgin",80
"Shawshank Bubble","Saddle Antitrust",80
"Shawshank Bubble","Peak Forever",80
"Shawshank Bubble","Meet Chocolate",80
"Shawshank Bubble","Loser Hustler",80
"Shawshank Bubble","Garden Island",80
"Shawshank Bubble","Flamingos Connecticut",80
"Shepherd Midsummer","Legally Secretary",113
"Shepherd Midsummer","Ladybugs Armageddon",113
"Shepherd Midsummer","Day Unfaithful",113
"Shepherd Midsummer","Banger Pinocchio",113
"Shepherd Midsummer","Attacks Hate",113
"Shepherd Midsummer","Amadeus Holy",113
"Shining Roses","Saints Bride",125
"Shining Roses","Hunter Alter",125
"Shining Roses","Gentlemen Stage",125
"Shining Roses","Fish Opus",125
"Shining Roses","Donnie Alley",125
"Shining Roses","Bull Shawshank",125
"Shock Cabin","Moulin Wake",79
"Shock Cabin","Ishtar Rocketeer",79
"Shock Cabin","Amelie Hellfighters",79
"Shootist Superfly","North Tequila",67
"Shootist Superfly","Lonely Elephant",67
"Shootist Superfly","Lady Stage",67
"Shootist Superfly","Egg Igby",67
"Shootist Superfly","Comancheros Enemy",67
"Shootist Superfly","Butch Panther",67
"Show Lord","Requiem Tycoon",167
"Show Lord","Lesson Cleopatra",167
"Show Lord","Inch Jet",167
"Show Lord","Exorcist Sting",167
"Show Lord","Escape Metropolis",167
"Show Lord","Campus Remember",167
"Shrek License","Sassy Packer",154
"Shrek License","Santa Paris",154
"Shrek License","Raging Airplane",154
"Shrek License","Gold River",154
"Shrek License","Durham Panky",154
"Shrek License","Doubtfire Labyrinth",154
"Shrunk Divine","Horror Reign",139
"Shrunk Divine","Hope Tootsie",139
"Shrunk Divine","Groundhog Uncut",139
"Shrunk Divine","Dorado Notting",139
"Shrunk Divine","Creatures Shakespeare",139
"Shrunk Divine","Clyde Theory",139
"Side Ark","Lust Lock",52
"Side Ark","Harper Dying",52
"Side Ark","Caddyshack Jedi",52
"Siege Madre","Groove Fiction",111
"Siege Madre","Frogmen Breaking",111
"Sierra Divide","Money Harold",135
"Sierra Divide","Japanese Run",135
"Sierra Divide","Indian Love",135
"Sierra Divide","Grease Youth",135
"Sierra Divide","Dream Pickup",135
"Sierra Divide","Candles Grapes",135
"Silence Kane","Shootist Superfly",67
"Silence Kane","North Tequila",67
"Silence Kane","Lonely Elephant",67
"Silence Kane","Lady Stage",67
"Silence Kane","Egg Igby",67
"Silence Kane","Comancheros Enemy",67
"Silence Kane","Butch Panther",67
"Silverado Goldfinger","Rainbow Shock",74
"Silverado Goldfinger","Pearl Destiny",74
"Silverado Goldfinger","Modern Dorado",74
"Silverado Goldfinger","Maguire Apache",74
"Silverado Goldfinger","Luke Mummy",74
"Silverado Goldfinger","Jumping Wrath",74
"Silverado Goldfinger","Informer Double",74
"Silverado Goldfinger","Angels Life",74
"Simon North","Hall Cassidy",51
"Simon North","Frisco Forrest",51
"Simon North","Excitement Eve",51
"Simon North","English Bulworth",51
"Simon North","Deep Crusade",51
"Simon North","Champion Flatliners",51
"Sinners Atlantis","Pajama Jawbreaker",126
"Sinners Atlantis","Montezuma Command",126
"Sinners Atlantis","Freaky Pocus",126
"Sinners Atlantis","Elephant Trojan",126
"Sinners Atlantis","Alamo Videotape",126
"Sister Freddy","Luck Opus",152
"Sister Freddy","Elizabeth Shane",152
"Sister Freddy","Center Dinosaur",152
"Sky Miracle","Platoon Instinct",132
"Sky Miracle","Necklace Outbreak",132
"Sky Miracle","Dude Blindness",132
"Sky Miracle","Chocolate Duck",132
"Slacker Liaisons","Redemption Comforts",179
"Slacker Liaisons","Potluck Mixed",179
"Slacker Liaisons","Kick Savannah",179
"Slacker Liaisons","Flight Lies",179
"Slacker Liaisons","Cause Date",179
"Slacker Liaisons","Born Spinal",179
"Slacker Liaisons","Casualties Encino",179
"Slacker Liaisons","Anonymous Human",179
"Sleeping Suspects","Outfield Massacre",129
"Sleeping Suspects","Music Boondock",129
"Sleeping Suspects","Gosford Donnie",129
"Sleeping Suspects","Barefoot Manchurian",129
"Sleeping Suspects","American Circus",129
"Sleepless Monsoon","Novocaine Flight",64
"Sleepless Monsoon","Mile Mulan",64
"Sleepless Monsoon","Metropolis Coma",64
"Sleepless Monsoon","Desert Poseidon",64
"Sleepless Monsoon","Craft Outfield",64
"Sleepy Japanese","Scorpion Apollo",137
"Sleepy Japanese","Pollock Deliverance",137
"Sleepy Japanese","Philadelphia Wife",137
"Sleepy Japanese","Lose Inch",137
"Sleepy Japanese","Life Twisted",137
"Sleepy Japanese","Grit Clockwork",137
"Sleepy Japanese","Arsenic Independence",137
"Sleuth Orient","Devil Desire",87
"Sleuth Orient","Congeniality Quest",87
"Sleuth Orient","Cheaper Clyde",87
"Sleuth Orient","Bang Kwai",87
"Sling Luke","Savannah Town",84
"Sling Luke","Pluto Oleander",84
"Sling Luke","Packer Madigan",84
"Sling Luke","Jeepers Wedding",84
"Sling Luke","Island Exorcist",84
"Sling Luke","Idols Snatchers",84
"Sling Luke","Honey Ties",84
"Sling Luke","High Encino",84
"Sling Luke","Guys Falcon",84
"Sling Luke","Gone Trouble",84
"Sling Luke","Daisy Menagerie",84
"Slipper Fidelity","Operation Operation",156
"Slipper Fidelity","Graduate Lord",156
"Slipper Fidelity","Finding Anaconda",156
"Slums Duck","Scissorhands Slums",147
"Slums Duck","Range Moonwalker",147
"Slums Duck","Racer Egg",147
"Slums Duck","Menagerie Rushmore",147
"Slums Duck","Madison Trap",147
"Slums Duck","Lies Treatment",147
"Slums Duck","Dirty Ace",147
"Slums Duck","Arachnophobia Rollercoaster",147
"Smile Earring","Shakespeare Saddle",60
"Smile Earring","Room Roman",60
"Smile Earring","Pity Bound",60
"Smile Earring","Phantom Glory",60
"Smile Earring","Mockingbird Hollywood",60
"Smile Earring","Jersey Sassy",60
"Smile Earring","Bubble Grosse",60
"Smoking Barbarella","Pilot Hoosiers",50
"Smoking Barbarella","Natural Stock",50
"Smoking Barbarella","Muppet Mile",50
"Smoking Barbarella","Lion Uncut",50
"Smoking Barbarella","Crossing Divorce",50
"Smoking Barbarella","Blues Instinct",50
"Smoking Barbarella","Adaptation Holes",50
"Smoochy Control","Moonwalker Fool",184
"Smoochy Control","King Evolution",184
"Smoochy Control","Crystal Breaking",184
"Smoochy Control","Conspiracy Spirit",184
"Snatch Slipper","Seattle Expecations",110
"Snatch Slipper","Samurai Lion",110
"Snatch Slipper","Remember Diary",110
"Snatch Slipper","League Hellfighters",110
"Snatch Slipper","Highball Potter",110
"Snatch Slipper","Drumline Cyclone",110
"Snatch Slipper","Celebrity Horn",110
"Snatchers Montezuma","Silverado Goldfinger",74
"Snatchers Montezuma","Rainbow Shock",74
"Snatchers Montezuma","Pearl Destiny",74
"Snatchers Montezuma","Modern Dorado",74
"Snatchers Montezuma","Maguire Apache",74
"Snatchers Montezuma","Luke Mummy",74
"Snatchers Montezuma","Jumping Wrath",74
"Snatchers Montezuma","Informer Double",74
"Snatchers Montezuma","Angels Life",74
"Snowman Rollercoaster","Mars Roman",62
"Snowman Rollercoaster","Hanging Deep",62
"Snowman Rollercoaster","Arabia Dogma",62
"Snowman Rollercoaster","Airplane Sierra",62
"Soldiers Evolution","Pond Seattle",185
"Soldiers Evolution","Muscle Bright",185
"Soldiers Evolution","Home Pity",185
"Soldiers Evolution","Gangs Pride",185
"Soldiers Evolution","Darn Forrester",185
"Soldiers Evolution","Control Anthem",185
"Soldiers Evolution","Chicago North",185
"Something Duck","Nash Chocolat",180
"Something Duck","Mussolini Spoilers",180
"Something Duck","Mixed Doors",180
"Something Duck","Impact Aladdin",180
"Something Duck","Confidential Interview",180
"Something Duck","Alley Evolution",180
"Song Hedwig","Massacre Usual",165
"Song Hedwig","Darling Breaking",165
"Song Hedwig","Citizen Shrek",165
"Sons Interview","Smoochy Control",184
"Sons Interview","Moonwalker Fool",184
"Sons Interview","King Evolution",184
"Sons Interview","Crystal Breaking",184
"Sons Interview","Conspiracy Spirit",184
"Sorority Queen","Sons Interview",184
"Sorority Queen","Smoochy Control",184
"Sorority Queen","Moonwalker Fool",184
"Sorority Queen","King Evolution",184
"Sorority Queen","Crystal Breaking",184
"Sorority Queen","Conspiracy Spirit",184
"Soup Wisdom","Outbreak Divine",169
"Soup Wisdom","Kentuckian Giant",169
"Soup Wisdom","Hedwig Alter",169
"Soup Wisdom","Breaking Home",169
"Soup Wisdom","Agent Truman",169
"South Wait","Encino Elf",143
"South Wait","Detective Vision",143
"South Wait","Crooked Frogmen",143
"South Wait","Clockwork Paradise",143
"South Wait","Cincinatti Whisperer",143
"Spartacus Cheaper","Side Ark",52
"Spartacus Cheaper","Lust Lock",52
"Spartacus Cheaper","Harper Dying",52
"Spartacus Cheaper","Caddyshack Jedi",52
"Speakeasy Date","Song Hedwig",165
"Speakeasy Date","Massacre Usual",165
"Speakeasy Date","Darling Breaking",165
"Speakeasy Date","Citizen Shrek",165
"Speed Suit","Jingle Sagebrush",124
"Speed Suit","Clones Pinocchio",124
"Speed Suit","Chisum Behavior",124
"Spice Sorority","Kissing Dolls",141
"Spice Sorority","Homicide Peach",141
"Spice Sorority","Hocus Frida",141
"Spice Sorority","Dynamite Tarzan",141
"Spice Sorority","Disciple Mother",141
"Spiking Element","Shock Cabin",79
"Spiking Element","Moulin Wake",79
"Spiking Element","Ishtar Rocketeer",79
"Spiking Element","Amelie Hellfighters",79
"Spinal Rocky","Pocus Pulp",138
"Spinal Rocky","Maiden Home",138
"Spinal Rocky","Liberty Magnificent",138
"Spinal Rocky","Expecations Natural",138
"Spirit Flintstones","River Outlaw",149
"Spirit Flintstones","Nightmare Chill",149
"Spirit Flintstones","Minds Truman",149
"Spirit Flintstones","Holocaust Highball",149
"Spirit Flintstones","Color Philadelphia",149
"Spirited Casualties","Spinal Rocky",138
"Spirited Casualties","Pocus Pulp",138
"Spirited Casualties","Maiden Home",138
"Spirited Casualties","Liberty Magnificent",138
"Spirited Casualties","Expecations Natural",138
"Splash Gump","Patton Interview",175
"Splash Gump","Model Fish",175
"Splash Gump","Lawrence Love",175
"Splash Gump","Driving Polish",175
"Splash Gump","Beauty Grease",175
"Splendor Patton","Robbery Bright",134
"Splendor Patton","Pittsburgh Hunchback",134
"Splendor Patton","Jungle Closer",134
"Spoilers Hellfighters","School Jacket",151
"Spoilers Hellfighters","Masked Bubble",151
"Spoilers Hellfighters","Hunchback Impossible",151
"Spoilers Hellfighters","Carol Texas",151
"Spoilers Hellfighters","Beethoven Exorcist",151
"Spy Mile","Seabiscuit Punk",112
"Spy Mile","Quills Bull",112
"Spy Mile","Jaws Harry",112
"Spy Mile","Forrester Comancheros",112
"Spy Mile","Crusade Honey",112
"Spy Mile","Crowds Telemark",112
"Spy Mile","Conversation Downhill",112
"Spy Mile","Coneheads Smoochy",112
"Spy Mile","Cat Coneheads",112
"Squad Fish","Reap Unfaithful",136
"Squad Fish","Pianist Outfield",136
"Squad Fish","Maker Gables",136
"Squad Fish","Hollow Jeopardy",136
"Squad Fish","Crazy Home",136
"Squad Fish","Bringing Hysterical",136
"Squad Fish","Alaska Phantom",136
"Stage World","Oz Liaisons",85
"Stage World","Lola Agent",85
"Stage World","Grail Frankenstein",85
"Stage World","Ghost Groundhog",85
"Stage World","Ending Crowds",85
"Stage World","Egypt Tenenbaums",85
"Stage World","Earth Vision",85
"Stage World","Casablanca Super",85
"Stage World","Canyon Stock",85
"Stage World","Blackout Private",85
"Stage World","Beverly Outlaw",85
"Stage World","Amistad Midsummer",85
"Stagecoach Armageddon","Spy Mile",112
"Stagecoach Armageddon","Seabiscuit Punk",112
"Stagecoach Armageddon","Quills Bull",112
"Stagecoach Armageddon","Jaws Harry",112
"Stagecoach Armageddon","Forrester Comancheros",112
"Stagecoach Armageddon","Crusade Honey",112
"Stagecoach Armageddon","Crowds Telemark",112
"Stagecoach Armageddon","Conversation Downhill",112
"Stagecoach Armageddon","Coneheads Smoochy",112
"Stagecoach Armageddon","Cat Coneheads",112
"Stallion Sundance","Majestic Floats",130
"Stallion Sundance","Jason Trap",130
"Stallion Sundance","Fargo Gandhi",130
"Stallion Sundance","Darko Dorado",130
"Stallion Sundance","African Egg",130
"Stampede Disturbing","Satisfaction Confidential",75
"Stampede Disturbing","Newton Labyrinth",75
"Stampede Disturbing","Network Peak",75
"Stampede Disturbing","Lover Truman",75
"Stampede Disturbing","Hellfighters Sierra",75
"Stampede Disturbing","Fiddler Lost",75
"Stampede Disturbing","California Birds",75
"Stampede Disturbing","Balloon Homeward",75
"Star Operation","Runaway Tenenbaums",181
"Star Operation","Love Suicides",181
"Star Operation","Lawless Vision",181
"Star Operation","Jacket Frisco",181
"Star Operation","Intrigue Worst",181
"Star Operation","Hotel Happiness",181
"Star Operation","Haunting Pianist",181
"Star Operation","Analyze Hoosiers",181
"State Wasteland","Shepherd Midsummer",113
"State Wasteland","Legally Secretary",113
"State Wasteland","Ladybugs Armageddon",113
"State Wasteland","Day Unfaithful",113
"State Wasteland","Banger Pinocchio",113
"State Wasteland","Attacks Hate",113
"State Wasteland","Amadeus Holy",113
"Steel Santa","South Wait",143
"Steel Santa","Encino Elf",143
"Steel Santa","Detective Vision",143
"Steel Santa","Crooked Frogmen",143
"Steel Santa","Clockwork Paradise",143
"Steel Santa","Cincinatti Whisperer",143
"Steers Armageddon","Loathing Legally",140
"Steers Armageddon","Liaisons Sweet",140
"Steers Armageddon","Graceland Dynamite",140
"Steers Armageddon","Eagles Panky",140
"Stepmom Dream","Pelican Comforts",48
"Stepmom Dream","Paradise Sabrina",48
"Stepmom Dream","Odds Boogie",48
"Stepmom Dream","Notting Speakeasy",48
"Stepmom Dream","Midsummer Groundhog",48
"Stepmom Dream","Rush Goodfellas",48
"Stepmom Dream","Heaven Freedom",48
"Stepmom Dream","Ace Goldfinger",48
"Sting Personal","Shane Darkness",93
"Sting Personal","Panky Submarine",93
"Sting Personal","Hills Neighbors",93
"Sting Personal","Greatest North",93
"Sting Personal","Goldfinger Sensibility",93
"Sting Personal","Bill Others",93
"Stock Glass","Peach Innocent",160
"Stock Glass","Mummy Creatures",160
"Stock Glass","Mulan Moon",160
"Stock Glass","Igby Maker",160
"Stock Glass","Bear Graceland",160
"Stone Fire","Full Flatliners",94
"Stone Fire","Disturbing Scarface",94
"Stone Fire","Alice Fantasia",94
"Storm Happiness","Noon Papi",57
"Storm Happiness","Mosquito Armageddon",57
"Storm Happiness","Doctor Grail",57
"Storm Happiness","Dawn Pond",57
"Storm Happiness","Cranes Reservoir",57
"Storm Happiness","Alter Victory",57
"Story Side","Queen Luke",163
"Story Side","Kiss Glory",163
"Story Side","Gilmore Boiled",163
"Story Side","Everyone Craft",163
"Story Side","Casper Dragonfly",163
"Story Side","Bird Independence",163
"Straight Hours","Spoilers Hellfighters",151
"Straight Hours","School Jacket",151
"Straight Hours","Masked Bubble",151
"Straight Hours","Hunchback Impossible",151
"Straight Hours","Carol Texas",151
"Straight Hours","Beethoven Exorcist",151
"Strangelove Desire","Pinocchio Simon",103
"Strangelove Desire","Mother Oleander",103
"Strangelove Desire","Impossible Prejudice",103
"Strangelove Desire","Homeward Cider",103
"Strangelove Desire","Glass Dying",103
"Strangelove Desire","Firehouse Vietnam",103
"Strangelove Desire","Blindness Gun",103
"Strangelove Desire","Birdcage Casper",103
"Stranger Strangers","Shrunk Divine",139
"Stranger Strangers","Horror Reign",139
"Stranger Strangers","Hope Tootsie",139
"Stranger Strangers","Groundhog Uncut",139
"Stranger Strangers","Dorado Notting",139
"Stranger Strangers","Creatures Shakespeare",139
"Stranger Strangers","Clyde Theory",139
"Tights Dawn","Northwest Polish",172
"Tights Dawn","Jerk Paycheck",172
"Tights Dawn","Idaho Love",172
"Tights Dawn","Eyes Driving",172
"Tights Dawn","Creepers Kane",172
"Tights Dawn","Connecticut Tramp",172
"Strangers Graffiti","Identity Lover",119
"Strangers Graffiti","Games Bowfinger",119
"Strangers Graffiti","Dumbo Lust",119
"Strangers Graffiti","Bugsy Song",119
"Strangers Graffiti","Apocalypse Flamingos",119
"Streak Ridgemont","Sky Miracle",132
"Streak Ridgemont","Platoon Instinct",132
"Streak Ridgemont","Necklace Outbreak",132
"Streak Ridgemont","Dude Blindness",132
"Streak Ridgemont","Chocolate Duck",132
"Streetcar Intentions","Salute Apollo",73
"Streetcar Intentions","Rebel Airport",73
"Streetcar Intentions","Random Go",73
"Streetcar Intentions","Musketeers Wait",73
"Streetcar Intentions","Godfather Diary",73
"Streetcar Intentions","Frida Slipper",73
"Streetcar Intentions","Brotherhood Blanket",73
"Streetcar Intentions","Bedazzled Married",73
"Streetcar Intentions","Bright Encounters",73
"Strictly Scarface","President Bang",144
"Strictly Scarface","Pacific Amistad",144
"Strictly Scarface","Lambs Cincinatti",144
"Strictly Scarface","Factory Dragon",144
"Strictly Scarface","Dancing Fever",144
"Submarine Bed","Seven Swarm",127
"Submarine Bed","Maltese Hope",127
"Submarine Bed","Gunfighter Mussolini",127
"Submarine Bed","Argonauts Town",127
"Sugar Wonka","Pride Alamo",114
"Sugar Wonka","Married Go",114
"Sugar Wonka","Gilbert Pelican",114
"Sugar Wonka","Chasing Fight",114
"Sugar Wonka","Chainsaw Uptown",114
"Sugar Wonka","Carrie Bunch",114
"Sugar Wonka","Blade Polish",114
"Sugar Wonka","Alabama Devil",114
"Suicides Silence","Sting Personal",93
"Suicides Silence","Shane Darkness",93
"Suicides Silence","Panky Submarine",93
"Suicides Silence","Hills Neighbors",93
"Suicides Silence","Greatest North",93
"Suicides Silence","Goldfinger Sensibility",93
"Suicides Silence","Bill Others",93
"Suit Walls","Siege Madre",111
"Suit Walls","Groove Fiction",111
"Suit Walls","Frogmen Breaking",111
"Summer Scarface","Primary Glass",53
"Summer Scarface","Movie Shakespeare",53
"Summer Scarface","Magnificent Chitty",53
"Summer Scarface","Gump Date",53
"Summer Scarface","Cabin Flash",53
"Summer Scarface","Beneath Rush",53
"Sun Confessions","Spice Sorority",141
"Sun Confessions","Kissing Dolls",141
"Sun Confessions","Homicide Peach",141
"Sun Confessions","Hocus Frida",141
"Sun Confessions","Dynamite Tarzan",141
"Sun Confessions","Disciple Mother",141
"Sundance Invasion","Opposite Necklace",92
"Sundance Invasion","National Story",92
"Sundance Invasion","Mystic Truman",92
"Sundance Invasion","Kane Exorcist",92
"Sundance Invasion","Encounters Curtain",92
"Sundance Invasion","Core Suit",92
"Sundance Invasion","Caribbean Liberty",92
"Sundance Invasion","Apache Divine",92
"Sundance Invasion","Anaconda Confessions",92
"Sunrise League","Sierra Divide",135
"Sunrise League","Money Harold",135
"Sunrise League","Japanese Run",135
"Sunrise League","Indian Love",135
"Sunrise League","Grease Youth",135
"Sunrise League","Dream Pickup",135
"Sunrise League","Candles Grapes",135
"Sunset Racer","Stepmom Dream",48
"Sunset Racer","Pelican Comforts",48
"Sunset Racer","Paradise Sabrina",48
"Sunset Racer","Odds Boogie",48
"Sunset Racer","Notting Speakeasy",48
"Sunset Racer","Midsummer Groundhog",48
"Sunset Racer","Rush Goodfellas",48
"Sunset Racer","Heaven Freedom",48
"Sunset Racer","Ace Goldfinger",48
"Super Wyoming","Rings Heartbreakers",58
"Super Wyoming","Oklahoma Jumanji",58
"Super Wyoming","Jekyll Frogmen",58
"Super Wyoming","Fantasy Troopers",58
"Super Wyoming","Dances None",58
"Super Wyoming","Closer Bang",58
"Superfly Trip","Sugar Wonka",114
"Superfly Trip","Pride Alamo",114
"Superfly Trip","Married Go",114
"Superfly Trip","Gilbert Pelican",114
"Superfly Trip","Chasing Fight",114
"Superfly Trip","Chainsaw Uptown",114
"Superfly Trip","Carrie Bunch",114
"Superfly Trip","Blade Polish",114
"Superfly Trip","Alabama Devil",114
"Suspects Quills","Shanghai Tycoon",47
"Suspects Quills","Hawk Chill",47
"Suspects Quills","Hanover Galaxy",47
"Suspects Quills","Halloween Nuts",47
"Suspects Quills","Downhill Enough",47
"Suspects Quills","Divorce Shining",47
"Swarm Gold","Reef Salute",123
"Swarm Gold","Mask Peach",123
"Swarm Gold","Insects Stone",123
"Swarm Gold","Flash Wars",123
"Swarm Gold","Breakfast Goldfinger",123
"Sweden Shining","Hoosiers Birdcage",176
"Sweden Shining","Greek Everyone",176
"Sweden Shining","Gathering Calendar",176
"Sweden Shining","Entrapment Satisfaction",176
"Sweden Shining","Dracula Crystal",176
"Sweden Shining","Cyclone Family",176
"Sweden Shining","Caper Motions",176
"Sweden Shining","Braveheart Human",176
"Timberland Sky","Lebowski Soldiers",69
"Timberland Sky","Hollywood Anonymous",69
"Timberland Sky","Head Stranger",69
"Timberland Sky","Flying Hook",69
"Timberland Sky","Cruelty Unforgiven",69
"Sweet Brotherhood","Soldiers Evolution",185
"Sweet Brotherhood","Pond Seattle",185
"Sweet Brotherhood","Muscle Bright",185
"Sweet Brotherhood","Home Pity",185
"Sweet Brotherhood","Gangs Pride",185
"Sweet Brotherhood","Darn Forrester",185
"Sweet Brotherhood","Control Anthem",185
"Sweet Brotherhood","Chicago North",185
"Sweethearts Suspects","Lord Arizona",108
"Sweethearts Suspects","Handicap Boondock",108
"Sweethearts Suspects","Gorgeous Bingo",108
"Sweethearts Suspects","Autumn Crow",108
"Tadpole Park","Psycho Shrunk",155
"Tadpole Park","Lolita World",155
"Tadpole Park","Grapes Fury",155
"Tadpole Park","Family Sweet",155
"Tadpole Park","Elf Murder",155
"Talented Homicide","Pizza Jumanji",173
"Talented Homicide","Gladiator Westward",173
"Talented Homicide","Fire Wolves",173
"Talented Homicide","Conquerer Nuts",173
"Talented Homicide","Ballroom Mockingbird",173
"Tarzan Videotape","License Weekend",91
"Tarzan Videotape","Fight Jawbreaker",91
"Tarzan Videotape","Fatal Haunted",91
"Tarzan Videotape","Anthem Luke",91
"Taxi Kick","Sleepless Monsoon",64
"Taxi Kick","Novocaine Flight",64
"Taxi Kick","Mile Mulan",64
"Taxi Kick","Metropolis Coma",64
"Taxi Kick","Desert Poseidon",64
"Taxi Kick","Craft Outfield",64
"Teen Apollo","Snatchers Montezuma",74
"Teen Apollo","Silverado Goldfinger",74
"Teen Apollo","Rainbow Shock",74
"Teen Apollo","Pearl Destiny",74
"Teen Apollo","Modern Dorado",74
"Teen Apollo","Maguire Apache",74
"Teen Apollo","Luke Mummy",74
"Teen Apollo","Jumping Wrath",74
"Teen Apollo","Informer Double",74
"Teen Apollo","Angels Life",74
"Telegraph Voyage","Outlaw Hanky",148
"Telegraph Voyage","Flintstones Happiness",148
"Telegraph Voyage","Fireball Philadelphia",148
"Telegraph Voyage","Easy Gladiator",148
"Telegraph Voyage","Blanket Beverly",148
"Telegraph Voyage","Army Flintstones",148
"Telemark Heartbreakers","Sister Freddy",152
"Telemark Heartbreakers","Luck Opus",152
"Telemark Heartbreakers","Elizabeth Shane",152
"Telemark Heartbreakers","Center Dinosaur",152
"Temple Attraction","Princess Giant",71
"Temple Attraction","Mannequin Worst",71
"Temple Attraction","Knock Warlock",71
"Temple Attraction","Chariots Conspiracy",71
"Temple Attraction","Blood Argonauts",71
"Tenenbaums Command","Sabrina Midnight",99
"Tenenbaums Command","Pet Haunting",99
"Tenenbaums Command","Perdition Fargo",99
"Tenenbaums Command","Patient Sister",99
"Tenenbaums Command","French Holiday",99
"Tenenbaums Command","Darkness War",99
"Tenenbaums Command","Armageddon Lost",99
"Tequila Past","Summer Scarface",53
"Tequila Past","Primary Glass",53
"Tequila Past","Movie Shakespeare",53
"Tequila Past","Magnificent Chitty",53
"Tequila Past","Gump Date",53
"Tequila Past","Cabin Flash",53
"Tequila Past","Beneath Rush",53
"Terminator Club","Purple Movie",88
"Terminator Club","Holy Tadpole",88
"Terminator Club","Details Packer",88
"Texas Watch","Slacker Liaisons",179
"Texas Watch","Redemption Comforts",179
"Texas Watch","Potluck Mixed",179
"Texas Watch","Kick Savannah",179
"Texas Watch","Flight Lies",179
"Texas Watch","Cause Date",179
"Texas Watch","Born Spinal",179
"Texas Watch","Casualties Encino",179
"Texas Watch","Anonymous Human",179
"Theory Mermaid","Sorority Queen",184
"Theory Mermaid","Sons Interview",184
"Theory Mermaid","Smoochy Control",184
"Theory Mermaid","Moonwalker Fool",184
"Theory Mermaid","King Evolution",184
"Theory Mermaid","Crystal Breaking",184
"Theory Mermaid","Conspiracy Spirit",184
"Thief Pelican","Sunrise League",135
"Thief Pelican","Sierra Divide",135
"Thief Pelican","Money Harold",135
"Thief Pelican","Japanese Run",135
"Thief Pelican","Indian Love",135
"Thief Pelican","Grease Youth",135
"Thief Pelican","Dream Pickup",135
"Thief Pelican","Candles Grapes",135
"Thin Sagebrush","Tequila Past",53
"Thin Sagebrush","Summer Scarface",53
"Thin Sagebrush","Primary Glass",53
"Thin Sagebrush","Movie Shakespeare",53
"Thin Sagebrush","Magnificent Chitty",53
"Thin Sagebrush","Gump Date",53
"Thin Sagebrush","Cabin Flash",53
"Thin Sagebrush","Beneath Rush",53
"Ties Hunger","Suit Walls",111
"Ties Hunger","Siege Madre",111
"Ties Hunger","Groove Fiction",111
"Ties Hunger","Frogmen Breaking",111
"Titanic Boondock","Ship Wonderland",104
"Titanic Boondock","Mermaid Insects",104
"Titanic Boondock","Feathers Metal",104
"Titanic Boondock","Crow Grease",104
"Titanic Boondock","Date Speed",104
"Titans Jerk","Tarzan Videotape",91
"Titans Jerk","License Weekend",91
"Titans Jerk","Fight Jawbreaker",91
"Titans Jerk","Fatal Haunted",91
"Titans Jerk","Anthem Luke",91
"Tomatoes Hellfighters","Human Graffiti",68
"Tomatoes Hellfighters","Doom Dancing",68
"Tomatoes Hellfighters","Divide Monster",68
"Tomatoes Hellfighters","Ark Ridgemont",68
"Tomorrow Hustler","Million Ace",142
"Tomorrow Hustler","Ferris Mother",142
"Tomorrow Hustler","Chill Luck",142
"Tomorrow Hustler","Bikini Borrowers",142
"Tootsie Pilot","Past Suicides",157
"Tootsie Pilot","Mulholland Beast",157
"Tootsie Pilot","Independence Hotel",157
"Tootsie Pilot","Hobbit Alien",157
"Torque Bound","Texas Watch",179
"Torque Bound","Slacker Liaisons",179
"Torque Bound","Redemption Comforts",179
"Torque Bound","Potluck Mixed",179
"Torque Bound","Kick Savannah",179
"Torque Bound","Flight Lies",179
"Torque Bound","Cause Date",179
"Torque Bound","Born Spinal",179
"Torque Bound","Casualties Encino",179
"Torque Bound","Anonymous Human",179
"Tourist Pelican","Telemark Heartbreakers",152
"Tourist Pelican","Sister Freddy",152
"Tourist Pelican","Luck Opus",152
"Tourist Pelican","Elizabeth Shane",152
"Tourist Pelican","Center Dinosaur",152
"Towers Hurricane","Strictly Scarface",144
"Towers Hurricane","President Bang",144
"Towers Hurricane","Pacific Amistad",144
"Towers Hurricane","Lambs Cincinatti",144
"Towers Hurricane","Factory Dragon",144
"Towers Hurricane","Dancing Fever",144
"Town Ark","Squad Fish",136
"Town Ark","Reap Unfaithful",136
"Town Ark","Pianist Outfield",136
"Town Ark","Maker Gables",136
"Town Ark","Hollow Jeopardy",136
"Town Ark","Crazy Home",136
"Town Ark","Bringing Hysterical",136
"Town Ark","Alaska Phantom",136
"Tracy Cider","Tomorrow Hustler",142
"Tracy Cider","Million Ace",142
"Tracy Cider","Ferris Mother",142
"Tracy Cider","Chill Luck",142
"Tracy Cider","Bikini Borrowers",142
"Trading Pinocchio","Dragon Squad",170
"Trading Pinocchio","Atlantis Cause",170
"Trading Pinocchio","Artist Coldblooded",170
"Traffic Hobbit","Stranger Strangers",139
"Traffic Hobbit","Shrunk Divine",139
"Traffic Hobbit","Horror Reign",139
"Traffic Hobbit","Hope Tootsie",139
"Traffic Hobbit","Groundhog Uncut",139
"Traffic Hobbit","Dorado Notting",139
"Traffic Hobbit","Creatures Shakespeare",139
"Traffic Hobbit","Clyde Theory",139
"Train Bunch","Temple Attraction",71
"Train Bunch","Princess Giant",71
"Train Bunch","Mannequin Worst",71
"Train Bunch","Knock Warlock",71
"Train Bunch","Chariots Conspiracy",71
"Train Bunch","Blood Argonauts",71
"Trainspotting Strangers","Streak Ridgemont",132
"Trainspotting Strangers","Sky Miracle",132
"Trainspotting Strangers","Platoon Instinct",132
"Trainspotting Strangers","Necklace Outbreak",132
"Trainspotting Strangers","Dude Blindness",132
"Trainspotting Strangers","Chocolate Duck",132
"Tramp Others","Roxanne Rebel",171
"Tramp Others","Moonshine Cabin",171
"Tramp Others","Magnolia Forrester",171
"Tramp Others","Kramer Chocolate",171
"Tramp Others","Jericho Mulan",171
"Tramp Others","Duffel Apocalypse",171
"Translation Summer","Harold French",168
"Translation Summer","Dying Maker",168
"Translation Summer","Antitrust Tomatoes",168
"Trap Guys","Snatch Slipper",110
"Trap Guys","Seattle Expecations",110
"Trap Guys","Samurai Lion",110
"Trap Guys","Remember Diary",110
"Trap Guys","League Hellfighters",110
"Trap Guys","Highball Potter",110
"Trap Guys","Drumline Cyclone",110
"Trap Guys","Celebrity Horn",110
"Treasure Command","Scarface Bang",102
"Treasure Command","Rock Instinct",102
"Treasure Command","Robbers Joon",102
"Treasure Command","Panic Club",102
"Treasure Command","Opus Ice",102
"Treasure Command","Jeopardy Encino",102
"Treasure Command","Heavyweights Beast",102
"Treasure Command","Giant Troopers",102
"Treasure Command","Falcon Volume",102
"Treasure Command","Boiled Dares",102
"Treatment Jekyll","Sleuth Orient",87
"Treatment Jekyll","Devil Desire",87
"Treatment Jekyll","Congeniality Quest",87
"Treatment Jekyll","Cheaper Clyde",87
"Treatment Jekyll","Bang Kwai",87
"Trip Newton","Taxi Kick",64
"Trip Newton","Sleepless Monsoon",64
"Trip Newton","Novocaine Flight",64
"Trip Newton","Mile Mulan",64
"Trip Newton","Metropolis Coma",64
"Trip Newton","Desert Poseidon",64
"Trip Newton","Craft Outfield",64
"Trojan Tomorrow","Spartacus Cheaper",52
"Trojan Tomorrow","Side Ark",52
"Trojan Tomorrow","Lust Lock",52
"Trojan Tomorrow","Harper Dying",52
"Trojan Tomorrow","Caddyshack Jedi",52
"Troopers Metal","Prix Undefeated",115
"Troopers Metal","Potter Connecticut",115
"Troopers Metal","Oscar Gold",115
"Troopers Metal","Glory Tracy",115
"Troopers Metal","Element Freddy",115
"Troopers Metal","Connection Microcosmos",115
"Trouble Date","Reservoir Adaptation",61
"Trouble Date","Polish Brooklyn",61
"Trouble Date","Drifter Commandments",61
"Trouble Date","Chinatown Gladiator",61
"Trouble Date","Cassidy Wyoming",61
"Trouble Date","Camelot Vacation",61
"Trouble Date","Bulworth Commandments",61
"Trouble Date","Birds Perdition",61
"Truman Crazy","Sundance Invasion",92
"Truman Crazy","Opposite Necklace",92
"Truman Crazy","National Story",92
"Truman Crazy","Mystic Truman",92
"Truman Crazy","Kane Exorcist",92
"Truman Crazy","Encounters Curtain",92
"Truman Crazy","Core Suit",92
"Truman Crazy","Caribbean Liberty",92
"Truman Crazy","Apache Divine",92
"Truman Crazy","Anaconda Confessions",92
"Turn Star","Shawshank Bubble",80
"Turn Star","Sea Virgin",80
"Turn Star","Saddle Antitrust",80
"Turn Star","Peak Forever",80
"Turn Star","Meet Chocolate",80
"Turn Star","Loser Hustler",80
"Turn Star","Garden Island",80
"Turn Star","Flamingos Connecticut",80
"Tuxedo Mile","Tourist Pelican",152
"Tuxedo Mile","Telemark Heartbreakers",152
"Tuxedo Mile","Sister Freddy",152
"Tuxedo Mile","Luck Opus",152
"Tuxedo Mile","Elizabeth Shane",152
"Tuxedo Mile","Center Dinosaur",152
"Twisted Pirates","Tuxedo Mile",152
"Twisted Pirates","Tourist Pelican",152
"Twisted Pirates","Telemark Heartbreakers",152
"Twisted Pirates","Sister Freddy",152
"Twisted Pirates","Luck Opus",152
"Twisted Pirates","Elizabeth Shane",152
"Twisted Pirates","Center Dinosaur",152
"Tycoon Gathering","Reign Gentlemen",82
"Tycoon Gathering","Raiders Antitrust",82
"Tycoon Gathering","Perfect Groove",82
"Tycoon Gathering","Frost Head",82
"Tycoon Gathering","Anything Savannah",82
"Tycoon Gathering","Alone Trip",82
"Unbreakable Karate","Snowman Rollercoaster",62
"Unbreakable Karate","Mars Roman",62
"Unbreakable Karate","Hanging Deep",62
"Unbreakable Karate","Arabia Dogma",62
"Unbreakable Karate","Airplane Sierra",62
"Uncut Suicides","Tights Dawn",172
"Uncut Suicides","Northwest Polish",172
"Uncut Suicides","Jerk Paycheck",172
"Uncut Suicides","Idaho Love",172
"Uncut Suicides","Eyes Driving",172
"Uncut Suicides","Creepers Kane",172
"Uncut Suicides","Connecticut Tramp",172
"Undefeated Dalmations","Party Knock",107
"Undefeated Dalmations","Monster Spartacus",107
"Undefeated Dalmations","Intentions Empire",107
"Undefeated Dalmations","Hate Handicap",107
"Undefeated Dalmations","Hanky October",107
"Undefeated Dalmations","Effect Gladiator",107
"Undefeated Dalmations","Diary Panic",107
"Undefeated Dalmations","Chitty Lock",107
"Unfaithful Kill","Language Cowboy",78
"Unfaithful Kill","Insider Arizona",78
"Unfaithful Kill","Holiday Games",78
"Unforgiven Zoolander","Sleeping Suspects",129
"Unforgiven Zoolander","Outfield Massacre",129
"Unforgiven Zoolander","Music Boondock",129
"Unforgiven Zoolander","Gosford Donnie",129
"Unforgiven Zoolander","Barefoot Manchurian",129
"Unforgiven Zoolander","American Circus",129
"United Pilot","Mission Zoolander",164
"United Pilot","Clerks Angels",164
"Untouchables Sunrise","Rage Games",120
"Untouchables Sunrise","Order Betrayed",120
"Untouchables Sunrise","Lock Rear",120
"Untouchables Sunrise","Karate Moon",120
"Untouchables Sunrise","Dolls Rage",120
"Untouchables Sunrise","Dazed Punk",120
"Untouchables Sunrise","Command Darling",120
"Untouchables Sunrise","Calendar Gunfight",120
"Uprising Uptown","Lights Deer",174
"Uprising Uptown","Jade Bunch",174
"Uprising Uptown","Italian African",174
"Uprising Uptown","Evolution Alter",174
"Uptown Young","Sling Luke",84
"Uptown Young","Savannah Town",84
"Uptown Young","Pluto Oleander",84
"Uptown Young","Packer Madigan",84
"Uptown Young","Jeepers Wedding",84
"Uptown Young","Island Exorcist",84
"Uptown Young","Idols Snatchers",84
"Uptown Young","Honey Ties",84
"Uptown Young","High Encino",84
"Uptown Young","Guys Falcon",84
"Uptown Young","Gone Trouble",84
"Uptown Young","Daisy Menagerie",84
"Usual Untouchables","Papi Necklace",128
"Usual Untouchables","Notorious Reunion",128
"Usual Untouchables","Jedi Beneath",128
"Usual Untouchables","Holes Brannigan",128
"Usual Untouchables","Galaxy Sweethearts",128
"Vacation Boondock","Run Pacific",145
"Vacation Boondock","Rocky War",145
"Vacation Boondock","Paycheck Wait",145
"Vacation Boondock","Nuts Ties",145
"Vacation Boondock","Floats Garden",145
"Valentine Vanishing","Sunset Racer",48
"Valentine Vanishing","Stepmom Dream",48
"Valentine Vanishing","Pelican Comforts",48
"Valentine Vanishing","Paradise Sabrina",48
"Valentine Vanishing","Odds Boogie",48
"Valentine Vanishing","Notting Speakeasy",48
"Valentine Vanishing","Midsummer Groundhog",48
"Valentine Vanishing","Rush Goodfellas",48
"Valentine Vanishing","Heaven Freedom",48
"Valentine Vanishing","Ace Goldfinger",48
"Valley Packer","Streetcar Intentions",73
"Valley Packer","Salute Apollo",73
"Valley Packer","Rebel Airport",73
"Valley Packer","Random Go",73
"Valley Packer","Musketeers Wait",73
"Valley Packer","Godfather Diary",73
"Valley Packer","Frida Slipper",73
"Valley Packer","Brotherhood Blanket",73
"Valley Packer","Bedazzled Married",73
"Valley Packer","Bright Encounters",73
"Vampire Whale","Sinners Atlantis",126
"Vampire Whale","Pajama Jawbreaker",126
"Vampire Whale","Montezuma Command",126
"Vampire Whale","Freaky Pocus",126
"Vampire Whale","Elephant Trojan",126
"Vampire Whale","Alamo Videotape",126
"Vanilla Day","Mighty Luck",122
"Vanilla Day","Illusion Amelie",122
"Vanilla Day","Hours Rage",122
"Vanilla Day","Extraordinary Conquerer",122
"Vanilla Day","Dogma Family",122
"Vanilla Day","Deceiver Betrayed",122
"Vanilla Day","Confused Candles",122
"Vanilla Day","Chicken Hellfighters",122
"Vanilla Day","Betrayed Rear",122
"Vanilla Day","Beach Heartbreakers",122
"Vanished Garden","Tracy Cider",142
"Vanished Garden","Tomorrow Hustler",142
"Vanished Garden","Million Ace",142
"Vanished Garden","Ferris Mother",142
"Vanished Garden","Chill Luck",142
"Vanished Garden","Bikini Borrowers",142
"Vanishing Rocky","Swarm Gold",123
"Vanishing Rocky","Reef Salute",123
"Vanishing Rocky","Mask Peach",123
"Vanishing Rocky","Insects Stone",123
"Vanishing Rocky","Flash Wars",123
"Vanishing Rocky","Breakfast Goldfinger",123
"Varsity Trip","Stage World",85
"Varsity Trip","Oz Liaisons",85
"Varsity Trip","Lola Agent",85
"Varsity Trip","Grail Frankenstein",85
"Varsity Trip","Ghost Groundhog",85
"Varsity Trip","Ending Crowds",85
"Varsity Trip","Egypt Tenenbaums",85
"Varsity Trip","Earth Vision",85
"Varsity Trip","Casablanca Super",85
"Varsity Trip","Canyon Stock",85
"Varsity Trip","Blackout Private",85
"Varsity Trip","Beverly Outlaw",85
"Varsity Trip","Amistad Midsummer",85
"Velvet Terminator","Talented Homicide",173
"Velvet Terminator","Pizza Jumanji",173
"Velvet Terminator","Gladiator Westward",173
"Velvet Terminator","Fire Wolves",173
"Velvet Terminator","Conquerer Nuts",173
"Velvet Terminator","Ballroom Mockingbird",173
"Vertigo Northwest","Secret Groundhog",90
"Vertigo Northwest","Forward Temple",90
"Vertigo Northwest","Circus Youth",90
"Vertigo Northwest","Basic Easy",90
"Victory Academy","Trip Newton",64
"Victory Academy","Taxi Kick",64
"Victory Academy","Sleepless Monsoon",64
"Victory Academy","Novocaine Flight",64
"Victory Academy","Mile Mulan",64
"Victory Academy","Metropolis Coma",64
"Victory Academy","Desert Poseidon",64
"Victory Academy","Craft Outfield",64
"Videotape Arsenic","Vacation Boondock",145
"Videotape Arsenic","Run Pacific",145
"Videotape Arsenic","Rocky War",145
"Videotape Arsenic","Paycheck Wait",145
"Videotape Arsenic","Nuts Ties",145
"Videotape Arsenic","Floats Garden",145
"Vietnam Smoochy","Uprising Uptown",174
"Vietnam Smoochy","Lights Deer",174
"Vietnam Smoochy","Jade Bunch",174
"Vietnam Smoochy","Italian African",174
"Vietnam Smoochy","Evolution Alter",174
"Villain Desperate","Orange Grapes",76
"Villain Desperate","Haunted Antitrust",76
"Villain Desperate","Destination Jerk",76
"Villain Desperate","Desire Alien",76
"Villain Desperate","Comforts Rush",76
"Villain Desperate","Boondock Ballroom",76
"Virgin Daisy","Torque Bound",179
"Virgin Daisy","Texas Watch",179
"Virgin Daisy","Slacker Liaisons",179
"Virgin Daisy","Redemption Comforts",179
"Virgin Daisy","Potluck Mixed",179
"Virgin Daisy","Kick Savannah",179
"Virgin Daisy","Flight Lies",179
"Virgin Daisy","Cause Date",179
"Virgin Daisy","Born Spinal",179
"Virgin Daisy","Casualties Encino",179
"Virgin Daisy","Anonymous Human",179
"Virginian Pluto","United Pilot",164
"Virginian Pluto","Mission Zoolander",164
"Virginian Pluto","Clerks Angels",164
"Virtual Spoilers","Towers Hurricane",144
"Virtual Spoilers","Strictly Scarface",144
"Virtual Spoilers","President Bang",144
"Virtual Spoilers","Pacific Amistad",144
"Virtual Spoilers","Lambs Cincinatti",144
"Virtual Spoilers","Factory Dragon",144
"Virtual Spoilers","Dancing Fever",144
"Vision Torque","Minority Kiss",59
"Vision Torque","Legend Jedi",59
"Vision Torque","Jet Neighbors",59
"Vision Torque","Interview Liaisons",59
"Vision Torque","Heartbreakers Bright",59
"Vision Torque","Daughter Madigan",59
"Vision Torque","Commandments Express",59
"Voice Peach","Traffic Hobbit",139
"Voice Peach","Stranger Strangers",139
"Voice Peach","Shrunk Divine",139
"Voice Peach","Horror Reign",139
"Voice Peach","Hope Tootsie",139
"Voice Peach","Groundhog Uncut",139
"Voice Peach","Dorado Notting",139
"Voice Peach","Creatures Shakespeare",139
"Voice Peach","Clyde Theory",139
"Volcano Texas","Tootsie Pilot",157
"Volcano Texas","Past Suicides",157
"Volcano Texas","Mulholland Beast",157
"Volcano Texas","Independence Hotel",157
"Volcano Texas","Hobbit Alien",157
"Volume House","Trainspotting Strangers",132
"Volume House","Streak Ridgemont",132
"Volume House","Sky Miracle",132
"Volume House","Platoon Instinct",132
"Volume House","Necklace Outbreak",132
"Volume House","Dude Blindness",132
"Volume House","Chocolate Duck",132
"Voyage Legally","Unfaithful Kill",78
"Voyage Legally","Language Cowboy",78
"Voyage Legally","Insider Arizona",78
"Voyage Legally","Holiday Games",78
"Wagon Jaws","Twisted Pirates",152
"Wagon Jaws","Tuxedo Mile",152
"Wagon Jaws","Tourist Pelican",152
"Wagon Jaws","Telemark Heartbreakers",152
"Wagon Jaws","Sister Freddy",152
"Wagon Jaws","Luck Opus",152
"Wagon Jaws","Elizabeth Shane",152
"Wagon Jaws","Center Dinosaur",152
"Wait Cider","Stagecoach Armageddon",112
"Wait Cider","Spy Mile",112
"Wait Cider","Seabiscuit Punk",112
"Wait Cider","Quills Bull",112
"Wait Cider","Jaws Harry",112
"Wait Cider","Forrester Comancheros",112
"Wait Cider","Crusade Honey",112
"Wait Cider","Crowds Telemark",112
"Wait Cider","Conversation Downhill",112
"Wait Cider","Coneheads Smoochy",112
"Wait Cider","Cat Coneheads",112
"Wake Jaws","Valley Packer",73
"Wake Jaws","Streetcar Intentions",73
"Wake Jaws","Salute Apollo",73
"Wake Jaws","Rebel Airport",73
"Wake Jaws","Random Go",73
"Wake Jaws","Musketeers Wait",73
"Wake Jaws","Godfather Diary",73
"Wake Jaws","Frida Slipper",73
"Wake Jaws","Brotherhood Blanket",73
"Wake Jaws","Bedazzled Married",73
"Wake Jaws","Bright Encounters",73
"Walls Artist","Thief Pelican",135
"Walls Artist","Sunrise League",135
"Walls Artist","Sierra Divide",135
"Walls Artist","Money Harold",135
"Walls Artist","Japanese Run",135
"Walls Artist","Indian Love",135
"Walls Artist","Grease Youth",135
"Walls Artist","Dream Pickup",135
"Walls Artist","Candles Grapes",135
"Wanda Chamber","Undefeated Dalmations",107
"Wanda Chamber","Party Knock",107
"Wanda Chamber","Monster Spartacus",107
"Wanda Chamber","Intentions Empire",107
"Wanda Chamber","Hate Handicap",107
"Wanda Chamber","Hanky October",107
"Wanda Chamber","Effect Gladiator",107
"Wanda Chamber","Diary Panic",107
"Wanda Chamber","Chitty Lock",107
"War Notting","Turn Star",80
"War Notting","Shawshank Bubble",80
"War Notting","Sea Virgin",80
"War Notting","Saddle Antitrust",80
"War Notting","Peak Forever",80
"War Notting","Meet Chocolate",80
"War Notting","Loser Hustler",80
"War Notting","Garden Island",80
"War Notting","Flamingos Connecticut",80
"Wardrobe Phantom","Rocketeer Mother",178
"Wardrobe Phantom","Name Detective",178
"Wardrobe Phantom","Madness Attacks",178
"Wardrobe Phantom","Innocent Usual",178
"Wardrobe Phantom","Image Princess",178
"Wardrobe Phantom","Fury Murder",178
"Wardrobe Phantom","Express Lonely",178
"Wardrobe Phantom","Drop Waterfront",178
"Warlock Werewolf","None Spiking",83
"Warlock Werewolf","Moon Bunch",83
"Warlock Werewolf","Hustler Party",83
"Warlock Werewolf","Fugitive Maguire",83
"Warlock Werewolf","Attraction Newton",83
"Wars Pluto","Usual Untouchables",128
"Wars Pluto","Papi Necklace",128
"Wars Pluto","Notorious Reunion",128
"Wars Pluto","Jedi Beneath",128
"Wars Pluto","Holes Brannigan",128
"Wars Pluto","Galaxy Sweethearts",128
"Wash Heavenly","Oleander Clue",161
"Wash Heavenly","Neighbors Charade",161
"Wash Heavenly","Metal Armageddon",161
"Wash Heavenly","Massage Image",161
"Wash Heavenly","Killer Innocent",161
"Wash Heavenly","Gables Metropolis",161
"Wash Heavenly","Daddy Pittsburgh",161
"Wash Heavenly","Brooklyn Desert",161
"Wasteland Divine","Varsity Trip",85
"Wasteland Divine","Stage World",85
"Wasteland Divine","Oz Liaisons",85
"Wasteland Divine","Lola Agent",85
"Wasteland Divine","Grail Frankenstein",85
"Wasteland Divine","Ghost Groundhog",85
"Wasteland Divine","Ending Crowds",85
"Wasteland Divine","Egypt Tenenbaums",85
"Wasteland Divine","Earth Vision",85
"Wasteland Divine","Casablanca Super",85
"Wasteland Divine","Canyon Stock",85
"Wasteland Divine","Blackout Private",85
"Wasteland Divine","Beverly Outlaw",85
"Wasteland Divine","Amistad Midsummer",85
"Watch Tracy","Voyage Legally",78
"Watch Tracy","Unfaithful Kill",78
"Watch Tracy","Language Cowboy",78
"Watch Tracy","Insider Arizona",78
"Watch Tracy","Holiday Games",78
"Waterfront Deliverance","Trouble Date",61
"Waterfront Deliverance","Reservoir Adaptation",61
"Waterfront Deliverance","Polish Brooklyn",61
"Waterfront Deliverance","Drifter Commandments",61
"Waterfront Deliverance","Chinatown Gladiator",61
"Waterfront Deliverance","Cassidy Wyoming",61
"Waterfront Deliverance","Camelot Vacation",61
"Waterfront Deliverance","Bulworth Commandments",61
"Waterfront Deliverance","Birds Perdition",61
"Watership Frontier","Wait Cider",112
"Watership Frontier","Stagecoach Armageddon",112
"Watership Frontier","Spy Mile",112
"Watership Frontier","Seabiscuit Punk",112
"Watership Frontier","Quills Bull",112
"Watership Frontier","Jaws Harry",112
"Watership Frontier","Forrester Comancheros",112
"Watership Frontier","Crusade Honey",112
"Watership Frontier","Crowds Telemark",112
"Watership Frontier","Conversation Downhill",112
"Watership Frontier","Coneheads Smoochy",112
"Watership Frontier","Cat Coneheads",112
"Wedding Apollo","Louisiana Harry",70
"Wedding Apollo","Gunfight Moon",70
"Wedding Apollo","Coldblooded Darling",70
"Wedding Apollo","Clue Grail",70
"Wedding Apollo","Chance Resurrection",70
"Wedding Apollo","Candidate Perdition",70
"Weekend Personal","Splendor Patton",134
"Weekend Personal","Robbery Bright",134
"Weekend Personal","Pittsburgh Hunchback",134
"Weekend Personal","Jungle Closer",134
"Werewolf Lola","Spiking Element",79
"Werewolf Lola","Shock Cabin",79
"Werewolf Lola","Moulin Wake",79
"Werewolf Lola","Ishtar Rocketeer",79
"Werewolf Lola","Amelie Hellfighters",79
"West Lion","Poseidon Forever",159
"West Lion","Newsies Story",159
"West Lion","Malkovich Pet",159
"West Lion","Frankenstein Stranger",159
"West Lion","Driver Annie",159
"Westward Seabiscuit","Trojan Tomorrow",52
"Westward Seabiscuit","Spartacus Cheaper",52
"Westward Seabiscuit","Side Ark",52
"Westward Seabiscuit","Lust Lock",52
"Westward Seabiscuit","Harper Dying",52
"Westward Seabiscuit","Caddyshack Jedi",52
"Whale Bikini","Secrets Paradise",109
"Whale Bikini","Rugrats Shakespeare",109
"Whale Bikini","Park Citizen",109
"Whale Bikini","Panther Reds",109
"Whale Bikini","House Dynamite",109
"Whale Bikini","Coma Head",109
"Whisperer Giant","Vision Torque",59
"Whisperer Giant","Minority Kiss",59
"Whisperer Giant","Legend Jedi",59
"Whisperer Giant","Jet Neighbors",59
"Whisperer Giant","Interview Liaisons",59
"Whisperer Giant","Heartbreakers Bright",59
"Whisperer Giant","Daughter Madigan",59
"Whisperer Giant","Commandments Express",59
"Wife Turn","Scalawag Duck",183
"Wife Turn","Frontier Cabin",183
"Wife Turn","Catch Amistad",183
"Wild Apollo","Star Operation",181
"Wild Apollo","Runaway Tenenbaums",181
"Wild Apollo","Love Suicides",181
"Wild Apollo","Lawless Vision",181
"Wild Apollo","Jacket Frisco",181
"Wild Apollo","Intrigue Worst",181
"Wild Apollo","Hotel Happiness",181
"Wild Apollo","Haunting Pianist",181
"Wild Apollo","Analyze Hoosiers",181
"Willow Tracy","Sleepy Japanese",137
"Willow Tracy","Scorpion Apollo",137
"Willow Tracy","Pollock Deliverance",137
"Willow Tracy","Philadelphia Wife",137
"Willow Tracy","Lose Inch",137
"Willow Tracy","Life Twisted",137
"Willow Tracy","Grit Clockwork",137
"Willow Tracy","Arsenic Independence",137
"Wind Phantom","Ties Hunger",111
"Wind Phantom","Suit Walls",111
"Wind Phantom","Siege Madre",111
"Wind Phantom","Groove Fiction",111
"Wind Phantom","Frogmen Breaking",111
"Window Side","Wasteland Divine",85
"Window Side","Varsity Trip",85
"Window Side","Stage World",85
"Window Side","Oz Liaisons",85
"Window Side","Lola Agent",85
"Window Side","Grail Frankenstein",85
"Window Side","Ghost Groundhog",85
"Window Side","Ending Crowds",85
"Window Side","Egypt Tenenbaums",85
"Window Side","Earth Vision",85
"Window Side","Casablanca Super",85
"Window Side","Canyon Stock",85
"Window Side","Blackout Private",85
"Window Side","Beverly Outlaw",85
"Window Side","Amistad Midsummer",85
"Wisdom Worker","Sensibility Rear",98
"Wisdom Worker","Prejudice Oleander",98
"Wisdom Worker","Madre Gables",98
"Wisdom Worker","Lost Bird",98
"Wisdom Worker","Feud Frogmen",98
"Wisdom Worker","Earring Instinct",98
"Wisdom Worker","Bound Cheaper",98
"Witches Panic","Punk Divorce",100
"Witches Panic","Pirates Roxanne",100
"Witches Panic","Hyde Doctor",100
"Witches Panic","Happiness United",100
"Witches Panic","Gun Bonnie",100
"Witches Panic","Flatliners Killer",100
"Witches Panic","Divine Resurrection",100
"Witches Panic","Deliverance Mulholland",100
"Witches Panic","Bilko Anonymous",100
"Witches Panic","Behavior Runaway",100
"Wizard Coldblooded","Stampede Disturbing",75
"Wizard Coldblooded","Satisfaction Confidential",75
"Wizard Coldblooded","Newton Labyrinth",75
"Wizard Coldblooded","Network Peak",75
"Wizard Coldblooded","Lover Truman",75
"Wizard Coldblooded","Hellfighters Sierra",75
"Wizard Coldblooded","Fiddler Lost",75
"Wizard Coldblooded","California Birds",75
"Wizard Coldblooded","Balloon Homeward",75
"Wolves Desire","Coast Rainbow",55
"Women Dorado","Vampire Whale",126
"Women Dorado","Sinners Atlantis",126
"Women Dorado","Pajama Jawbreaker",126
"Women Dorado","Montezuma Command",126
"Women Dorado","Freaky Pocus",126
"Women Dorado","Elephant Trojan",126
"Women Dorado","Alamo Videotape",126
"Won Dares","Mob Duffel",105
"Won Dares","Microcosmos Paradise",105
"Won Dares","Joon Northwest",105
"Won Dares","Hunger Roof",105
"Wonderful Drop","Women Dorado",126
"Wonderful Drop","Vampire Whale",126
"Wonderful Drop","Sinners Atlantis",126
"Wonderful Drop","Pajama Jawbreaker",126
"Wonderful Drop","Montezuma Command",126
"Wonderful Drop","Freaky Pocus",126
"Wonderful Drop","Elephant Trojan",126
"Wonderful Drop","Alamo Videotape",126
"Wonderland Christmas","Wind Phantom",111
"Wonderland Christmas","Ties Hunger",111
"Wonderland Christmas","Suit Walls",111
"Wonderland Christmas","Siege Madre",111
"Wonderland Christmas","Groove Fiction",111
"Wonderland Christmas","Frogmen Breaking",111
"Wonka Sea","Window Side",85
"Wonka Sea","Wasteland Divine",85
"Wonka Sea","Varsity Trip",85
"Wonka Sea","Stage World",85
"Wonka Sea","Oz Liaisons",85
"Wonka Sea","Lola Agent",85
"Wonka Sea","Grail Frankenstein",85
"Wonka Sea","Ghost Groundhog",85
"Wonka Sea","Ending Crowds",85
"Wonka Sea","Egypt Tenenbaums",85
"Wonka Sea","Earth Vision",85
"Wonka Sea","Casablanca Super",85
"Wonka Sea","Canyon Stock",85
"Wonka Sea","Blackout Private",85
"Wonka Sea","Beverly Outlaw",85
"Wonka Sea","Amistad Midsummer",85
"Words Hunter","Madigan Dorado",116
"Words Hunter","Instinct Airport",116
"Words Hunter","Duck Racer",116
"Worker Tarzan","Voice Peach",139
"Worker Tarzan","Traffic Hobbit",139
"Worker Tarzan","Stranger Strangers",139
"Worker Tarzan","Shrunk Divine",139
"Worker Tarzan","Horror Reign",139
"Worker Tarzan","Hope Tootsie",139
"Worker Tarzan","Groundhog Uncut",139
"Worker Tarzan","Dorado Notting",139
"Worker Tarzan","Creatures Shakespeare",139
"Worker Tarzan","Clyde Theory",139
"Working Microcosmos","Teen Apollo",74
"Working Microcosmos","Snatchers Montezuma",74
"Working Microcosmos","Silverado Goldfinger",74
"Working Microcosmos","Rainbow Shock",74
"Working Microcosmos","Pearl Destiny",74
"Working Microcosmos","Modern Dorado",74
"Working Microcosmos","Maguire Apache",74
"Working Microcosmos","Luke Mummy",74
"Working Microcosmos","Jumping Wrath",74
"Working Microcosmos","Informer Double",74
"Working Microcosmos","Angels Life",74
"World Leathernecks","Tramp Others",171
"World Leathernecks","Roxanne Rebel",171
"World Leathernecks","Moonshine Cabin",171
"World Leathernecks","Magnolia Forrester",171
"World Leathernecks","Kramer Chocolate",171
"World Leathernecks","Jericho Mulan",171
"World Leathernecks","Duffel Apocalypse",171
"Worst Banger","Sweet Brotherhood",185
"Worst Banger","Soldiers Evolution",185
"Worst Banger","Pond Seattle",185
"Worst Banger","Muscle Bright",185
"Worst Banger","Home Pity",185
"Worst Banger","Gangs Pride",185
"Worst Banger","Darn Forrester",185
"Worst Banger","Control Anthem",185
"Worst Banger","Chicago North",185
"Wrath Mile","Sweden Shining",176
"Wrath Mile","Hoosiers Birdcage",176
"Wrath Mile","Greek Everyone",176
"Wrath Mile","Gathering Calendar",176
"Wrath Mile","Entrapment Satisfaction",176
"Wrath Mile","Dracula Crystal",176
"Wrath Mile","Cyclone Family",176
"Wrath Mile","Caper Motions",176
"Wrath Mile","Braveheart Human",176
"Wrong Behavior","Wardrobe Phantom",178
"Wrong Behavior","Rocketeer Mother",178
"Wrong Behavior","Name Detective",178
"Wrong Behavior","Madness Attacks",178
"Wrong Behavior","Innocent Usual",178
"Wrong Behavior","Image Princess",178
"Wrong Behavior","Fury Murder",178
"Wrong Behavior","Express Lonely",178
"Wrong Behavior","Drop Waterfront",178
"Wyoming Storm","Witches Panic",100
"Wyoming Storm","Punk Divorce",100
"Wyoming Storm","Pirates Roxanne",100
"Wyoming Storm","Hyde Doctor",100
"Wyoming Storm","Happiness United",100
"Wyoming Storm","Gun Bonnie",100
"Wyoming Storm","Flatliners Killer",100
"Wyoming Storm","Divine Resurrection",100
"Wyoming Storm","Deliverance Mulholland",100
"Wyoming Storm","Bilko Anonymous",100
"Wyoming Storm","Behavior Runaway",100
"Yentl Idaho","Midnight Westward",86
"Yentl Idaho","Gandhi Kwai",86
"Yentl Idaho","Annie Identity",86
"Yentl Idaho","Academy Dinosaur",86
"Young Language","Wife Turn",183
"Young Language","Scalawag Duck",183
"Young Language","Frontier Cabin",183
"Young Language","Catch Amistad",183
"Youth Kick","Virgin Daisy",179
"Youth Kick","Torque Bound",179
"Youth Kick","Texas Watch",179
"Youth Kick","Slacker Liaisons",179
"Youth Kick","Redemption Comforts",179
"Youth Kick","Potluck Mixed",179
"Youth Kick","Kick Savannah",179
"Youth Kick","Flight Lies",179
"Youth Kick","Cause Date",179
"Youth Kick","Born Spinal",179
"Youth Kick","Casualties Encino",179
"Youth Kick","Anonymous Human",179
"Zhivago Core","Won Dares",105
"Zhivago Core","Mob Duffel",105
"Zhivago Core","Microcosmos Paradise",105
"Zhivago Core","Joon Northwest",105
"Zhivago Core","Hunger Roof",105
"Zoolander Fiction","Runner Madigan",101
"Zoolander Fiction","Roof Champion",101
"Zoolander Fiction","Ghostbusters Elf",101
"Zoolander Fiction","Dwarfs Alter",101
"Zoolander Fiction","Cider Desire",101
"Zoolander Fiction","Chocolat Harry",101
"Zorro Ark","Smoking Barbarella",50
"Zorro Ark","Pilot Hoosiers",50
"Zorro Ark","Natural Stock",50
"Zorro Ark","Muppet Mile",50
"Zorro Ark","Lion Uncut",50
"Zorro Ark","Crossing Divorce",50
"Zorro Ark","Blues Instinct",50
"Zorro Ark","Adaptation Holes",50
